INFO:     Started server process [13620]
INFO:     Waiting for application startup.
INFO:     Application startup complete.
INFO:     Uvicorn running on http://127.0.0.1:8000 (Press CTRL+C to quit)
ERROR:    Exception in ASGI application
  + Exception Group Traceback (most recent call last):
  |   File "C:\Users\Phenomenal\AppData\Local\Programs\Python\Python312\Lib\site-packages\starlette\_utils.py", line 87, in collapse_excgroups
  |     yield
  |   File "C:\Users\Phenomenal\AppData\Local\Programs\Python\Python312\Lib\site-packages\starlette\middleware\base.py", line 190, in __call__
  |     async with anyio.create_task_group() as task_group:
  |   File "C:\Users\Phenomenal\AppData\Local\Programs\Python\Python312\Lib\site-packages\anyio\_backends\_asyncio.py", line 799, in __aexit__
  |     raise BaseExceptionGroup(
  | ExceptionGroup: unhandled errors in a TaskGroup (1 sub-exception)
  +-+---------------- 1 ----------------
    | Traceback (most recent call last):
    |   File "C:\Users\Phenomenal\AppData\Local\Programs\Python\Python312\Lib\site-packages\uvicorn\protocols\http\httptools_impl.py", line 411, in run_asgi
    |     result = await app(  # type: ignore[func-returns-value]
    |              ^^^^^^^^^^^^^^^^^^^^^^^^^^^^^^^^^^^^^^^^^^^^^^
    |   File "C:\Users\Phenomenal\AppData\Local\Programs\Python\Python312\Lib\site-packages\uvicorn\middleware\proxy_headers.py", line 69, in __call__
    |     return await self.app(scope, receive, send)
    |            ^^^^^^^^^^^^^^^^^^^^^^^^^^^^^^^^^^^^
    |   File "C:\Users\Phenomenal\AppData\Local\Programs\Python\Python312\Lib\site-packages\fastapi\applications.py", line 1054, in __call__
    |     await super().__call__(scope, receive, send)
    |   File "C:\Users\Phenomenal\AppData\Local\Programs\Python\Python312\Lib\site-packages\starlette\applications.py", line 123, in __call__
    |     await self.middleware_stack(scope, receive, send)
    |   File "C:\Users\Phenomenal\AppData\Local\Programs\Python\Python312\Lib\site-packages\starlette\middleware\errors.py", line 186, in __call__
    |     raise exc
    |   File "C:\Users\Phenomenal\AppData\Local\Programs\Python\Python312\Lib\site-packages\starlette\middleware\errors.py", line 164, in __call__
    |     await self.app(scope, receive, _send)
    |   File "C:\Users\Phenomenal\AppData\Local\Programs\Python\Python312\Lib\site-packages\starlette\middleware\base.py", line 189, in __call__
    |     with collapse_excgroups():
    |   File "C:\Users\Phenomenal\AppData\Local\Programs\Python\Python312\Lib\contextlib.py", line 155, in __exit__
    |     self.gen.throw(value)
    |   File "C:\Users\Phenomenal\AppData\Local\Programs\Python\Python312\Lib\site-packages\starlette\_utils.py", line 93, in collapse_excgroups
    |     raise exc
    |   File "C:\Users\Phenomenal\AppData\Local\Programs\Python\Python312\Lib\site-packages\starlette\middleware\base.py", line 191, in __call__
    |     response = await self.dispatch_func(request, call_next)
    |                ^^^^^^^^^^^^^^^^^^^^^^^^^^^^^^^^^^^^^^^^^^^^
    |   File "C:\Users\Phenomenal\Desktop\Pickbook\app\main.py", line 94, in security_headers
    |     response = await call_next(request)
    |                ^^^^^^^^^^^^^^^^^^^^^^^^
    |   File "C:\Users\Phenomenal\AppData\Local\Programs\Python\Python312\Lib\site-packages\starlette\middleware\base.py", line 165, in call_next
    |     raise app_exc
    |   File "C:\Users\Phenomenal\AppData\Local\Programs\Python\Python312\Lib\site-packages\starlette\middleware\base.py", line 151, in coro
    |     await self.app(scope, receive_or_disconnect, send_no_error)
    |   File "C:\Users\Phenomenal\AppData\Local\Programs\Python\Python312\Lib\site-packages\starlette\middleware\cors.py", line 93, in __call__
    |     await self.simple_response(scope, receive, send, request_headers=headers)
    |   File "C:\Users\Phenomenal\AppData\Local\Programs\Python\Python312\Lib\site-packages\starlette\middleware\cors.py", line 148, in simple_response
    |     await self.app(scope, receive, send)
    |   File "C:\Users\Phenomenal\AppData\Local\Programs\Python\Python312\Lib\site-packages\starlette\middleware\exceptions.py", line 65, in __call__
    |     await wrap_app_handling_exceptions(self.app, conn)(scope, receive, send)
    |   File "C:\Users\Phenomenal\AppData\Local\Programs\Python\Python312\Lib\site-packages\starlette\_exception_handler.py", line 64, in wrapped_app
    |     raise exc
    |   File "C:\Users\Phenomenal\AppData\Local\Programs\Python\Python312\Lib\site-packages\starlette\_exception_handler.py", line 53, in wrapped_app
    |     await app(scope, receive, sender)
    |   File "C:\Users\Phenomenal\AppData\Local\Programs\Python\Python312\Lib\site-packages\starlette\routing.py", line 756, in __call__
    |     await self.middleware_stack(scope, receive, send)
    |   File "C:\Users\Phenomenal\AppData\Local\Programs\Python\Python312\Lib\site-packages\starlette\routing.py", line 776, in app
    |     await route.handle(scope, receive, send)
    |   File "C:\Users\Phenomenal\AppData\Local\Programs\Python\Python312\Lib\site-packages\starlette\routing.py", line 297, in handle
    |     await self.app(scope, receive, send)
    |   File "C:\Users\Phenomenal\AppData\Local\Programs\Python\Python312\Lib\site-packages\starlette\routing.py", line 77, in app
    |     await wrap_app_handling_exceptions(app, request)(scope, receive, send)
    |   File "C:\Users\Phenomenal\AppData\Local\Programs\Python\Python312\Lib\site-packages\starlette\_exception_handler.py", line 64, in wrapped_app
    |     raise exc
    |   File "C:\Users\Phenomenal\AppData\Local\Programs\Python\Python312\Lib\site-packages\starlette\_exception_handler.py", line 53, in wrapped_app
    |     await app(scope, receive, sender)
    |   File "C:\Users\Phenomenal\AppData\Local\Programs\Python\Python312\Lib\site-packages\starlette\routing.py", line 72, in app
    |     response = await func(request)
    |                ^^^^^^^^^^^^^^^^^^^
    |   File "C:\Users\Phenomenal\AppData\Local\Programs\Python\Python312\Lib\site-packages\fastapi\routing.py", line 278, in app
    |     raw_response = await run_endpoint_function(
    |                    ^^^^^^^^^^^^^^^^^^^^^^^^^^^^
    |   File "C:\Users\Phenomenal\AppData\Local\Programs\Python\Python312\Lib\site-packages\fastapi\routing.py", line 193, in run_endpoint_function
    |     return await run_in_threadpool(dependant.call, **values)
    |            ^^^^^^^^^^^^^^^^^^^^^^^^^^^^^^^^^^^^^^^^^^^^^^^^^
    |   File "C:\Users\Phenomenal\AppData\Local\Programs\Python\Python312\Lib\site-packages\starlette\concurrency.py", line 42, in run_in_threadpool
    |     return await anyio.to_thread.run_sync(func, *args)
    |            ^^^^^^^^^^^^^^^^^^^^^^^^^^^^^^^^^^^^^^^^^^^
    |   File "C:\Users\Phenomenal\AppData\Local\Programs\Python\Python312\Lib\site-packages\anyio\to_thread.py", line 63, in run_sync
    |     return await get_async_backend().run_sync_in_worker_thread(
    |            ^^^^^^^^^^^^^^^^^^^^^^^^^^^^^^^^^^^^^^^^^^^^^^^^^^^^
    |   File "C:\Users\Phenomenal\AppData\Local\Programs\Python\Python312\Lib\site-packages\anyio\_backends\_asyncio.py", line 2518, in run_sync_in_worker_thread
    |     return await future
    |            ^^^^^^^^^^^^
    |   File "C:\Users\Phenomenal\AppData\Local\Programs\Python\Python312\Lib\site-packages\anyio\_backends\_asyncio.py", line 1002, in run
    |     result = context.run(func, *args)
    |              ^^^^^^^^^^^^^^^^^^^^^^^^
    |   File "C:\Users\Phenomenal\AppData\Local\Programs\Python\Python312\Lib\site-packages\slowapi\extension.py", line 766, in sync_wrapper
    |     response = func(*args, **kwargs)
    |                ^^^^^^^^^^^^^^^^^^^^^
    |   File "C:\Users\Phenomenal\Desktop\Pickbook\app\admin\routes.py", line 351, in create_announcement
    |     return _announcement_row(row)
    |            ^^^^^^^^^^^^^^^^^^^^^^
    |   File "C:\Users\Phenomenal\Desktop\Pickbook\app\admin\routes.py", line 209, in _announcement_row
    |     row.publish_at <= _now()
    | TypeError: can't compare offset-naive and offset-aware datetimes
    +------------------------------------

During handling of the above exception, another exception occurred:

Traceback (most recent call last):
  File "C:\Users\Phenomenal\AppData\Local\Programs\Python\Python312\Lib\site-packages\uvicorn\protocols\http\httptools_impl.py", line 411, in run_asgi
    result = await app(  # type: ignore[func-returns-value]
             ^^^^^^^^^^^^^^^^^^^^^^^^^^^^^^^^^^^^^^^^^^^^^^
  File "C:\Users\Phenomenal\AppData\Local\Programs\Python\Python312\Lib\site-packages\uvicorn\middleware\proxy_headers.py", line 69, in __call__
    return await self.app(scope, receive, send)
           ^^^^^^^^^^^^^^^^^^^^^^^^^^^^^^^^^^^^
  File "C:\Users\Phenomenal\AppData\Local\Programs\Python\Python312\Lib\site-packages\fastapi\applications.py", line 1054, in __call__
    await super().__call__(scope, receive, send)
  File "C:\Users\Phenomenal\AppData\Local\Programs\Python\Python312\Lib\site-packages\starlette\applications.py", line 123, in __call__
    await self.middleware_stack(scope, receive, send)
  File "C:\Users\Phenomenal\AppData\Local\Programs\Python\Python312\Lib\site-packages\starlette\middleware\errors.py", line 186, in __call__
    raise exc
  File "C:\Users\Phenomenal\AppData\Local\Programs\Python\Python312\Lib\site-packages\starlette\middleware\errors.py", line 164, in __call__
    await self.app(scope, receive, _send)
  File "C:\Users\Phenomenal\AppData\Local\Programs\Python\Python312\Lib\site-packages\starlette\middleware\base.py", line 189, in __call__
    with collapse_excgroups():
  File "C:\Users\Phenomenal\AppData\Local\Programs\Python\Python312\Lib\contextlib.py", line 155, in __exit__
    self.gen.throw(value)
  File "C:\Users\Phenomenal\AppData\Local\Programs\Python\Python312\Lib\site-packages\starlette\_utils.py", line 93, in collapse_excgroups
    raise exc
  File "C:\Users\Phenomenal\AppData\Local\Programs\Python\Python312\Lib\site-packages\starlette\middleware\base.py", line 191, in __call__
    response = await self.dispatch_func(request, call_next)
               ^^^^^^^^^^^^^^^^^^^^^^^^^^^^^^^^^^^^^^^^^^^^
  File "C:\Users\Phenomenal\Desktop\Pickbook\app\main.py", line 94, in security_headers
    response = await call_next(request)
               ^^^^^^^^^^^^^^^^^^^^^^^^
  File "C:\Users\Phenomenal\AppData\Local\Programs\Python\Python312\Lib\site-packages\starlette\middleware\base.py", line 165, in call_next
    raise app_exc
  File "C:\Users\Phenomenal\AppData\Local\Programs\Python\Python312\Lib\site-packages\starlette\middleware\base.py", line 151, in coro
    await self.app(scope, receive_or_disconnect, send_no_error)
  File "C:\Users\Phenomenal\AppData\Local\Programs\Python\Python312\Lib\site-packages\starlette\middleware\cors.py", line 93, in __call__
    await self.simple_response(scope, receive, send, request_headers=headers)
  File "C:\Users\Phenomenal\AppData\Local\Programs\Python\Python312\Lib\site-packages\starlette\middleware\cors.py", line 148, in simple_response
    await self.app(scope, receive, send)
  File "C:\Users\Phenomenal\AppData\Local\Programs\Python\Python312\Lib\site-packages\starlette\middleware\exceptions.py", line 65, in __call__
    await wrap_app_handling_exceptions(self.app, conn)(scope, receive, send)
  File "C:\Users\Phenomenal\AppData\Local\Programs\Python\Python312\Lib\site-packages\starlette\_exception_handler.py", line 64, in wrapped_app
    raise exc
  File "C:\Users\Phenomenal\AppData\Local\Programs\Python\Python312\Lib\site-packages\starlette\_exception_handler.py", line 53, in wrapped_app
    await app(scope, receive, sender)
  File "C:\Users\Phenomenal\AppData\Local\Programs\Python\Python312\Lib\site-packages\starlette\routing.py", line 756, in __call__
    await self.middleware_stack(scope, receive, send)
  File "C:\Users\Phenomenal\AppData\Local\Programs\Python\Python312\Lib\site-packages\starlette\routing.py", line 776, in app
    await route.handle(scope, receive, send)
  File "C:\Users\Phenomenal\AppData\Local\Programs\Python\Python312\Lib\site-packages\starlette\routing.py", line 297, in handle
    await self.app(scope, receive, send)
  File "C:\Users\Phenomenal\AppData\Local\Programs\Python\Python312\Lib\site-packages\starlette\routing.py", line 77, in app
    await wrap_app_handling_exceptions(app, request)(scope, receive, send)
  File "C:\Users\Phenomenal\AppData\Local\Programs\Python\Python312\Lib\site-packages\starlette\_exception_handler.py", line 64, in wrapped_app
    raise exc
  File "C:\Users\Phenomenal\AppData\Local\Programs\Python\Python312\Lib\site-packages\starlette\_exception_handler.py", line 53, in wrapped_app
    await app(scope, receive, sender)
  File "C:\Users\Phenomenal\AppData\Local\Programs\Python\Python312\Lib\site-packages\starlette\routing.py", line 72, in app
    response = await func(request)
               ^^^^^^^^^^^^^^^^^^^
  File "C:\Users\Phenomenal\AppData\Local\Programs\Python\Python312\Lib\site-packages\fastapi\routing.py", line 278, in app
    raw_response = await run_endpoint_function(
                   ^^^^^^^^^^^^^^^^^^^^^^^^^^^^
  File "C:\Users\Phenomenal\AppData\Local\Programs\Python\Python312\Lib\site-packages\fastapi\routing.py", line 193, in run_endpoint_function
    return await run_in_threadpool(dependant.call, **values)
           ^^^^^^^^^^^^^^^^^^^^^^^^^^^^^^^^^^^^^^^^^^^^^^^^^
  File "C:\Users\Phenomenal\AppData\Local\Programs\Python\Python312\Lib\site-packages\starlette\concurrency.py", line 42, in run_in_threadpool
    return await anyio.to_thread.run_sync(func, *args)
           ^^^^^^^^^^^^^^^^^^^^^^^^^^^^^^^^^^^^^^^^^^^
  File "C:\Users\Phenomenal\AppData\Local\Programs\Python\Python312\Lib\site-packages\anyio\to_thread.py", line 63, in run_sync
    return await get_async_backend().run_sync_in_worker_thread(
           ^^^^^^^^^^^^^^^^^^^^^^^^^^^^^^^^^^^^^^^^^^^^^^^^^^^^
  File "C:\Users\Phenomenal\AppData\Local\Programs\Python\Python312\Lib\site-packages\anyio\_backends\_asyncio.py", line 2518, in run_sync_in_worker_thread
    return await future
           ^^^^^^^^^^^^
  File "C:\Users\Phenomenal\AppData\Local\Programs\Python\Python312\Lib\site-packages\anyio\_backends\_asyncio.py", line 1002, in run
    result = context.run(func, *args)
             ^^^^^^^^^^^^^^^^^^^^^^^^
  File "C:\Users\Phenomenal\AppData\Local\Programs\Python\Python312\Lib\site-packages\slowapi\extension.py", line 766, in sync_wrapper
    response = func(*args, **kwargs)
               ^^^^^^^^^^^^^^^^^^^^^
  File "C:\Users\Phenomenal\Desktop\Pickbook\app\admin\routes.py", line 351, in create_announcement
    return _announcement_row(row)
           ^^^^^^^^^^^^^^^^^^^^^^
  File "C:\Users\Phenomenal\Desktop\Pickbook\app\admin\routes.py", line 209, in _announcement_row
    row.publish_at <= _now()
TypeError: can't compare offset-naive and offset-aware datetimes
ERROR:    Exception in ASGI application
  + Exception Group Traceback (most recent call last):
  |   File "C:\Users\Phenomenal\AppData\Local\Programs\Python\Python312\Lib\site-packages\starlette\_utils.py", line 87, in collapse_excgroups
  |     yield
  |   File "C:\Users\Phenomenal\AppData\Local\Programs\Python\Python312\Lib\site-packages\starlette\middleware\base.py", line 190, in __call__
  |     async with anyio.create_task_group() as task_group:
  |   File "C:\Users\Phenomenal\AppData\Local\Programs\Python\Python312\Lib\site-packages\anyio\_backends\_asyncio.py", line 799, in __aexit__
  |     raise BaseExceptionGroup(
  | ExceptionGroup: unhandled errors in a TaskGroup (1 sub-exception)
  +-+---------------- 1 ----------------
    | Traceback (most recent call last):
    |   File "C:\Users\Phenomenal\AppData\Local\Programs\Python\Python312\Lib\site-packages\uvicorn\protocols\http\httptools_impl.py", line 411, in run_asgi
    |     result = await app(  # type: ignore[func-returns-value]
    |              ^^^^^^^^^^^^^^^^^^^^^^^^^^^^^^^^^^^^^^^^^^^^^^
    |   File "C:\Users\Phenomenal\AppData\Local\Programs\Python\Python312\Lib\site-packages\uvicorn\middleware\proxy_headers.py", line 69, in __call__
    |     return await self.app(scope, receive, send)
    |            ^^^^^^^^^^^^^^^^^^^^^^^^^^^^^^^^^^^^
    |   File "C:\Users\Phenomenal\AppData\Local\Programs\Python\Python312\Lib\site-packages\fastapi\applications.py", line 1054, in __call__
    |     await super().__call__(scope, receive, send)
    |   File "C:\Users\Phenomenal\AppData\Local\Programs\Python\Python312\Lib\site-packages\starlette\applications.py", line 123, in __call__
    |     await self.middleware_stack(scope, receive, send)
    |   File "C:\Users\Phenomenal\AppData\Local\Programs\Python\Python312\Lib\site-packages\starlette\middleware\errors.py", line 186, in __call__
    |     raise exc
    |   File "C:\Users\Phenomenal\AppData\Local\Programs\Python\Python312\Lib\site-packages\starlette\middleware\errors.py", line 164, in __call__
    |     await self.app(scope, receive, _send)
    |   File "C:\Users\Phenomenal\AppData\Local\Programs\Python\Python312\Lib\site-packages\starlette\middleware\base.py", line 189, in __call__
    |     with collapse_excgroups():
    |   File "C:\Users\Phenomenal\AppData\Local\Programs\Python\Python312\Lib\contextlib.py", line 155, in __exit__
    |     self.gen.throw(value)
    |   File "C:\Users\Phenomenal\AppData\Local\Programs\Python\Python312\Lib\site-packages\starlette\_utils.py", line 93, in collapse_excgroups
    |     raise exc
    |   File "C:\Users\Phenomenal\AppData\Local\Programs\Python\Python312\Lib\site-packages\starlette\middleware\base.py", line 191, in __call__
    |     response = await self.dispatch_func(request, call_next)
    |                ^^^^^^^^^^^^^^^^^^^^^^^^^^^^^^^^^^^^^^^^^^^^
    |   File "C:\Users\Phenomenal\Desktop\Pickbook\app\main.py", line 94, in security_headers
    |     response = await call_next(request)
    |                ^^^^^^^^^^^^^^^^^^^^^^^^
    |   File "C:\Users\Phenomenal\AppData\Local\Programs\Python\Python312\Lib\site-packages\starlette\middleware\base.py", line 165, in call_next
    |     raise app_exc
    |   File "C:\Users\Phenomenal\AppData\Local\Programs\Python\Python312\Lib\site-packages\starlette\middleware\base.py", line 151, in coro
    |     await self.app(scope, receive_or_disconnect, send_no_error)
    |   File "C:\Users\Phenomenal\AppData\Local\Programs\Python\Python312\Lib\site-packages\starlette\middleware\cors.py", line 93, in __call__
    |     await self.simple_response(scope, receive, send, request_headers=headers)
    |   File "C:\Users\Phenomenal\AppData\Local\Programs\Python\Python312\Lib\site-packages\starlette\middleware\cors.py", line 148, in simple_response
    |     await self.app(scope, receive, send)
    |   File "C:\Users\Phenomenal\AppData\Local\Programs\Python\Python312\Lib\site-packages\starlette\middleware\exceptions.py", line 65, in __call__
    |     await wrap_app_handling_exceptions(self.app, conn)(scope, receive, send)
    |   File "C:\Users\Phenomenal\AppData\Local\Programs\Python\Python312\Lib\site-packages\starlette\_exception_handler.py", line 64, in wrapped_app
    |     raise exc
    |   File "C:\Users\Phenomenal\AppData\Local\Programs\Python\Python312\Lib\site-packages\starlette\_exception_handler.py", line 53, in wrapped_app
    |     await app(scope, receive, sender)
    |   File "C:\Users\Phenomenal\AppData\Local\Programs\Python\Python312\Lib\site-packages\starlette\routing.py", line 756, in __call__
    |     await self.middleware_stack(scope, receive, send)
    |   File "C:\Users\Phenomenal\AppData\Local\Programs\Python\Python312\Lib\site-packages\starlette\routing.py", line 776, in app
    |     await route.handle(scope, receive, send)
    |   File "C:\Users\Phenomenal\AppData\Local\Programs\Python\Python312\Lib\site-packages\starlette\routing.py", line 297, in handle
    |     await self.app(scope, receive, send)
    |   File "C:\Users\Phenomenal\AppData\Local\Programs\Python\Python312\Lib\site-packages\starlette\routing.py", line 77, in app
    |     await wrap_app_handling_exceptions(app, request)(scope, receive, send)
    |   File "C:\Users\Phenomenal\AppData\Local\Programs\Python\Python312\Lib\site-packages\starlette\_exception_handler.py", line 64, in wrapped_app
    |     raise exc
    |   File "C:\Users\Phenomenal\AppData\Local\Programs\Python\Python312\Lib\site-packages\starlette\_exception_handler.py", line 53, in wrapped_app
    |     await app(scope, receive, sender)
    |   File "C:\Users\Phenomenal\AppData\Local\Programs\Python\Python312\Lib\site-packages\starlette\routing.py", line 72, in app
    |     response = await func(request)
    |                ^^^^^^^^^^^^^^^^^^^
    |   File "C:\Users\Phenomenal\AppData\Local\Programs\Python\Python312\Lib\site-packages\fastapi\routing.py", line 278, in app
    |     raw_response = await run_endpoint_function(
    |                    ^^^^^^^^^^^^^^^^^^^^^^^^^^^^
    |   File "C:\Users\Phenomenal\AppData\Local\Programs\Python\Python312\Lib\site-packages\fastapi\routing.py", line 193, in run_endpoint_function
    |     return await run_in_threadpool(dependant.call, **values)
    |            ^^^^^^^^^^^^^^^^^^^^^^^^^^^^^^^^^^^^^^^^^^^^^^^^^
    |   File "C:\Users\Phenomenal\AppData\Local\Programs\Python\Python312\Lib\site-packages\starlette\concurrency.py", line 42, in run_in_threadpool
    |     return await anyio.to_thread.run_sync(func, *args)
    |            ^^^^^^^^^^^^^^^^^^^^^^^^^^^^^^^^^^^^^^^^^^^
    |   File "C:\Users\Phenomenal\AppData\Local\Programs\Python\Python312\Lib\site-packages\anyio\to_thread.py", line 63, in run_sync
    |     return await get_async_backend().run_sync_in_worker_thread(
    |            ^^^^^^^^^^^^^^^^^^^^^^^^^^^^^^^^^^^^^^^^^^^^^^^^^^^^
    |   File "C:\Users\Phenomenal\AppData\Local\Programs\Python\Python312\Lib\site-packages\anyio\_backends\_asyncio.py", line 2518, in run_sync_in_worker_thread
    |     return await future
    |            ^^^^^^^^^^^^
    |   File "C:\Users\Phenomenal\AppData\Local\Programs\Python\Python312\Lib\site-packages\anyio\_backends\_asyncio.py", line 1002, in run
    |     result = context.run(func, *args)
    |              ^^^^^^^^^^^^^^^^^^^^^^^^
    |   File "C:\Users\Phenomenal\AppData\Local\Programs\Python\Python312\Lib\site-packages\slowapi\extension.py", line 766, in sync_wrapper
    |     response = func(*args, **kwargs)
    |                ^^^^^^^^^^^^^^^^^^^^^
    |   File "C:\Users\Phenomenal\Desktop\Pickbook\app\admin\routes.py", line 351, in create_announcement
    |     return _announcement_row(row)
    |            ^^^^^^^^^^^^^^^^^^^^^^
    |   File "C:\Users\Phenomenal\Desktop\Pickbook\app\admin\routes.py", line 209, in _announcement_row
    |     row.publish_at <= _now()
    | TypeError: can't compare offset-naive and offset-aware datetimes
    +------------------------------------

During handling of the above exception, another exception occurred:

Traceback (most recent call last):
  File "C:\Users\Phenomenal\AppData\Local\Programs\Python\Python312\Lib\site-packages\uvicorn\protocols\http\httptools_impl.py", line 411, in run_asgi
    result = await app(  # type: ignore[func-returns-value]
             ^^^^^^^^^^^^^^^^^^^^^^^^^^^^^^^^^^^^^^^^^^^^^^
  File "C:\Users\Phenomenal\AppData\Local\Programs\Python\Python312\Lib\site-packages\uvicorn\middleware\proxy_headers.py", line 69, in __call__
    return await self.app(scope, receive, send)
           ^^^^^^^^^^^^^^^^^^^^^^^^^^^^^^^^^^^^
  File "C:\Users\Phenomenal\AppData\Local\Programs\Python\Python312\Lib\site-packages\fastapi\applications.py", line 1054, in __call__
    await super().__call__(scope, receive, send)
  File "C:\Users\Phenomenal\AppData\Local\Programs\Python\Python312\Lib\site-packages\starlette\applications.py", line 123, in __call__
    await self.middleware_stack(scope, receive, send)
  File "C:\Users\Phenomenal\AppData\Local\Programs\Python\Python312\Lib\site-packages\starlette\middleware\errors.py", line 186, in __call__
    raise exc
  File "C:\Users\Phenomenal\AppData\Local\Programs\Python\Python312\Lib\site-packages\starlette\middleware\errors.py", line 164, in __call__
    await self.app(scope, receive, _send)
  File "C:\Users\Phenomenal\AppData\Local\Programs\Python\Python312\Lib\site-packages\starlette\middleware\base.py", line 189, in __call__
    with collapse_excgroups():
  File "C:\Users\Phenomenal\AppData\Local\Programs\Python\Python312\Lib\contextlib.py", line 155, in __exit__
    self.gen.throw(value)
  File "C:\Users\Phenomenal\AppData\Local\Programs\Python\Python312\Lib\site-packages\starlette\_utils.py", line 93, in collapse_excgroups
    raise exc
  File "C:\Users\Phenomenal\AppData\Local\Programs\Python\Python312\Lib\site-packages\starlette\middleware\base.py", line 191, in __call__
    response = await self.dispatch_func(request, call_next)
               ^^^^^^^^^^^^^^^^^^^^^^^^^^^^^^^^^^^^^^^^^^^^
  File "C:\Users\Phenomenal\Desktop\Pickbook\app\main.py", line 94, in security_headers
    response = await call_next(request)
               ^^^^^^^^^^^^^^^^^^^^^^^^
  File "C:\Users\Phenomenal\AppData\Local\Programs\Python\Python312\Lib\site-packages\starlette\middleware\base.py", line 165, in call_next
    raise app_exc
  File "C:\Users\Phenomenal\AppData\Local\Programs\Python\Python312\Lib\site-packages\starlette\middleware\base.py", line 151, in coro
    await self.app(scope, receive_or_disconnect, send_no_error)
  File "C:\Users\Phenomenal\AppData\Local\Programs\Python\Python312\Lib\site-packages\starlette\middleware\cors.py", line 93, in __call__
    await self.simple_response(scope, receive, send, request_headers=headers)
  File "C:\Users\Phenomenal\AppData\Local\Programs\Python\Python312\Lib\site-packages\starlette\middleware\cors.py", line 148, in simple_response
    await self.app(scope, receive, send)
  File "C:\Users\Phenomenal\AppData\Local\Programs\Python\Python312\Lib\site-packages\starlette\middleware\exceptions.py", line 65, in __call__
    await wrap_app_handling_exceptions(self.app, conn)(scope, receive, send)
  File "C:\Users\Phenomenal\AppData\Local\Programs\Python\Python312\Lib\site-packages\starlette\_exception_handler.py", line 64, in wrapped_app
    raise exc
  File "C:\Users\Phenomenal\AppData\Local\Programs\Python\Python312\Lib\site-packages\starlette\_exception_handler.py", line 53, in wrapped_app
    await app(scope, receive, sender)
  File "C:\Users\Phenomenal\AppData\Local\Programs\Python\Python312\Lib\site-packages\starlette\routing.py", line 756, in __call__
    await self.middleware_stack(scope, receive, send)
  File "C:\Users\Phenomenal\AppData\Local\Programs\Python\Python312\Lib\site-packages\starlette\routing.py", line 776, in app
    await route.handle(scope, receive, send)
  File "C:\Users\Phenomenal\AppData\Local\Programs\Python\Python312\Lib\site-packages\starlette\routing.py", line 297, in handle
    await self.app(scope, receive, send)
  File "C:\Users\Phenomenal\AppData\Local\Programs\Python\Python312\Lib\site-packages\starlette\routing.py", line 77, in app
    await wrap_app_handling_exceptions(app, request)(scope, receive, send)
  File "C:\Users\Phenomenal\AppData\Local\Programs\Python\Python312\Lib\site-packages\starlette\_exception_handler.py", line 64, in wrapped_app
    raise exc
  File "C:\Users\Phenomenal\AppData\Local\Programs\Python\Python312\Lib\site-packages\starlette\_exception_handler.py", line 53, in wrapped_app
    await app(scope, receive, sender)
  File "C:\Users\Phenomenal\AppData\Local\Programs\Python\Python312\Lib\site-packages\starlette\routing.py", line 72, in app
    response = await func(request)
               ^^^^^^^^^^^^^^^^^^^
  File "C:\Users\Phenomenal\AppData\Local\Programs\Python\Python312\Lib\site-packages\fastapi\routing.py", line 278, in app
    raw_response = await run_endpoint_function(
                   ^^^^^^^^^^^^^^^^^^^^^^^^^^^^
  File "C:\Users\Phenomenal\AppData\Local\Programs\Python\Python312\Lib\site-packages\fastapi\routing.py", line 193, in run_endpoint_function
    return await run_in_threadpool(dependant.call, **values)
           ^^^^^^^^^^^^^^^^^^^^^^^^^^^^^^^^^^^^^^^^^^^^^^^^^
  File "C:\Users\Phenomenal\AppData\Local\Programs\Python\Python312\Lib\site-packages\starlette\concurrency.py", line 42, in run_in_threadpool
    return await anyio.to_thread.run_sync(func, *args)
           ^^^^^^^^^^^^^^^^^^^^^^^^^^^^^^^^^^^^^^^^^^^
  File "C:\Users\Phenomenal\AppData\Local\Programs\Python\Python312\Lib\site-packages\anyio\to_thread.py", line 63, in run_sync
    return await get_async_backend().run_sync_in_worker_thread(
           ^^^^^^^^^^^^^^^^^^^^^^^^^^^^^^^^^^^^^^^^^^^^^^^^^^^^
  File "C:\Users\Phenomenal\AppData\Local\Programs\Python\Python312\Lib\site-packages\anyio\_backends\_asyncio.py", line 2518, in run_sync_in_worker_thread
    return await future
           ^^^^^^^^^^^^
  File "C:\Users\Phenomenal\AppData\Local\Programs\Python\Python312\Lib\site-packages\anyio\_backends\_asyncio.py", line 1002, in run
    result = context.run(func, *args)
             ^^^^^^^^^^^^^^^^^^^^^^^^
  File "C:\Users\Phenomenal\AppData\Local\Programs\Python\Python312\Lib\site-packages\slowapi\extension.py", line 766, in sync_wrapper
    response = func(*args, **kwargs)
               ^^^^^^^^^^^^^^^^^^^^^
  File "C:\Users\Phenomenal\Desktop\Pickbook\app\admin\routes.py", line 351, in create_announcement
    return _announcement_row(row)
           ^^^^^^^^^^^^^^^^^^^^^^
  File "C:\Users\Phenomenal\Desktop\Pickbook\app\admin\routes.py", line 209, in _announcement_row
    row.publish_at <= _now()
TypeError: can't compare offset-naive and offset-aware datetimes
ERROR:    Exception in ASGI application
  + Exception Group Traceback (most recent call last):
  |   File "C:\Users\Phenomenal\AppData\Local\Programs\Python\Python312\Lib\site-packages\starlette\_utils.py", line 87, in collapse_excgroups
  |     yield
  |   File "C:\Users\Phenomenal\AppData\Local\Programs\Python\Python312\Lib\site-packages\starlette\middleware\base.py", line 190, in __call__
  |     async with anyio.create_task_group() as task_group:
  |   File "C:\Users\Phenomenal\AppData\Local\Programs\Python\Python312\Lib\site-packages\anyio\_backends\_asyncio.py", line 799, in __aexit__
  |     raise BaseExceptionGroup(
  | ExceptionGroup: unhandled errors in a TaskGroup (1 sub-exception)
  +-+---------------- 1 ----------------
    | Traceback (most recent call last):
    |   File "C:\Users\Phenomenal\AppData\Local\Programs\Python\Python312\Lib\site-packages\uvicorn\protocols\http\httptools_impl.py", line 411, in run_asgi
    |     result = await app(  # type: ignore[func-returns-value]
    |              ^^^^^^^^^^^^^^^^^^^^^^^^^^^^^^^^^^^^^^^^^^^^^^
    |   File "C:\Users\Phenomenal\AppData\Local\Programs\Python\Python312\Lib\site-packages\uvicorn\middleware\proxy_headers.py", line 69, in __call__
    |     return await self.app(scope, receive, send)
    |            ^^^^^^^^^^^^^^^^^^^^^^^^^^^^^^^^^^^^
    |   File "C:\Users\Phenomenal\AppData\Local\Programs\Python\Python312\Lib\site-packages\fastapi\applications.py", line 1054, in __call__
    |     await super().__call__(scope, receive, send)
    |   File "C:\Users\Phenomenal\AppData\Local\Programs\Python\Python312\Lib\site-packages\starlette\applications.py", line 123, in __call__
    |     await self.middleware_stack(scope, receive, send)
    |   File "C:\Users\Phenomenal\AppData\Local\Programs\Python\Python312\Lib\site-packages\starlette\middleware\errors.py", line 186, in __call__
    |     raise exc
    |   File "C:\Users\Phenomenal\AppData\Local\Programs\Python\Python312\Lib\site-packages\starlette\middleware\errors.py", line 164, in __call__
    |     await self.app(scope, receive, _send)
    |   File "C:\Users\Phenomenal\AppData\Local\Programs\Python\Python312\Lib\site-packages\starlette\middleware\base.py", line 189, in __call__
    |     with collapse_excgroups():
    |   File "C:\Users\Phenomenal\AppData\Local\Programs\Python\Python312\Lib\contextlib.py", line 155, in __exit__
    |     self.gen.throw(value)
    |   File "C:\Users\Phenomenal\AppData\Local\Programs\Python\Python312\Lib\site-packages\starlette\_utils.py", line 93, in collapse_excgroups
    |     raise exc
    |   File "C:\Users\Phenomenal\AppData\Local\Programs\Python\Python312\Lib\site-packages\starlette\middleware\base.py", line 191, in __call__
    |     response = await self.dispatch_func(request, call_next)
    |                ^^^^^^^^^^^^^^^^^^^^^^^^^^^^^^^^^^^^^^^^^^^^
    |   File "C:\Users\Phenomenal\Desktop\Pickbook\app\main.py", line 94, in security_headers
    |     response = await call_next(request)
    |                ^^^^^^^^^^^^^^^^^^^^^^^^
    |   File "C:\Users\Phenomenal\AppData\Local\Programs\Python\Python312\Lib\site-packages\starlette\middleware\base.py", line 165, in call_next
    |     raise app_exc
    |   File "C:\Users\Phenomenal\AppData\Local\Programs\Python\Python312\Lib\site-packages\starlette\middleware\base.py", line 151, in coro
    |     await self.app(scope, receive_or_disconnect, send_no_error)
    |   File "C:\Users\Phenomenal\AppData\Local\Programs\Python\Python312\Lib\site-packages\starlette\middleware\cors.py", line 93, in __call__
    |     await self.simple_response(scope, receive, send, request_headers=headers)
    |   File "C:\Users\Phenomenal\AppData\Local\Programs\Python\Python312\Lib\site-packages\starlette\middleware\cors.py", line 148, in simple_response
    |     await self.app(scope, receive, send)
    |   File "C:\Users\Phenomenal\AppData\Local\Programs\Python\Python312\Lib\site-packages\starlette\middleware\exceptions.py", line 65, in __call__
    |     await wrap_app_handling_exceptions(self.app, conn)(scope, receive, send)
    |   File "C:\Users\Phenomenal\AppData\Local\Programs\Python\Python312\Lib\site-packages\starlette\_exception_handler.py", line 64, in wrapped_app
    |     raise exc
    |   File "C:\Users\Phenomenal\AppData\Local\Programs\Python\Python312\Lib\site-packages\starlette\_exception_handler.py", line 53, in wrapped_app
    |     await app(scope, receive, sender)
    |   File "C:\Users\Phenomenal\AppData\Local\Programs\Python\Python312\Lib\site-packages\starlette\routing.py", line 756, in __call__
    |     await self.middleware_stack(scope, receive, send)
    |   File "C:\Users\Phenomenal\AppData\Local\Programs\Python\Python312\Lib\site-packages\starlette\routing.py", line 776, in app
    |     await route.handle(scope, receive, send)
    |   File "C:\Users\Phenomenal\AppData\Local\Programs\Python\Python312\Lib\site-packages\starlette\routing.py", line 297, in handle
    |     await self.app(scope, receive, send)
    |   File "C:\Users\Phenomenal\AppData\Local\Programs\Python\Python312\Lib\site-packages\starlette\routing.py", line 77, in app
    |     await wrap_app_handling_exceptions(app, request)(scope, receive, send)
    |   File "C:\Users\Phenomenal\AppData\Local\Programs\Python\Python312\Lib\site-packages\starlette\_exception_handler.py", line 64, in wrapped_app
    |     raise exc
    |   File "C:\Users\Phenomenal\AppData\Local\Programs\Python\Python312\Lib\site-packages\starlette\_exception_handler.py", line 53, in wrapped_app
    |     await app(scope, receive, sender)
    |   File "C:\Users\Phenomenal\AppData\Local\Programs\Python\Python312\Lib\site-packages\starlette\routing.py", line 72, in app
    |     response = await func(request)
    |                ^^^^^^^^^^^^^^^^^^^
    |   File "C:\Users\Phenomenal\AppData\Local\Programs\Python\Python312\Lib\site-packages\fastapi\routing.py", line 278, in app
    |     raw_response = await run_endpoint_function(
    |                    ^^^^^^^^^^^^^^^^^^^^^^^^^^^^
    |   File "C:\Users\Phenomenal\AppData\Local\Programs\Python\Python312\Lib\site-packages\fastapi\routing.py", line 193, in run_endpoint_function
    |     return await run_in_threadpool(dependant.call, **values)
    |            ^^^^^^^^^^^^^^^^^^^^^^^^^^^^^^^^^^^^^^^^^^^^^^^^^
    |   File "C:\Users\Phenomenal\AppData\Local\Programs\Python\Python312\Lib\site-packages\starlette\concurrency.py", line 42, in run_in_threadpool
    |     return await anyio.to_thread.run_sync(func, *args)
    |            ^^^^^^^^^^^^^^^^^^^^^^^^^^^^^^^^^^^^^^^^^^^
    |   File "C:\Users\Phenomenal\AppData\Local\Programs\Python\Python312\Lib\site-packages\anyio\to_thread.py", line 63, in run_sync
    |     return await get_async_backend().run_sync_in_worker_thread(
    |            ^^^^^^^^^^^^^^^^^^^^^^^^^^^^^^^^^^^^^^^^^^^^^^^^^^^^
    |   File "C:\Users\Phenomenal\AppData\Local\Programs\Python\Python312\Lib\site-packages\anyio\_backends\_asyncio.py", line 2518, in run_sync_in_worker_thread
    |     return await future
    |            ^^^^^^^^^^^^
    |   File "C:\Users\Phenomenal\AppData\Local\Programs\Python\Python312\Lib\site-packages\anyio\_backends\_asyncio.py", line 1002, in run
    |     result = context.run(func, *args)
    |              ^^^^^^^^^^^^^^^^^^^^^^^^
    |   File "C:\Users\Phenomenal\AppData\Local\Programs\Python\Python312\Lib\site-packages\slowapi\extension.py", line 766, in sync_wrapper
    |     response = func(*args, **kwargs)
    |                ^^^^^^^^^^^^^^^^^^^^^
    |   File "C:\Users\Phenomenal\Desktop\Pickbook\app\admin\routes.py", line 351, in create_announcement
    |     return _announcement_row(row)
    |            ^^^^^^^^^^^^^^^^^^^^^^
    |   File "C:\Users\Phenomenal\Desktop\Pickbook\app\admin\routes.py", line 209, in _announcement_row
    |     row.publish_at <= _now()
    | TypeError: can't compare offset-naive and offset-aware datetimes
    +------------------------------------

During handling of the above exception, another exception occurred:

Traceback (most recent call last):
  File "C:\Users\Phenomenal\AppData\Local\Programs\Python\Python312\Lib\site-packages\uvicorn\protocols\http\httptools_impl.py", line 411, in run_asgi
    result = await app(  # type: ignore[func-returns-value]
             ^^^^^^^^^^^^^^^^^^^^^^^^^^^^^^^^^^^^^^^^^^^^^^
  File "C:\Users\Phenomenal\AppData\Local\Programs\Python\Python312\Lib\site-packages\uvicorn\middleware\proxy_headers.py", line 69, in __call__
    return await self.app(scope, receive, send)
           ^^^^^^^^^^^^^^^^^^^^^^^^^^^^^^^^^^^^
  File "C:\Users\Phenomenal\AppData\Local\Programs\Python\Python312\Lib\site-packages\fastapi\applications.py", line 1054, in __call__
    await super().__call__(scope, receive, send)
  File "C:\Users\Phenomenal\AppData\Local\Programs\Python\Python312\Lib\site-packages\starlette\applications.py", line 123, in __call__
    await self.middleware_stack(scope, receive, send)
  File "C:\Users\Phenomenal\AppData\Local\Programs\Python\Python312\Lib\site-packages\starlette\middleware\errors.py", line 186, in __call__
    raise exc
  File "C:\Users\Phenomenal\AppData\Local\Programs\Python\Python312\Lib\site-packages\starlette\middleware\errors.py", line 164, in __call__
    await self.app(scope, receive, _send)
  File "C:\Users\Phenomenal\AppData\Local\Programs\Python\Python312\Lib\site-packages\starlette\middleware\base.py", line 189, in __call__
    with collapse_excgroups():
  File "C:\Users\Phenomenal\AppData\Local\Programs\Python\Python312\Lib\contextlib.py", line 155, in __exit__
    self.gen.throw(value)
  File "C:\Users\Phenomenal\AppData\Local\Programs\Python\Python312\Lib\site-packages\starlette\_utils.py", line 93, in collapse_excgroups
    raise exc
  File "C:\Users\Phenomenal\AppData\Local\Programs\Python\Python312\Lib\site-packages\starlette\middleware\base.py", line 191, in __call__
    response = await self.dispatch_func(request, call_next)
               ^^^^^^^^^^^^^^^^^^^^^^^^^^^^^^^^^^^^^^^^^^^^
  File "C:\Users\Phenomenal\Desktop\Pickbook\app\main.py", line 94, in security_headers
    response = await call_next(request)
               ^^^^^^^^^^^^^^^^^^^^^^^^
  File "C:\Users\Phenomenal\AppData\Local\Programs\Python\Python312\Lib\site-packages\starlette\middleware\base.py", line 165, in call_next
    raise app_exc
  File "C:\Users\Phenomenal\AppData\Local\Programs\Python\Python312\Lib\site-packages\starlette\middleware\base.py", line 151, in coro
    await self.app(scope, receive_or_disconnect, send_no_error)
  File "C:\Users\Phenomenal\AppData\Local\Programs\Python\Python312\Lib\site-packages\starlette\middleware\cors.py", line 93, in __call__
    await self.simple_response(scope, receive, send, request_headers=headers)
  File "C:\Users\Phenomenal\AppData\Local\Programs\Python\Python312\Lib\site-packages\starlette\middleware\cors.py", line 148, in simple_response
    await self.app(scope, receive, send)
  File "C:\Users\Phenomenal\AppData\Local\Programs\Python\Python312\Lib\site-packages\starlette\middleware\exceptions.py", line 65, in __call__
    await wrap_app_handling_exceptions(self.app, conn)(scope, receive, send)
  File "C:\Users\Phenomenal\AppData\Local\Programs\Python\Python312\Lib\site-packages\starlette\_exception_handler.py", line 64, in wrapped_app
    raise exc
  File "C:\Users\Phenomenal\AppData\Local\Programs\Python\Python312\Lib\site-packages\starlette\_exception_handler.py", line 53, in wrapped_app
    await app(scope, receive, sender)
  File "C:\Users\Phenomenal\AppData\Local\Programs\Python\Python312\Lib\site-packages\starlette\routing.py", line 756, in __call__
    await self.middleware_stack(scope, receive, send)
  File "C:\Users\Phenomenal\AppData\Local\Programs\Python\Python312\Lib\site-packages\starlette\routing.py", line 776, in app
    await route.handle(scope, receive, send)
  File "C:\Users\Phenomenal\AppData\Local\Programs\Python\Python312\Lib\site-packages\starlette\routing.py", line 297, in handle
    await self.app(scope, receive, send)
  File "C:\Users\Phenomenal\AppData\Local\Programs\Python\Python312\Lib\site-packages\starlette\routing.py", line 77, in app
    await wrap_app_handling_exceptions(app, request)(scope, receive, send)
  File "C:\Users\Phenomenal\AppData\Local\Programs\Python\Python312\Lib\site-packages\starlette\_exception_handler.py", line 64, in wrapped_app
    raise exc
  File "C:\Users\Phenomenal\AppData\Local\Programs\Python\Python312\Lib\site-packages\starlette\_exception_handler.py", line 53, in wrapped_app
    await app(scope, receive, sender)
  File "C:\Users\Phenomenal\AppData\Local\Programs\Python\Python312\Lib\site-packages\starlette\routing.py", line 72, in app
    response = await func(request)
               ^^^^^^^^^^^^^^^^^^^
  File "C:\Users\Phenomenal\AppData\Local\Programs\Python\Python312\Lib\site-packages\fastapi\routing.py", line 278, in app
    raw_response = await run_endpoint_function(
                   ^^^^^^^^^^^^^^^^^^^^^^^^^^^^
  File "C:\Users\Phenomenal\AppData\Local\Programs\Python\Python312\Lib\site-packages\fastapi\routing.py", line 193, in run_endpoint_function
    return await run_in_threadpool(dependant.call, **values)
           ^^^^^^^^^^^^^^^^^^^^^^^^^^^^^^^^^^^^^^^^^^^^^^^^^
  File "C:\Users\Phenomenal\AppData\Local\Programs\Python\Python312\Lib\site-packages\starlette\concurrency.py", line 42, in run_in_threadpool
    return await anyio.to_thread.run_sync(func, *args)
           ^^^^^^^^^^^^^^^^^^^^^^^^^^^^^^^^^^^^^^^^^^^
  File "C:\Users\Phenomenal\AppData\Local\Programs\Python\Python312\Lib\site-packages\anyio\to_thread.py", line 63, in run_sync
    return await get_async_backend().run_sync_in_worker_thread(
           ^^^^^^^^^^^^^^^^^^^^^^^^^^^^^^^^^^^^^^^^^^^^^^^^^^^^
  File "C:\Users\Phenomenal\AppData\Local\Programs\Python\Python312\Lib\site-packages\anyio\_backends\_asyncio.py", line 2518, in run_sync_in_worker_thread
    return await future
           ^^^^^^^^^^^^
  File "C:\Users\Phenomenal\AppData\Local\Programs\Python\Python312\Lib\site-packages\anyio\_backends\_asyncio.py", line 1002, in run
    result = context.run(func, *args)
             ^^^^^^^^^^^^^^^^^^^^^^^^
  File "C:\Users\Phenomenal\AppData\Local\Programs\Python\Python312\Lib\site-packages\slowapi\extension.py", line 766, in sync_wrapper
    response = func(*args, **kwargs)
               ^^^^^^^^^^^^^^^^^^^^^
  File "C:\Users\Phenomenal\Desktop\Pickbook\app\admin\routes.py", line 351, in create_announcement
    return _announcement_row(row)
           ^^^^^^^^^^^^^^^^^^^^^^
  File "C:\Users\Phenomenal\Desktop\Pickbook\app\admin\routes.py", line 209, in _announcement_row
    row.publish_at <= _now()
TypeError: can't compare offset-naive and offset-aware datetimes
ERROR:    Exception in ASGI application
  + Exception Group Traceback (most recent call last):
  |   File "C:\Users\Phenomenal\AppData\Local\Programs\Python\Python312\Lib\site-packages\starlette\_utils.py", line 87, in collapse_excgroups
  |     yield
  |   File "C:\Users\Phenomenal\AppData\Local\Programs\Python\Python312\Lib\site-packages\starlette\middleware\base.py", line 190, in __call__
  |     async with anyio.create_task_group() as task_group:
  |   File "C:\Users\Phenomenal\AppData\Local\Programs\Python\Python312\Lib\site-packages\anyio\_backends\_asyncio.py", line 799, in __aexit__
  |     raise BaseExceptionGroup(
  | ExceptionGroup: unhandled errors in a TaskGroup (1 sub-exception)
  +-+---------------- 1 ----------------
    | Traceback (most recent call last):
    |   File "C:\Users\Phenomenal\AppData\Local\Programs\Python\Python312\Lib\site-packages\uvicorn\protocols\http\httptools_impl.py", line 411, in run_asgi
    |     result = await app(  # type: ignore[func-returns-value]
    |              ^^^^^^^^^^^^^^^^^^^^^^^^^^^^^^^^^^^^^^^^^^^^^^
    |   File "C:\Users\Phenomenal\AppData\Local\Programs\Python\Python312\Lib\site-packages\uvicorn\middleware\proxy_headers.py", line 69, in __call__
    |     return await self.app(scope, receive, send)
    |            ^^^^^^^^^^^^^^^^^^^^^^^^^^^^^^^^^^^^
    |   File "C:\Users\Phenomenal\AppData\Local\Programs\Python\Python312\Lib\site-packages\fastapi\applications.py", line 1054, in __call__
    |     await super().__call__(scope, receive, send)
    |   File "C:\Users\Phenomenal\AppData\Local\Programs\Python\Python312\Lib\site-packages\starlette\applications.py", line 123, in __call__
    |     await self.middleware_stack(scope, receive, send)
    |   File "C:\Users\Phenomenal\AppData\Local\Programs\Python\Python312\Lib\site-packages\starlette\middleware\errors.py", line 186, in __call__
    |     raise exc
    |   File "C:\Users\Phenomenal\AppData\Local\Programs\Python\Python312\Lib\site-packages\starlette\middleware\errors.py", line 164, in __call__
    |     await self.app(scope, receive, _send)
    |   File "C:\Users\Phenomenal\AppData\Local\Programs\Python\Python312\Lib\site-packages\starlette\middleware\base.py", line 189, in __call__
    |     with collapse_excgroups():
    |   File "C:\Users\Phenomenal\AppData\Local\Programs\Python\Python312\Lib\contextlib.py", line 155, in __exit__
    |     self.gen.throw(value)
    |   File "C:\Users\Phenomenal\AppData\Local\Programs\Python\Python312\Lib\site-packages\starlette\_utils.py", line 93, in collapse_excgroups
    |     raise exc
    |   File "C:\Users\Phenomenal\AppData\Local\Programs\Python\Python312\Lib\site-packages\starlette\middleware\base.py", line 191, in __call__
    |     response = await self.dispatch_func(request, call_next)
    |                ^^^^^^^^^^^^^^^^^^^^^^^^^^^^^^^^^^^^^^^^^^^^
    |   File "C:\Users\Phenomenal\Desktop\Pickbook\app\main.py", line 94, in security_headers
    |     response = await call_next(request)
    |                ^^^^^^^^^^^^^^^^^^^^^^^^
    |   File "C:\Users\Phenomenal\AppData\Local\Programs\Python\Python312\Lib\site-packages\starlette\middleware\base.py", line 165, in call_next
    |     raise app_exc
    |   File "C:\Users\Phenomenal\AppData\Local\Programs\Python\Python312\Lib\site-packages\starlette\middleware\base.py", line 151, in coro
    |     await self.app(scope, receive_or_disconnect, send_no_error)
    |   File "C:\Users\Phenomenal\AppData\Local\Programs\Python\Python312\Lib\site-packages\starlette\middleware\cors.py", line 93, in __call__
    |     await self.simple_response(scope, receive, send, request_headers=headers)
    |   File "C:\Users\Phenomenal\AppData\Local\Programs\Python\Python312\Lib\site-packages\starlette\middleware\cors.py", line 148, in simple_response
    |     await self.app(scope, receive, send)
    |   File "C:\Users\Phenomenal\AppData\Local\Programs\Python\Python312\Lib\site-packages\starlette\middleware\exceptions.py", line 65, in __call__
    |     await wrap_app_handling_exceptions(self.app, conn)(scope, receive, send)
    |   File "C:\Users\Phenomenal\AppData\Local\Programs\Python\Python312\Lib\site-packages\starlette\_exception_handler.py", line 64, in wrapped_app
    |     raise exc
    |   File "C:\Users\Phenomenal\AppData\Local\Programs\Python\Python312\Lib\site-packages\starlette\_exception_handler.py", line 53, in wrapped_app
    |     await app(scope, receive, sender)
    |   File "C:\Users\Phenomenal\AppData\Local\Programs\Python\Python312\Lib\site-packages\starlette\routing.py", line 756, in __call__
    |     await self.middleware_stack(scope, receive, send)
    |   File "C:\Users\Phenomenal\AppData\Local\Programs\Python\Python312\Lib\site-packages\starlette\routing.py", line 776, in app
    |     await route.handle(scope, receive, send)
    |   File "C:\Users\Phenomenal\AppData\Local\Programs\Python\Python312\Lib\site-packages\starlette\routing.py", line 297, in handle
    |     await self.app(scope, receive, send)
    |   File "C:\Users\Phenomenal\AppData\Local\Programs\Python\Python312\Lib\site-packages\starlette\routing.py", line 77, in app
    |     await wrap_app_handling_exceptions(app, request)(scope, receive, send)
    |   File "C:\Users\Phenomenal\AppData\Local\Programs\Python\Python312\Lib\site-packages\starlette\_exception_handler.py", line 64, in wrapped_app
    |     raise exc
    |   File "C:\Users\Phenomenal\AppData\Local\Programs\Python\Python312\Lib\site-packages\starlette\_exception_handler.py", line 53, in wrapped_app
    |     await app(scope, receive, sender)
    |   File "C:\Users\Phenomenal\AppData\Local\Programs\Python\Python312\Lib\site-packages\starlette\routing.py", line 72, in app
    |     response = await func(request)
    |                ^^^^^^^^^^^^^^^^^^^
    |   File "C:\Users\Phenomenal\AppData\Local\Programs\Python\Python312\Lib\site-packages\fastapi\routing.py", line 278, in app
    |     raw_response = await run_endpoint_function(
    |                    ^^^^^^^^^^^^^^^^^^^^^^^^^^^^
    |   File "C:\Users\Phenomenal\AppData\Local\Programs\Python\Python312\Lib\site-packages\fastapi\routing.py", line 193, in run_endpoint_function
    |     return await run_in_threadpool(dependant.call, **values)
    |            ^^^^^^^^^^^^^^^^^^^^^^^^^^^^^^^^^^^^^^^^^^^^^^^^^
    |   File "C:\Users\Phenomenal\AppData\Local\Programs\Python\Python312\Lib\site-packages\starlette\concurrency.py", line 42, in run_in_threadpool
    |     return await anyio.to_thread.run_sync(func, *args)
    |            ^^^^^^^^^^^^^^^^^^^^^^^^^^^^^^^^^^^^^^^^^^^
    |   File "C:\Users\Phenomenal\AppData\Local\Programs\Python\Python312\Lib\site-packages\anyio\to_thread.py", line 63, in run_sync
    |     return await get_async_backend().run_sync_in_worker_thread(
    |            ^^^^^^^^^^^^^^^^^^^^^^^^^^^^^^^^^^^^^^^^^^^^^^^^^^^^
    |   File "C:\Users\Phenomenal\AppData\Local\Programs\Python\Python312\Lib\site-packages\anyio\_backends\_asyncio.py", line 2518, in run_sync_in_worker_thread
    |     return await future
    |            ^^^^^^^^^^^^
    |   File "C:\Users\Phenomenal\AppData\Local\Programs\Python\Python312\Lib\site-packages\anyio\_backends\_asyncio.py", line 1002, in run
    |     result = context.run(func, *args)
    |              ^^^^^^^^^^^^^^^^^^^^^^^^
    |   File "C:\Users\Phenomenal\AppData\Local\Programs\Python\Python312\Lib\site-packages\slowapi\extension.py", line 766, in sync_wrapper
    |     response = func(*args, **kwargs)
    |                ^^^^^^^^^^^^^^^^^^^^^
    |   File "C:\Users\Phenomenal\Desktop\Pickbook\app\admin\routes.py", line 351, in create_announcement
    |     return _announcement_row(row)
    |            ^^^^^^^^^^^^^^^^^^^^^^
    |   File "C:\Users\Phenomenal\Desktop\Pickbook\app\admin\routes.py", line 209, in _announcement_row
    |     row.publish_at <= _now()
    | TypeError: can't compare offset-naive and offset-aware datetimes
    +------------------------------------

During handling of the above exception, another exception occurred:

Traceback (most recent call last):
  File "C:\Users\Phenomenal\AppData\Local\Programs\Python\Python312\Lib\site-packages\uvicorn\protocols\http\httptools_impl.py", line 411, in run_asgi
    result = await app(  # type: ignore[func-returns-value]
             ^^^^^^^^^^^^^^^^^^^^^^^^^^^^^^^^^^^^^^^^^^^^^^
  File "C:\Users\Phenomenal\AppData\Local\Programs\Python\Python312\Lib\site-packages\uvicorn\middleware\proxy_headers.py", line 69, in __call__
    return await self.app(scope, receive, send)
           ^^^^^^^^^^^^^^^^^^^^^^^^^^^^^^^^^^^^
  File "C:\Users\Phenomenal\AppData\Local\Programs\Python\Python312\Lib\site-packages\fastapi\applications.py", line 1054, in __call__
    await super().__call__(scope, receive, send)
  File "C:\Users\Phenomenal\AppData\Local\Programs\Python\Python312\Lib\site-packages\starlette\applications.py", line 123, in __call__
    await self.middleware_stack(scope, receive, send)
  File "C:\Users\Phenomenal\AppData\Local\Programs\Python\Python312\Lib\site-packages\starlette\middleware\errors.py", line 186, in __call__
    raise exc
  File "C:\Users\Phenomenal\AppData\Local\Programs\Python\Python312\Lib\site-packages\starlette\middleware\errors.py", line 164, in __call__
    await self.app(scope, receive, _send)
  File "C:\Users\Phenomenal\AppData\Local\Programs\Python\Python312\Lib\site-packages\starlette\middleware\base.py", line 189, in __call__
    with collapse_excgroups():
  File "C:\Users\Phenomenal\AppData\Local\Programs\Python\Python312\Lib\contextlib.py", line 155, in __exit__
    self.gen.throw(value)
  File "C:\Users\Phenomenal\AppData\Local\Programs\Python\Python312\Lib\site-packages\starlette\_utils.py", line 93, in collapse_excgroups
    raise exc
  File "C:\Users\Phenomenal\AppData\Local\Programs\Python\Python312\Lib\site-packages\starlette\middleware\base.py", line 191, in __call__
    response = await self.dispatch_func(request, call_next)
               ^^^^^^^^^^^^^^^^^^^^^^^^^^^^^^^^^^^^^^^^^^^^
  File "C:\Users\Phenomenal\Desktop\Pickbook\app\main.py", line 94, in security_headers
    response = await call_next(request)
               ^^^^^^^^^^^^^^^^^^^^^^^^
  File "C:\Users\Phenomenal\AppData\Local\Programs\Python\Python312\Lib\site-packages\starlette\middleware\base.py", line 165, in call_next
    raise app_exc
  File "C:\Users\Phenomenal\AppData\Local\Programs\Python\Python312\Lib\site-packages\starlette\middleware\base.py", line 151, in coro
    await self.app(scope, receive_or_disconnect, send_no_error)
  File "C:\Users\Phenomenal\AppData\Local\Programs\Python\Python312\Lib\site-packages\starlette\middleware\cors.py", line 93, in __call__
    await self.simple_response(scope, receive, send, request_headers=headers)
  File "C:\Users\Phenomenal\AppData\Local\Programs\Python\Python312\Lib\site-packages\starlette\middleware\cors.py", line 148, in simple_response
    await self.app(scope, receive, send)
  File "C:\Users\Phenomenal\AppData\Local\Programs\Python\Python312\Lib\site-packages\starlette\middleware\exceptions.py", line 65, in __call__
    await wrap_app_handling_exceptions(self.app, conn)(scope, receive, send)
  File "C:\Users\Phenomenal\AppData\Local\Programs\Python\Python312\Lib\site-packages\starlette\_exception_handler.py", line 64, in wrapped_app
    raise exc
  File "C:\Users\Phenomenal\AppData\Local\Programs\Python\Python312\Lib\site-packages\starlette\_exception_handler.py", line 53, in wrapped_app
    await app(scope, receive, sender)
  File "C:\Users\Phenomenal\AppData\Local\Programs\Python\Python312\Lib\site-packages\starlette\routing.py", line 756, in __call__
    await self.middleware_stack(scope, receive, send)
  File "C:\Users\Phenomenal\AppData\Local\Programs\Python\Python312\Lib\site-packages\starlette\routing.py", line 776, in app
    await route.handle(scope, receive, send)
  File "C:\Users\Phenomenal\AppData\Local\Programs\Python\Python312\Lib\site-packages\starlette\routing.py", line 297, in handle
    await self.app(scope, receive, send)
  File "C:\Users\Phenomenal\AppData\Local\Programs\Python\Python312\Lib\site-packages\starlette\routing.py", line 77, in app
    await wrap_app_handling_exceptions(app, request)(scope, receive, send)
  File "C:\Users\Phenomenal\AppData\Local\Programs\Python\Python312\Lib\site-packages\starlette\_exception_handler.py", line 64, in wrapped_app
    raise exc
  File "C:\Users\Phenomenal\AppData\Local\Programs\Python\Python312\Lib\site-packages\starlette\_exception_handler.py", line 53, in wrapped_app
    await app(scope, receive, sender)
  File "C:\Users\Phenomenal\AppData\Local\Programs\Python\Python312\Lib\site-packages\starlette\routing.py", line 72, in app
    response = await func(request)
               ^^^^^^^^^^^^^^^^^^^
  File "C:\Users\Phenomenal\AppData\Local\Programs\Python\Python312\Lib\site-packages\fastapi\routing.py", line 278, in app
    raw_response = await run_endpoint_function(
                   ^^^^^^^^^^^^^^^^^^^^^^^^^^^^
  File "C:\Users\Phenomenal\AppData\Local\Programs\Python\Python312\Lib\site-packages\fastapi\routing.py", line 193, in run_endpoint_function
    return await run_in_threadpool(dependant.call, **values)
           ^^^^^^^^^^^^^^^^^^^^^^^^^^^^^^^^^^^^^^^^^^^^^^^^^
  File "C:\Users\Phenomenal\AppData\Local\Programs\Python\Python312\Lib\site-packages\starlette\concurrency.py", line 42, in run_in_threadpool
    return await anyio.to_thread.run_sync(func, *args)
           ^^^^^^^^^^^^^^^^^^^^^^^^^^^^^^^^^^^^^^^^^^^
  File "C:\Users\Phenomenal\AppData\Local\Programs\Python\Python312\Lib\site-packages\anyio\to_thread.py", line 63, in run_sync
    return await get_async_backend().run_sync_in_worker_thread(
           ^^^^^^^^^^^^^^^^^^^^^^^^^^^^^^^^^^^^^^^^^^^^^^^^^^^^
  File "C:\Users\Phenomenal\AppData\Local\Programs\Python\Python312\Lib\site-packages\anyio\_backends\_asyncio.py", line 2518, in run_sync_in_worker_thread
    return await future
           ^^^^^^^^^^^^
  File "C:\Users\Phenomenal\AppData\Local\Programs\Python\Python312\Lib\site-packages\anyio\_backends\_asyncio.py", line 1002, in run
    result = context.run(func, *args)
             ^^^^^^^^^^^^^^^^^^^^^^^^
  File "C:\Users\Phenomenal\AppData\Local\Programs\Python\Python312\Lib\site-packages\slowapi\extension.py", line 766, in sync_wrapper
    response = func(*args, **kwargs)
               ^^^^^^^^^^^^^^^^^^^^^
  File "C:\Users\Phenomenal\Desktop\Pickbook\app\admin\routes.py", line 351, in create_announcement
    return _announcement_row(row)
           ^^^^^^^^^^^^^^^^^^^^^^
  File "C:\Users\Phenomenal\Desktop\Pickbook\app\admin\routes.py", line 209, in _announcement_row
    row.publish_at <= _now()
TypeError: can't compare offset-naive and offset-aware datetimes
ERROR:    Exception in ASGI application
  + Exception Group Traceback (most recent call last):
  |   File "C:\Users\Phenomenal\AppData\Local\Programs\Python\Python312\Lib\site-packages\starlette\_utils.py", line 87, in collapse_excgroups
  |     yield
  |   File "C:\Users\Phenomenal\AppData\Local\Programs\Python\Python312\Lib\site-packages\starlette\middleware\base.py", line 190, in __call__
  |     async with anyio.create_task_group() as task_group:
  |   File "C:\Users\Phenomenal\AppData\Local\Programs\Python\Python312\Lib\site-packages\anyio\_backends\_asyncio.py", line 799, in __aexit__
  |     raise BaseExceptionGroup(
  | ExceptionGroup: unhandled errors in a TaskGroup (1 sub-exception)
  +-+---------------- 1 ----------------
    | Traceback (most recent call last):
    |   File "C:\Users\Phenomenal\AppData\Local\Programs\Python\Python312\Lib\site-packages\uvicorn\protocols\http\httptools_impl.py", line 411, in run_asgi
    |     result = await app(  # type: ignore[func-returns-value]
    |              ^^^^^^^^^^^^^^^^^^^^^^^^^^^^^^^^^^^^^^^^^^^^^^
    |   File "C:\Users\Phenomenal\AppData\Local\Programs\Python\Python312\Lib\site-packages\uvicorn\middleware\proxy_headers.py", line 69, in __call__
    |     return await self.app(scope, receive, send)
    |            ^^^^^^^^^^^^^^^^^^^^^^^^^^^^^^^^^^^^
    |   File "C:\Users\Phenomenal\AppData\Local\Programs\Python\Python312\Lib\site-packages\fastapi\applications.py", line 1054, in __call__
    |     await super().__call__(scope, receive, send)
    |   File "C:\Users\Phenomenal\AppData\Local\Programs\Python\Python312\Lib\site-packages\starlette\applications.py", line 123, in __call__
    |     await self.middleware_stack(scope, receive, send)
    |   File "C:\Users\Phenomenal\AppData\Local\Programs\Python\Python312\Lib\site-packages\starlette\middleware\errors.py", line 186, in __call__
    |     raise exc
    |   File "C:\Users\Phenomenal\AppData\Local\Programs\Python\Python312\Lib\site-packages\starlette\middleware\errors.py", line 164, in __call__
    |     await self.app(scope, receive, _send)
    |   File "C:\Users\Phenomenal\AppData\Local\Programs\Python\Python312\Lib\site-packages\starlette\middleware\base.py", line 189, in __call__
    |     with collapse_excgroups():
    |   File "C:\Users\Phenomenal\AppData\Local\Programs\Python\Python312\Lib\contextlib.py", line 155, in __exit__
    |     self.gen.throw(value)
    |   File "C:\Users\Phenomenal\AppData\Local\Programs\Python\Python312\Lib\site-packages\starlette\_utils.py", line 93, in collapse_excgroups
    |     raise exc
    |   File "C:\Users\Phenomenal\AppData\Local\Programs\Python\Python312\Lib\site-packages\starlette\middleware\base.py", line 191, in __call__
    |     response = await self.dispatch_func(request, call_next)
    |                ^^^^^^^^^^^^^^^^^^^^^^^^^^^^^^^^^^^^^^^^^^^^
    |   File "C:\Users\Phenomenal\Desktop\Pickbook\app\main.py", line 94, in security_headers
    |     response = await call_next(request)
    |                ^^^^^^^^^^^^^^^^^^^^^^^^
    |   File "C:\Users\Phenomenal\AppData\Local\Programs\Python\Python312\Lib\site-packages\starlette\middleware\base.py", line 165, in call_next
    |     raise app_exc
    |   File "C:\Users\Phenomenal\AppData\Local\Programs\Python\Python312\Lib\site-packages\starlette\middleware\base.py", line 151, in coro
    |     await self.app(scope, receive_or_disconnect, send_no_error)
    |   File "C:\Users\Phenomenal\AppData\Local\Programs\Python\Python312\Lib\site-packages\starlette\middleware\cors.py", line 93, in __call__
    |     await self.simple_response(scope, receive, send, request_headers=headers)
    |   File "C:\Users\Phenomenal\AppData\Local\Programs\Python\Python312\Lib\site-packages\starlette\middleware\cors.py", line 148, in simple_response
    |     await self.app(scope, receive, send)
    |   File "C:\Users\Phenomenal\AppData\Local\Programs\Python\Python312\Lib\site-packages\starlette\middleware\exceptions.py", line 65, in __call__
    |     await wrap_app_handling_exceptions(self.app, conn)(scope, receive, send)
    |   File "C:\Users\Phenomenal\AppData\Local\Programs\Python\Python312\Lib\site-packages\starlette\_exception_handler.py", line 64, in wrapped_app
    |     raise exc
    |   File "C:\Users\Phenomenal\AppData\Local\Programs\Python\Python312\Lib\site-packages\starlette\_exception_handler.py", line 53, in wrapped_app
    |     await app(scope, receive, sender)
    |   File "C:\Users\Phenomenal\AppData\Local\Programs\Python\Python312\Lib\site-packages\starlette\routing.py", line 756, in __call__
    |     await self.middleware_stack(scope, receive, send)
    |   File "C:\Users\Phenomenal\AppData\Local\Programs\Python\Python312\Lib\site-packages\starlette\routing.py", line 776, in app
    |     await route.handle(scope, receive, send)
    |   File "C:\Users\Phenomenal\AppData\Local\Programs\Python\Python312\Lib\site-packages\starlette\routing.py", line 297, in handle
    |     await self.app(scope, receive, send)
    |   File "C:\Users\Phenomenal\AppData\Local\Programs\Python\Python312\Lib\site-packages\starlette\routing.py", line 77, in app
    |     await wrap_app_handling_exceptions(app, request)(scope, receive, send)
    |   File "C:\Users\Phenomenal\AppData\Local\Programs\Python\Python312\Lib\site-packages\starlette\_exception_handler.py", line 64, in wrapped_app
    |     raise exc
    |   File "C:\Users\Phenomenal\AppData\Local\Programs\Python\Python312\Lib\site-packages\starlette\_exception_handler.py", line 53, in wrapped_app
    |     await app(scope, receive, sender)
    |   File "C:\Users\Phenomenal\AppData\Local\Programs\Python\Python312\Lib\site-packages\starlette\routing.py", line 72, in app
    |     response = await func(request)
    |                ^^^^^^^^^^^^^^^^^^^
    |   File "C:\Users\Phenomenal\AppData\Local\Programs\Python\Python312\Lib\site-packages\fastapi\routing.py", line 278, in app
    |     raw_response = await run_endpoint_function(
    |                    ^^^^^^^^^^^^^^^^^^^^^^^^^^^^
    |   File "C:\Users\Phenomenal\AppData\Local\Programs\Python\Python312\Lib\site-packages\fastapi\routing.py", line 193, in run_endpoint_function
    |     return await run_in_threadpool(dependant.call, **values)
    |            ^^^^^^^^^^^^^^^^^^^^^^^^^^^^^^^^^^^^^^^^^^^^^^^^^
    |   File "C:\Users\Phenomenal\AppData\Local\Programs\Python\Python312\Lib\site-packages\starlette\concurrency.py", line 42, in run_in_threadpool
    |     return await anyio.to_thread.run_sync(func, *args)
    |            ^^^^^^^^^^^^^^^^^^^^^^^^^^^^^^^^^^^^^^^^^^^
    |   File "C:\Users\Phenomenal\AppData\Local\Programs\Python\Python312\Lib\site-packages\anyio\to_thread.py", line 63, in run_sync
    |     return await get_async_backend().run_sync_in_worker_thread(
    |            ^^^^^^^^^^^^^^^^^^^^^^^^^^^^^^^^^^^^^^^^^^^^^^^^^^^^
    |   File "C:\Users\Phenomenal\AppData\Local\Programs\Python\Python312\Lib\site-packages\anyio\_backends\_asyncio.py", line 2518, in run_sync_in_worker_thread
    |     return await future
    |            ^^^^^^^^^^^^
    |   File "C:\Users\Phenomenal\AppData\Local\Programs\Python\Python312\Lib\site-packages\anyio\_backends\_asyncio.py", line 1002, in run
    |     result = context.run(func, *args)
    |              ^^^^^^^^^^^^^^^^^^^^^^^^
    |   File "C:\Users\Phenomenal\AppData\Local\Programs\Python\Python312\Lib\site-packages\slowapi\extension.py", line 766, in sync_wrapper
    |     response = func(*args, **kwargs)
    |                ^^^^^^^^^^^^^^^^^^^^^
    |   File "C:\Users\Phenomenal\Desktop\Pickbook\app\admin\routes.py", line 351, in create_announcement
    |     return _announcement_row(row)
    |            ^^^^^^^^^^^^^^^^^^^^^^
    |   File "C:\Users\Phenomenal\Desktop\Pickbook\app\admin\routes.py", line 209, in _announcement_row
    |     row.publish_at <= _now()
    | TypeError: can't compare offset-naive and offset-aware datetimes
    +------------------------------------

During handling of the above exception, another exception occurred:

Traceback (most recent call last):
  File "C:\Users\Phenomenal\AppData\Local\Programs\Python\Python312\Lib\site-packages\uvicorn\protocols\http\httptools_impl.py", line 411, in run_asgi
    result = await app(  # type: ignore[func-returns-value]
             ^^^^^^^^^^^^^^^^^^^^^^^^^^^^^^^^^^^^^^^^^^^^^^
  File "C:\Users\Phenomenal\AppData\Local\Programs\Python\Python312\Lib\site-packages\uvicorn\middleware\proxy_headers.py", line 69, in __call__
    return await self.app(scope, receive, send)
           ^^^^^^^^^^^^^^^^^^^^^^^^^^^^^^^^^^^^
  File "C:\Users\Phenomenal\AppData\Local\Programs\Python\Python312\Lib\site-packages\fastapi\applications.py", line 1054, in __call__
    await super().__call__(scope, receive, send)
  File "C:\Users\Phenomenal\AppData\Local\Programs\Python\Python312\Lib\site-packages\starlette\applications.py", line 123, in __call__
    await self.middleware_stack(scope, receive, send)
  File "C:\Users\Phenomenal\AppData\Local\Programs\Python\Python312\Lib\site-packages\starlette\middleware\errors.py", line 186, in __call__
    raise exc
  File "C:\Users\Phenomenal\AppData\Local\Programs\Python\Python312\Lib\site-packages\starlette\middleware\errors.py", line 164, in __call__
    await self.app(scope, receive, _send)
  File "C:\Users\Phenomenal\AppData\Local\Programs\Python\Python312\Lib\site-packages\starlette\middleware\base.py", line 189, in __call__
    with collapse_excgroups():
  File "C:\Users\Phenomenal\AppData\Local\Programs\Python\Python312\Lib\contextlib.py", line 155, in __exit__
    self.gen.throw(value)
  File "C:\Users\Phenomenal\AppData\Local\Programs\Python\Python312\Lib\site-packages\starlette\_utils.py", line 93, in collapse_excgroups
    raise exc
  File "C:\Users\Phenomenal\AppData\Local\Programs\Python\Python312\Lib\site-packages\starlette\middleware\base.py", line 191, in __call__
    response = await self.dispatch_func(request, call_next)
               ^^^^^^^^^^^^^^^^^^^^^^^^^^^^^^^^^^^^^^^^^^^^
  File "C:\Users\Phenomenal\Desktop\Pickbook\app\main.py", line 94, in security_headers
    response = await call_next(request)
               ^^^^^^^^^^^^^^^^^^^^^^^^
  File "C:\Users\Phenomenal\AppData\Local\Programs\Python\Python312\Lib\site-packages\starlette\middleware\base.py", line 165, in call_next
    raise app_exc
  File "C:\Users\Phenomenal\AppData\Local\Programs\Python\Python312\Lib\site-packages\starlette\middleware\base.py", line 151, in coro
    await self.app(scope, receive_or_disconnect, send_no_error)
  File "C:\Users\Phenomenal\AppData\Local\Programs\Python\Python312\Lib\site-packages\starlette\middleware\cors.py", line 93, in __call__
    await self.simple_response(scope, receive, send, request_headers=headers)
  File "C:\Users\Phenomenal\AppData\Local\Programs\Python\Python312\Lib\site-packages\starlette\middleware\cors.py", line 148, in simple_response
    await self.app(scope, receive, send)
  File "C:\Users\Phenomenal\AppData\Local\Programs\Python\Python312\Lib\site-packages\starlette\middleware\exceptions.py", line 65, in __call__
    await wrap_app_handling_exceptions(self.app, conn)(scope, receive, send)
  File "C:\Users\Phenomenal\AppData\Local\Programs\Python\Python312\Lib\site-packages\starlette\_exception_handler.py", line 64, in wrapped_app
    raise exc
  File "C:\Users\Phenomenal\AppData\Local\Programs\Python\Python312\Lib\site-packages\starlette\_exception_handler.py", line 53, in wrapped_app
    await app(scope, receive, sender)
  File "C:\Users\Phenomenal\AppData\Local\Programs\Python\Python312\Lib\site-packages\starlette\routing.py", line 756, in __call__
    await self.middleware_stack(scope, receive, send)
  File "C:\Users\Phenomenal\AppData\Local\Programs\Python\Python312\Lib\site-packages\starlette\routing.py", line 776, in app
    await route.handle(scope, receive, send)
  File "C:\Users\Phenomenal\AppData\Local\Programs\Python\Python312\Lib\site-packages\starlette\routing.py", line 297, in handle
    await self.app(scope, receive, send)
  File "C:\Users\Phenomenal\AppData\Local\Programs\Python\Python312\Lib\site-packages\starlette\routing.py", line 77, in app
    await wrap_app_handling_exceptions(app, request)(scope, receive, send)
  File "C:\Users\Phenomenal\AppData\Local\Programs\Python\Python312\Lib\site-packages\starlette\_exception_handler.py", line 64, in wrapped_app
    raise exc
  File "C:\Users\Phenomenal\AppData\Local\Programs\Python\Python312\Lib\site-packages\starlette\_exception_handler.py", line 53, in wrapped_app
    await app(scope, receive, sender)
  File "C:\Users\Phenomenal\AppData\Local\Programs\Python\Python312\Lib\site-packages\starlette\routing.py", line 72, in app
    response = await func(request)
               ^^^^^^^^^^^^^^^^^^^
  File "C:\Users\Phenomenal\AppData\Local\Programs\Python\Python312\Lib\site-packages\fastapi\routing.py", line 278, in app
    raw_response = await run_endpoint_function(
                   ^^^^^^^^^^^^^^^^^^^^^^^^^^^^
  File "C:\Users\Phenomenal\AppData\Local\Programs\Python\Python312\Lib\site-packages\fastapi\routing.py", line 193, in run_endpoint_function
    return await run_in_threadpool(dependant.call, **values)
           ^^^^^^^^^^^^^^^^^^^^^^^^^^^^^^^^^^^^^^^^^^^^^^^^^
  File "C:\Users\Phenomenal\AppData\Local\Programs\Python\Python312\Lib\site-packages\starlette\concurrency.py", line 42, in run_in_threadpool
    return await anyio.to_thread.run_sync(func, *args)
           ^^^^^^^^^^^^^^^^^^^^^^^^^^^^^^^^^^^^^^^^^^^
  File "C:\Users\Phenomenal\AppData\Local\Programs\Python\Python312\Lib\site-packages\anyio\to_thread.py", line 63, in run_sync
    return await get_async_backend().run_sync_in_worker_thread(
           ^^^^^^^^^^^^^^^^^^^^^^^^^^^^^^^^^^^^^^^^^^^^^^^^^^^^
  File "C:\Users\Phenomenal\AppData\Local\Programs\Python\Python312\Lib\site-packages\anyio\_backends\_asyncio.py", line 2518, in run_sync_in_worker_thread
    return await future
           ^^^^^^^^^^^^
  File "C:\Users\Phenomenal\AppData\Local\Programs\Python\Python312\Lib\site-packages\anyio\_backends\_asyncio.py", line 1002, in run
    result = context.run(func, *args)
             ^^^^^^^^^^^^^^^^^^^^^^^^
  File "C:\Users\Phenomenal\AppData\Local\Programs\Python\Python312\Lib\site-packages\slowapi\extension.py", line 766, in sync_wrapper
    response = func(*args, **kwargs)
               ^^^^^^^^^^^^^^^^^^^^^
  File "C:\Users\Phenomenal\Desktop\Pickbook\app\admin\routes.py", line 351, in create_announcement
    return _announcement_row(row)
           ^^^^^^^^^^^^^^^^^^^^^^
  File "C:\Users\Phenomenal\Desktop\Pickbook\app\admin\routes.py", line 209, in _announcement_row
    row.publish_at <= _now()
TypeError: can't compare offset-naive and offset-aware datetimes
ERROR:    Exception in ASGI application
  + Exception Group Traceback (most recent call last):
  |   File "C:\Users\Phenomenal\AppData\Local\Programs\Python\Python312\Lib\site-packages\starlette\_utils.py", line 87, in collapse_excgroups
  |     yield
  |   File "C:\Users\Phenomenal\AppData\Local\Programs\Python\Python312\Lib\site-packages\starlette\middleware\base.py", line 190, in __call__
  |     async with anyio.create_task_group() as task_group:
  |   File "C:\Users\Phenomenal\AppData\Local\Programs\Python\Python312\Lib\site-packages\anyio\_backends\_asyncio.py", line 799, in __aexit__
  |     raise BaseExceptionGroup(
  | ExceptionGroup: unhandled errors in a TaskGroup (1 sub-exception)
  +-+---------------- 1 ----------------
    | Traceback (most recent call last):
    |   File "C:\Users\Phenomenal\AppData\Local\Programs\Python\Python312\Lib\site-packages\uvicorn\protocols\http\httptools_impl.py", line 411, in run_asgi
    |     result = await app(  # type: ignore[func-returns-value]
    |              ^^^^^^^^^^^^^^^^^^^^^^^^^^^^^^^^^^^^^^^^^^^^^^
    |   File "C:\Users\Phenomenal\AppData\Local\Programs\Python\Python312\Lib\site-packages\uvicorn\middleware\proxy_headers.py", line 69, in __call__
    |     return await self.app(scope, receive, send)
    |            ^^^^^^^^^^^^^^^^^^^^^^^^^^^^^^^^^^^^
    |   File "C:\Users\Phenomenal\AppData\Local\Programs\Python\Python312\Lib\site-packages\fastapi\applications.py", line 1054, in __call__
    |     await super().__call__(scope, receive, send)
    |   File "C:\Users\Phenomenal\AppData\Local\Programs\Python\Python312\Lib\site-packages\starlette\applications.py", line 123, in __call__
    |     await self.middleware_stack(scope, receive, send)
    |   File "C:\Users\Phenomenal\AppData\Local\Programs\Python\Python312\Lib\site-packages\starlette\middleware\errors.py", line 186, in __call__
    |     raise exc
    |   File "C:\Users\Phenomenal\AppData\Local\Programs\Python\Python312\Lib\site-packages\starlette\middleware\errors.py", line 164, in __call__
    |     await self.app(scope, receive, _send)
    |   File "C:\Users\Phenomenal\AppData\Local\Programs\Python\Python312\Lib\site-packages\starlette\middleware\base.py", line 189, in __call__
    |     with collapse_excgroups():
    |   File "C:\Users\Phenomenal\AppData\Local\Programs\Python\Python312\Lib\contextlib.py", line 155, in __exit__
    |     self.gen.throw(value)
    |   File "C:\Users\Phenomenal\AppData\Local\Programs\Python\Python312\Lib\site-packages\starlette\_utils.py", line 93, in collapse_excgroups
    |     raise exc
    |   File "C:\Users\Phenomenal\AppData\Local\Programs\Python\Python312\Lib\site-packages\starlette\middleware\base.py", line 191, in __call__
    |     response = await self.dispatch_func(request, call_next)
    |                ^^^^^^^^^^^^^^^^^^^^^^^^^^^^^^^^^^^^^^^^^^^^
    |   File "C:\Users\Phenomenal\Desktop\Pickbook\app\main.py", line 94, in security_headers
    |     response = await call_next(request)
    |                ^^^^^^^^^^^^^^^^^^^^^^^^
    |   File "C:\Users\Phenomenal\AppData\Local\Programs\Python\Python312\Lib\site-packages\starlette\middleware\base.py", line 165, in call_next
    |     raise app_exc
    |   File "C:\Users\Phenomenal\AppData\Local\Programs\Python\Python312\Lib\site-packages\starlette\middleware\base.py", line 151, in coro
    |     await self.app(scope, receive_or_disconnect, send_no_error)
    |   File "C:\Users\Phenomenal\AppData\Local\Programs\Python\Python312\Lib\site-packages\starlette\middleware\cors.py", line 93, in __call__
    |     await self.simple_response(scope, receive, send, request_headers=headers)
    |   File "C:\Users\Phenomenal\AppData\Local\Programs\Python\Python312\Lib\site-packages\starlette\middleware\cors.py", line 148, in simple_response
    |     await self.app(scope, receive, send)
    |   File "C:\Users\Phenomenal\AppData\Local\Programs\Python\Python312\Lib\site-packages\starlette\middleware\exceptions.py", line 65, in __call__
    |     await wrap_app_handling_exceptions(self.app, conn)(scope, receive, send)
    |   File "C:\Users\Phenomenal\AppData\Local\Programs\Python\Python312\Lib\site-packages\starlette\_exception_handler.py", line 64, in wrapped_app
    |     raise exc
    |   File "C:\Users\Phenomenal\AppData\Local\Programs\Python\Python312\Lib\site-packages\starlette\_exception_handler.py", line 53, in wrapped_app
    |     await app(scope, receive, sender)
    |   File "C:\Users\Phenomenal\AppData\Local\Programs\Python\Python312\Lib\site-packages\starlette\routing.py", line 756, in __call__
    |     await self.middleware_stack(scope, receive, send)
    |   File "C:\Users\Phenomenal\AppData\Local\Programs\Python\Python312\Lib\site-packages\starlette\routing.py", line 776, in app
    |     await route.handle(scope, receive, send)
    |   File "C:\Users\Phenomenal\AppData\Local\Programs\Python\Python312\Lib\site-packages\starlette\routing.py", line 297, in handle
    |     await self.app(scope, receive, send)
    |   File "C:\Users\Phenomenal\AppData\Local\Programs\Python\Python312\Lib\site-packages\starlette\routing.py", line 77, in app
    |     await wrap_app_handling_exceptions(app, request)(scope, receive, send)
    |   File "C:\Users\Phenomenal\AppData\Local\Programs\Python\Python312\Lib\site-packages\starlette\_exception_handler.py", line 64, in wrapped_app
    |     raise exc
    |   File "C:\Users\Phenomenal\AppData\Local\Programs\Python\Python312\Lib\site-packages\starlette\_exception_handler.py", line 53, in wrapped_app
    |     await app(scope, receive, sender)
    |   File "C:\Users\Phenomenal\AppData\Local\Programs\Python\Python312\Lib\site-packages\starlette\routing.py", line 72, in app
    |     response = await func(request)
    |                ^^^^^^^^^^^^^^^^^^^
    |   File "C:\Users\Phenomenal\AppData\Local\Programs\Python\Python312\Lib\site-packages\fastapi\routing.py", line 278, in app
    |     raw_response = await run_endpoint_function(
    |                    ^^^^^^^^^^^^^^^^^^^^^^^^^^^^
    |   File "C:\Users\Phenomenal\AppData\Local\Programs\Python\Python312\Lib\site-packages\fastapi\routing.py", line 193, in run_endpoint_function
    |     return await run_in_threadpool(dependant.call, **values)
    |            ^^^^^^^^^^^^^^^^^^^^^^^^^^^^^^^^^^^^^^^^^^^^^^^^^
    |   File "C:\Users\Phenomenal\AppData\Local\Programs\Python\Python312\Lib\site-packages\starlette\concurrency.py", line 42, in run_in_threadpool
    |     return await anyio.to_thread.run_sync(func, *args)
    |            ^^^^^^^^^^^^^^^^^^^^^^^^^^^^^^^^^^^^^^^^^^^
    |   File "C:\Users\Phenomenal\AppData\Local\Programs\Python\Python312\Lib\site-packages\anyio\to_thread.py", line 63, in run_sync
    |     return await get_async_backend().run_sync_in_worker_thread(
    |            ^^^^^^^^^^^^^^^^^^^^^^^^^^^^^^^^^^^^^^^^^^^^^^^^^^^^
    |   File "C:\Users\Phenomenal\AppData\Local\Programs\Python\Python312\Lib\site-packages\anyio\_backends\_asyncio.py", line 2518, in run_sync_in_worker_thread
    |     return await future
    |            ^^^^^^^^^^^^
    |   File "C:\Users\Phenomenal\AppData\Local\Programs\Python\Python312\Lib\site-packages\anyio\_backends\_asyncio.py", line 1002, in run
    |     result = context.run(func, *args)
    |              ^^^^^^^^^^^^^^^^^^^^^^^^
    |   File "C:\Users\Phenomenal\AppData\Local\Programs\Python\Python312\Lib\site-packages\slowapi\extension.py", line 766, in sync_wrapper
    |     response = func(*args, **kwargs)
    |                ^^^^^^^^^^^^^^^^^^^^^
    |   File "C:\Users\Phenomenal\Desktop\Pickbook\app\admin\routes.py", line 351, in create_announcement
    |     return _announcement_row(row)
    |            ^^^^^^^^^^^^^^^^^^^^^^
    |   File "C:\Users\Phenomenal\Desktop\Pickbook\app\admin\routes.py", line 209, in _announcement_row
    |     row.publish_at <= _now()
    | TypeError: can't compare offset-naive and offset-aware datetimes
    +------------------------------------

During handling of the above exception, another exception occurred:

Traceback (most recent call last):
  File "C:\Users\Phenomenal\AppData\Local\Programs\Python\Python312\Lib\site-packages\uvicorn\protocols\http\httptools_impl.py", line 411, in run_asgi
    result = await app(  # type: ignore[func-returns-value]
             ^^^^^^^^^^^^^^^^^^^^^^^^^^^^^^^^^^^^^^^^^^^^^^
  File "C:\Users\Phenomenal\AppData\Local\Programs\Python\Python312\Lib\site-packages\uvicorn\middleware\proxy_headers.py", line 69, in __call__
    return await self.app(scope, receive, send)
           ^^^^^^^^^^^^^^^^^^^^^^^^^^^^^^^^^^^^
  File "C:\Users\Phenomenal\AppData\Local\Programs\Python\Python312\Lib\site-packages\fastapi\applications.py", line 1054, in __call__
    await super().__call__(scope, receive, send)
  File "C:\Users\Phenomenal\AppData\Local\Programs\Python\Python312\Lib\site-packages\starlette\applications.py", line 123, in __call__
    await self.middleware_stack(scope, receive, send)
  File "C:\Users\Phenomenal\AppData\Local\Programs\Python\Python312\Lib\site-packages\starlette\middleware\errors.py", line 186, in __call__
    raise exc
  File "C:\Users\Phenomenal\AppData\Local\Programs\Python\Python312\Lib\site-packages\starlette\middleware\errors.py", line 164, in __call__
    await self.app(scope, receive, _send)
  File "C:\Users\Phenomenal\AppData\Local\Programs\Python\Python312\Lib\site-packages\starlette\middleware\base.py", line 189, in __call__
    with collapse_excgroups():
  File "C:\Users\Phenomenal\AppData\Local\Programs\Python\Python312\Lib\contextlib.py", line 155, in __exit__
    self.gen.throw(value)
  File "C:\Users\Phenomenal\AppData\Local\Programs\Python\Python312\Lib\site-packages\starlette\_utils.py", line 93, in collapse_excgroups
    raise exc
  File "C:\Users\Phenomenal\AppData\Local\Programs\Python\Python312\Lib\site-packages\starlette\middleware\base.py", line 191, in __call__
    response = await self.dispatch_func(request, call_next)
               ^^^^^^^^^^^^^^^^^^^^^^^^^^^^^^^^^^^^^^^^^^^^
  File "C:\Users\Phenomenal\Desktop\Pickbook\app\main.py", line 94, in security_headers
    response = await call_next(request)
               ^^^^^^^^^^^^^^^^^^^^^^^^
  File "C:\Users\Phenomenal\AppData\Local\Programs\Python\Python312\Lib\site-packages\starlette\middleware\base.py", line 165, in call_next
    raise app_exc
  File "C:\Users\Phenomenal\AppData\Local\Programs\Python\Python312\Lib\site-packages\starlette\middleware\base.py", line 151, in coro
    await self.app(scope, receive_or_disconnect, send_no_error)
  File "C:\Users\Phenomenal\AppData\Local\Programs\Python\Python312\Lib\site-packages\starlette\middleware\cors.py", line 93, in __call__
    await self.simple_response(scope, receive, send, request_headers=headers)
  File "C:\Users\Phenomenal\AppData\Local\Programs\Python\Python312\Lib\site-packages\starlette\middleware\cors.py", line 148, in simple_response
    await self.app(scope, receive, send)
  File "C:\Users\Phenomenal\AppData\Local\Programs\Python\Python312\Lib\site-packages\starlette\middleware\exceptions.py", line 65, in __call__
    await wrap_app_handling_exceptions(self.app, conn)(scope, receive, send)
  File "C:\Users\Phenomenal\AppData\Local\Programs\Python\Python312\Lib\site-packages\starlette\_exception_handler.py", line 64, in wrapped_app
    raise exc
  File "C:\Users\Phenomenal\AppData\Local\Programs\Python\Python312\Lib\site-packages\starlette\_exception_handler.py", line 53, in wrapped_app
    await app(scope, receive, sender)
  File "C:\Users\Phenomenal\AppData\Local\Programs\Python\Python312\Lib\site-packages\starlette\routing.py", line 756, in __call__
    await self.middleware_stack(scope, receive, send)
  File "C:\Users\Phenomenal\AppData\Local\Programs\Python\Python312\Lib\site-packages\starlette\routing.py", line 776, in app
    await route.handle(scope, receive, send)
  File "C:\Users\Phenomenal\AppData\Local\Programs\Python\Python312\Lib\site-packages\starlette\routing.py", line 297, in handle
    await self.app(scope, receive, send)
  File "C:\Users\Phenomenal\AppData\Local\Programs\Python\Python312\Lib\site-packages\starlette\routing.py", line 77, in app
    await wrap_app_handling_exceptions(app, request)(scope, receive, send)
  File "C:\Users\Phenomenal\AppData\Local\Programs\Python\Python312\Lib\site-packages\starlette\_exception_handler.py", line 64, in wrapped_app
    raise exc
  File "C:\Users\Phenomenal\AppData\Local\Programs\Python\Python312\Lib\site-packages\starlette\_exception_handler.py", line 53, in wrapped_app
    await app(scope, receive, sender)
  File "C:\Users\Phenomenal\AppData\Local\Programs\Python\Python312\Lib\site-packages\starlette\routing.py", line 72, in app
    response = await func(request)
               ^^^^^^^^^^^^^^^^^^^
  File "C:\Users\Phenomenal\AppData\Local\Programs\Python\Python312\Lib\site-packages\fastapi\routing.py", line 278, in app
    raw_response = await run_endpoint_function(
                   ^^^^^^^^^^^^^^^^^^^^^^^^^^^^
  File "C:\Users\Phenomenal\AppData\Local\Programs\Python\Python312\Lib\site-packages\fastapi\routing.py", line 193, in run_endpoint_function
    return await run_in_threadpool(dependant.call, **values)
           ^^^^^^^^^^^^^^^^^^^^^^^^^^^^^^^^^^^^^^^^^^^^^^^^^
  File "C:\Users\Phenomenal\AppData\Local\Programs\Python\Python312\Lib\site-packages\starlette\concurrency.py", line 42, in run_in_threadpool
    return await anyio.to_thread.run_sync(func, *args)
           ^^^^^^^^^^^^^^^^^^^^^^^^^^^^^^^^^^^^^^^^^^^
  File "C:\Users\Phenomenal\AppData\Local\Programs\Python\Python312\Lib\site-packages\anyio\to_thread.py", line 63, in run_sync
    return await get_async_backend().run_sync_in_worker_thread(
           ^^^^^^^^^^^^^^^^^^^^^^^^^^^^^^^^^^^^^^^^^^^^^^^^^^^^
  File "C:\Users\Phenomenal\AppData\Local\Programs\Python\Python312\Lib\site-packages\anyio\_backends\_asyncio.py", line 2518, in run_sync_in_worker_thread
    return await future
           ^^^^^^^^^^^^
  File "C:\Users\Phenomenal\AppData\Local\Programs\Python\Python312\Lib\site-packages\anyio\_backends\_asyncio.py", line 1002, in run
    result = context.run(func, *args)
             ^^^^^^^^^^^^^^^^^^^^^^^^
  File "C:\Users\Phenomenal\AppData\Local\Programs\Python\Python312\Lib\site-packages\slowapi\extension.py", line 766, in sync_wrapper
    response = func(*args, **kwargs)
               ^^^^^^^^^^^^^^^^^^^^^
  File "C:\Users\Phenomenal\Desktop\Pickbook\app\admin\routes.py", line 351, in create_announcement
    return _announcement_row(row)
           ^^^^^^^^^^^^^^^^^^^^^^
  File "C:\Users\Phenomenal\Desktop\Pickbook\app\admin\routes.py", line 209, in _announcement_row
    row.publish_at <= _now()
TypeError: can't compare offset-naive and offset-aware datetimes
ERROR:    Exception in ASGI application
  + Exception Group Traceback (most recent call last):
  |   File "C:\Users\Phenomenal\AppData\Local\Programs\Python\Python312\Lib\site-packages\starlette\_utils.py", line 87, in collapse_excgroups
  |     yield
  |   File "C:\Users\Phenomenal\AppData\Local\Programs\Python\Python312\Lib\site-packages\starlette\middleware\base.py", line 190, in __call__
  |     async with anyio.create_task_group() as task_group:
  |   File "C:\Users\Phenomenal\AppData\Local\Programs\Python\Python312\Lib\site-packages\anyio\_backends\_asyncio.py", line 799, in __aexit__
  |     raise BaseExceptionGroup(
  | ExceptionGroup: unhandled errors in a TaskGroup (1 sub-exception)
  +-+---------------- 1 ----------------
    | Traceback (most recent call last):
    |   File "C:\Users\Phenomenal\AppData\Local\Programs\Python\Python312\Lib\site-packages\uvicorn\protocols\http\httptools_impl.py", line 411, in run_asgi
    |     result = await app(  # type: ignore[func-returns-value]
    |              ^^^^^^^^^^^^^^^^^^^^^^^^^^^^^^^^^^^^^^^^^^^^^^
    |   File "C:\Users\Phenomenal\AppData\Local\Programs\Python\Python312\Lib\site-packages\uvicorn\middleware\proxy_headers.py", line 69, in __call__
    |     return await self.app(scope, receive, send)
    |            ^^^^^^^^^^^^^^^^^^^^^^^^^^^^^^^^^^^^
    |   File "C:\Users\Phenomenal\AppData\Local\Programs\Python\Python312\Lib\site-packages\fastapi\applications.py", line 1054, in __call__
    |     await super().__call__(scope, receive, send)
    |   File "C:\Users\Phenomenal\AppData\Local\Programs\Python\Python312\Lib\site-packages\starlette\applications.py", line 123, in __call__
    |     await self.middleware_stack(scope, receive, send)
    |   File "C:\Users\Phenomenal\AppData\Local\Programs\Python\Python312\Lib\site-packages\starlette\middleware\errors.py", line 186, in __call__
    |     raise exc
    |   File "C:\Users\Phenomenal\AppData\Local\Programs\Python\Python312\Lib\site-packages\starlette\middleware\errors.py", line 164, in __call__
    |     await self.app(scope, receive, _send)
    |   File "C:\Users\Phenomenal\AppData\Local\Programs\Python\Python312\Lib\site-packages\starlette\middleware\base.py", line 189, in __call__
    |     with collapse_excgroups():
    |   File "C:\Users\Phenomenal\AppData\Local\Programs\Python\Python312\Lib\contextlib.py", line 155, in __exit__
    |     self.gen.throw(value)
    |   File "C:\Users\Phenomenal\AppData\Local\Programs\Python\Python312\Lib\site-packages\starlette\_utils.py", line 93, in collapse_excgroups
    |     raise exc
    |   File "C:\Users\Phenomenal\AppData\Local\Programs\Python\Python312\Lib\site-packages\starlette\middleware\base.py", line 191, in __call__
    |     response = await self.dispatch_func(request, call_next)
    |                ^^^^^^^^^^^^^^^^^^^^^^^^^^^^^^^^^^^^^^^^^^^^
    |   File "C:\Users\Phenomenal\Desktop\Pickbook\app\main.py", line 94, in security_headers
    |     response = await call_next(request)
    |                ^^^^^^^^^^^^^^^^^^^^^^^^
    |   File "C:\Users\Phenomenal\AppData\Local\Programs\Python\Python312\Lib\site-packages\starlette\middleware\base.py", line 165, in call_next
    |     raise app_exc
    |   File "C:\Users\Phenomenal\AppData\Local\Programs\Python\Python312\Lib\site-packages\starlette\middleware\base.py", line 151, in coro
    |     await self.app(scope, receive_or_disconnect, send_no_error)
    |   File "C:\Users\Phenomenal\AppData\Local\Programs\Python\Python312\Lib\site-packages\starlette\middleware\cors.py", line 93, in __call__
    |     await self.simple_response(scope, receive, send, request_headers=headers)
    |   File "C:\Users\Phenomenal\AppData\Local\Programs\Python\Python312\Lib\site-packages\starlette\middleware\cors.py", line 148, in simple_response
    |     await self.app(scope, receive, send)
    |   File "C:\Users\Phenomenal\AppData\Local\Programs\Python\Python312\Lib\site-packages\starlette\middleware\exceptions.py", line 65, in __call__
    |     await wrap_app_handling_exceptions(self.app, conn)(scope, receive, send)
    |   File "C:\Users\Phenomenal\AppData\Local\Programs\Python\Python312\Lib\site-packages\starlette\_exception_handler.py", line 64, in wrapped_app
    |     raise exc
    |   File "C:\Users\Phenomenal\AppData\Local\Programs\Python\Python312\Lib\site-packages\starlette\_exception_handler.py", line 53, in wrapped_app
    |     await app(scope, receive, sender)
    |   File "C:\Users\Phenomenal\AppData\Local\Programs\Python\Python312\Lib\site-packages\starlette\routing.py", line 756, in __call__
    |     await self.middleware_stack(scope, receive, send)
    |   File "C:\Users\Phenomenal\AppData\Local\Programs\Python\Python312\Lib\site-packages\starlette\routing.py", line 776, in app
    |     await route.handle(scope, receive, send)
    |   File "C:\Users\Phenomenal\AppData\Local\Programs\Python\Python312\Lib\site-packages\starlette\routing.py", line 297, in handle
    |     await self.app(scope, receive, send)
    |   File "C:\Users\Phenomenal\AppData\Local\Programs\Python\Python312\Lib\site-packages\starlette\routing.py", line 77, in app
    |     await wrap_app_handling_exceptions(app, request)(scope, receive, send)
    |   File "C:\Users\Phenomenal\AppData\Local\Programs\Python\Python312\Lib\site-packages\starlette\_exception_handler.py", line 64, in wrapped_app
    |     raise exc
    |   File "C:\Users\Phenomenal\AppData\Local\Programs\Python\Python312\Lib\site-packages\starlette\_exception_handler.py", line 53, in wrapped_app
    |     await app(scope, receive, sender)
    |   File "C:\Users\Phenomenal\AppData\Local\Programs\Python\Python312\Lib\site-packages\starlette\routing.py", line 72, in app
    |     response = await func(request)
    |                ^^^^^^^^^^^^^^^^^^^
    |   File "C:\Users\Phenomenal\AppData\Local\Programs\Python\Python312\Lib\site-packages\fastapi\routing.py", line 278, in app
    |     raw_response = await run_endpoint_function(
    |                    ^^^^^^^^^^^^^^^^^^^^^^^^^^^^
    |   File "C:\Users\Phenomenal\AppData\Local\Programs\Python\Python312\Lib\site-packages\fastapi\routing.py", line 193, in run_endpoint_function
    |     return await run_in_threadpool(dependant.call, **values)
    |            ^^^^^^^^^^^^^^^^^^^^^^^^^^^^^^^^^^^^^^^^^^^^^^^^^
    |   File "C:\Users\Phenomenal\AppData\Local\Programs\Python\Python312\Lib\site-packages\starlette\concurrency.py", line 42, in run_in_threadpool
    |     return await anyio.to_thread.run_sync(func, *args)
    |            ^^^^^^^^^^^^^^^^^^^^^^^^^^^^^^^^^^^^^^^^^^^
    |   File "C:\Users\Phenomenal\AppData\Local\Programs\Python\Python312\Lib\site-packages\anyio\to_thread.py", line 63, in run_sync
    |     return await get_async_backend().run_sync_in_worker_thread(
    |            ^^^^^^^^^^^^^^^^^^^^^^^^^^^^^^^^^^^^^^^^^^^^^^^^^^^^
    |   File "C:\Users\Phenomenal\AppData\Local\Programs\Python\Python312\Lib\site-packages\anyio\_backends\_asyncio.py", line 2518, in run_sync_in_worker_thread
    |     return await future
    |            ^^^^^^^^^^^^
    |   File "C:\Users\Phenomenal\AppData\Local\Programs\Python\Python312\Lib\site-packages\anyio\_backends\_asyncio.py", line 1002, in run
    |     result = context.run(func, *args)
    |              ^^^^^^^^^^^^^^^^^^^^^^^^
    |   File "C:\Users\Phenomenal\AppData\Local\Programs\Python\Python312\Lib\site-packages\slowapi\extension.py", line 766, in sync_wrapper
    |     response = func(*args, **kwargs)
    |                ^^^^^^^^^^^^^^^^^^^^^
    |   File "C:\Users\Phenomenal\Desktop\Pickbook\app\admin\routes.py", line 351, in create_announcement
    |     return _announcement_row(row)
    |            ^^^^^^^^^^^^^^^^^^^^^^
    |   File "C:\Users\Phenomenal\Desktop\Pickbook\app\admin\routes.py", line 209, in _announcement_row
    |     row.publish_at <= _now()
    | TypeError: can't compare offset-naive and offset-aware datetimes
    +------------------------------------

During handling of the above exception, another exception occurred:

Traceback (most recent call last):
  File "C:\Users\Phenomenal\AppData\Local\Programs\Python\Python312\Lib\site-packages\uvicorn\protocols\http\httptools_impl.py", line 411, in run_asgi
    result = await app(  # type: ignore[func-returns-value]
             ^^^^^^^^^^^^^^^^^^^^^^^^^^^^^^^^^^^^^^^^^^^^^^
  File "C:\Users\Phenomenal\AppData\Local\Programs\Python\Python312\Lib\site-packages\uvicorn\middleware\proxy_headers.py", line 69, in __call__
    return await self.app(scope, receive, send)
           ^^^^^^^^^^^^^^^^^^^^^^^^^^^^^^^^^^^^
  File "C:\Users\Phenomenal\AppData\Local\Programs\Python\Python312\Lib\site-packages\fastapi\applications.py", line 1054, in __call__
    await super().__call__(scope, receive, send)
  File "C:\Users\Phenomenal\AppData\Local\Programs\Python\Python312\Lib\site-packages\starlette\applications.py", line 123, in __call__
    await self.middleware_stack(scope, receive, send)
  File "C:\Users\Phenomenal\AppData\Local\Programs\Python\Python312\Lib\site-packages\starlette\middleware\errors.py", line 186, in __call__
    raise exc
  File "C:\Users\Phenomenal\AppData\Local\Programs\Python\Python312\Lib\site-packages\starlette\middleware\errors.py", line 164, in __call__
    await self.app(scope, receive, _send)
  File "C:\Users\Phenomenal\AppData\Local\Programs\Python\Python312\Lib\site-packages\starlette\middleware\base.py", line 189, in __call__
    with collapse_excgroups():
  File "C:\Users\Phenomenal\AppData\Local\Programs\Python\Python312\Lib\contextlib.py", line 155, in __exit__
    self.gen.throw(value)
  File "C:\Users\Phenomenal\AppData\Local\Programs\Python\Python312\Lib\site-packages\starlette\_utils.py", line 93, in collapse_excgroups
    raise exc
  File "C:\Users\Phenomenal\AppData\Local\Programs\Python\Python312\Lib\site-packages\starlette\middleware\base.py", line 191, in __call__
    response = await self.dispatch_func(request, call_next)
               ^^^^^^^^^^^^^^^^^^^^^^^^^^^^^^^^^^^^^^^^^^^^
  File "C:\Users\Phenomenal\Desktop\Pickbook\app\main.py", line 94, in security_headers
    response = await call_next(request)
               ^^^^^^^^^^^^^^^^^^^^^^^^
  File "C:\Users\Phenomenal\AppData\Local\Programs\Python\Python312\Lib\site-packages\starlette\middleware\base.py", line 165, in call_next
    raise app_exc
  File "C:\Users\Phenomenal\AppData\Local\Programs\Python\Python312\Lib\site-packages\starlette\middleware\base.py", line 151, in coro
    await self.app(scope, receive_or_disconnect, send_no_error)
  File "C:\Users\Phenomenal\AppData\Local\Programs\Python\Python312\Lib\site-packages\starlette\middleware\cors.py", line 93, in __call__
    await self.simple_response(scope, receive, send, request_headers=headers)
  File "C:\Users\Phenomenal\AppData\Local\Programs\Python\Python312\Lib\site-packages\starlette\middleware\cors.py", line 148, in simple_response
    await self.app(scope, receive, send)
  File "C:\Users\Phenomenal\AppData\Local\Programs\Python\Python312\Lib\site-packages\starlette\middleware\exceptions.py", line 65, in __call__
    await wrap_app_handling_exceptions(self.app, conn)(scope, receive, send)
  File "C:\Users\Phenomenal\AppData\Local\Programs\Python\Python312\Lib\site-packages\starlette\_exception_handler.py", line 64, in wrapped_app
    raise exc
  File "C:\Users\Phenomenal\AppData\Local\Programs\Python\Python312\Lib\site-packages\starlette\_exception_handler.py", line 53, in wrapped_app
    await app(scope, receive, sender)
  File "C:\Users\Phenomenal\AppData\Local\Programs\Python\Python312\Lib\site-packages\starlette\routing.py", line 756, in __call__
    await self.middleware_stack(scope, receive, send)
  File "C:\Users\Phenomenal\AppData\Local\Programs\Python\Python312\Lib\site-packages\starlette\routing.py", line 776, in app
    await route.handle(scope, receive, send)
  File "C:\Users\Phenomenal\AppData\Local\Programs\Python\Python312\Lib\site-packages\starlette\routing.py", line 297, in handle
    await self.app(scope, receive, send)
  File "C:\Users\Phenomenal\AppData\Local\Programs\Python\Python312\Lib\site-packages\starlette\routing.py", line 77, in app
    await wrap_app_handling_exceptions(app, request)(scope, receive, send)
  File "C:\Users\Phenomenal\AppData\Local\Programs\Python\Python312\Lib\site-packages\starlette\_exception_handler.py", line 64, in wrapped_app
    raise exc
  File "C:\Users\Phenomenal\AppData\Local\Programs\Python\Python312\Lib\site-packages\starlette\_exception_handler.py", line 53, in wrapped_app
    await app(scope, receive, sender)
  File "C:\Users\Phenomenal\AppData\Local\Programs\Python\Python312\Lib\site-packages\starlette\routing.py", line 72, in app
    response = await func(request)
               ^^^^^^^^^^^^^^^^^^^
  File "C:\Users\Phenomenal\AppData\Local\Programs\Python\Python312\Lib\site-packages\fastapi\routing.py", line 278, in app
    raw_response = await run_endpoint_function(
                   ^^^^^^^^^^^^^^^^^^^^^^^^^^^^
  File "C:\Users\Phenomenal\AppData\Local\Programs\Python\Python312\Lib\site-packages\fastapi\routing.py", line 193, in run_endpoint_function
    return await run_in_threadpool(dependant.call, **values)
           ^^^^^^^^^^^^^^^^^^^^^^^^^^^^^^^^^^^^^^^^^^^^^^^^^
  File "C:\Users\Phenomenal\AppData\Local\Programs\Python\Python312\Lib\site-packages\starlette\concurrency.py", line 42, in run_in_threadpool
    return await anyio.to_thread.run_sync(func, *args)
           ^^^^^^^^^^^^^^^^^^^^^^^^^^^^^^^^^^^^^^^^^^^
  File "C:\Users\Phenomenal\AppData\Local\Programs\Python\Python312\Lib\site-packages\anyio\to_thread.py", line 63, in run_sync
    return await get_async_backend().run_sync_in_worker_thread(
           ^^^^^^^^^^^^^^^^^^^^^^^^^^^^^^^^^^^^^^^^^^^^^^^^^^^^
  File "C:\Users\Phenomenal\AppData\Local\Programs\Python\Python312\Lib\site-packages\anyio\_backends\_asyncio.py", line 2518, in run_sync_in_worker_thread
    return await future
           ^^^^^^^^^^^^
  File "C:\Users\Phenomenal\AppData\Local\Programs\Python\Python312\Lib\site-packages\anyio\_backends\_asyncio.py", line 1002, in run
    result = context.run(func, *args)
             ^^^^^^^^^^^^^^^^^^^^^^^^
  File "C:\Users\Phenomenal\AppData\Local\Programs\Python\Python312\Lib\site-packages\slowapi\extension.py", line 766, in sync_wrapper
    response = func(*args, **kwargs)
               ^^^^^^^^^^^^^^^^^^^^^
  File "C:\Users\Phenomenal\Desktop\Pickbook\app\admin\routes.py", line 351, in create_announcement
    return _announcement_row(row)
           ^^^^^^^^^^^^^^^^^^^^^^
  File "C:\Users\Phenomenal\Desktop\Pickbook\app\admin\routes.py", line 209, in _announcement_row
    row.publish_at <= _now()
TypeError: can't compare offset-naive and offset-aware datetimes
ERROR:    Exception in ASGI application
  + Exception Group Traceback (most recent call last):
  |   File "C:\Users\Phenomenal\AppData\Local\Programs\Python\Python312\Lib\site-packages\starlette\_utils.py", line 87, in collapse_excgroups
  |     yield
  |   File "C:\Users\Phenomenal\AppData\Local\Programs\Python\Python312\Lib\site-packages\starlette\middleware\base.py", line 190, in __call__
  |     async with anyio.create_task_group() as task_group:
  |   File "C:\Users\Phenomenal\AppData\Local\Programs\Python\Python312\Lib\site-packages\anyio\_backends\_asyncio.py", line 799, in __aexit__
  |     raise BaseExceptionGroup(
  | ExceptionGroup: unhandled errors in a TaskGroup (1 sub-exception)
  +-+---------------- 1 ----------------
    | Traceback (most recent call last):
    |   File "C:\Users\Phenomenal\AppData\Local\Programs\Python\Python312\Lib\site-packages\uvicorn\protocols\http\httptools_impl.py", line 411, in run_asgi
    |     result = await app(  # type: ignore[func-returns-value]
    |              ^^^^^^^^^^^^^^^^^^^^^^^^^^^^^^^^^^^^^^^^^^^^^^
    |   File "C:\Users\Phenomenal\AppData\Local\Programs\Python\Python312\Lib\site-packages\uvicorn\middleware\proxy_headers.py", line 69, in __call__
    |     return await self.app(scope, receive, send)
    |            ^^^^^^^^^^^^^^^^^^^^^^^^^^^^^^^^^^^^
    |   File "C:\Users\Phenomenal\AppData\Local\Programs\Python\Python312\Lib\site-packages\fastapi\applications.py", line 1054, in __call__
    |     await super().__call__(scope, receive, send)
    |   File "C:\Users\Phenomenal\AppData\Local\Programs\Python\Python312\Lib\site-packages\starlette\applications.py", line 123, in __call__
    |     await self.middleware_stack(scope, receive, send)
    |   File "C:\Users\Phenomenal\AppData\Local\Programs\Python\Python312\Lib\site-packages\starlette\middleware\errors.py", line 186, in __call__
    |     raise exc
    |   File "C:\Users\Phenomenal\AppData\Local\Programs\Python\Python312\Lib\site-packages\starlette\middleware\errors.py", line 164, in __call__
    |     await self.app(scope, receive, _send)
    |   File "C:\Users\Phenomenal\AppData\Local\Programs\Python\Python312\Lib\site-packages\starlette\middleware\base.py", line 189, in __call__
    |     with collapse_excgroups():
    |   File "C:\Users\Phenomenal\AppData\Local\Programs\Python\Python312\Lib\contextlib.py", line 155, in __exit__
    |     self.gen.throw(value)
    |   File "C:\Users\Phenomenal\AppData\Local\Programs\Python\Python312\Lib\site-packages\starlette\_utils.py", line 93, in collapse_excgroups
    |     raise exc
    |   File "C:\Users\Phenomenal\AppData\Local\Programs\Python\Python312\Lib\site-packages\starlette\middleware\base.py", line 191, in __call__
    |     response = await self.dispatch_func(request, call_next)
    |                ^^^^^^^^^^^^^^^^^^^^^^^^^^^^^^^^^^^^^^^^^^^^
    |   File "C:\Users\Phenomenal\Desktop\Pickbook\app\main.py", line 94, in security_headers
    |     response = await call_next(request)
    |                ^^^^^^^^^^^^^^^^^^^^^^^^
    |   File "C:\Users\Phenomenal\AppData\Local\Programs\Python\Python312\Lib\site-packages\starlette\middleware\base.py", line 165, in call_next
    |     raise app_exc
    |   File "C:\Users\Phenomenal\AppData\Local\Programs\Python\Python312\Lib\site-packages\starlette\middleware\base.py", line 151, in coro
    |     await self.app(scope, receive_or_disconnect, send_no_error)
    |   File "C:\Users\Phenomenal\AppData\Local\Programs\Python\Python312\Lib\site-packages\starlette\middleware\cors.py", line 93, in __call__
    |     await self.simple_response(scope, receive, send, request_headers=headers)
    |   File "C:\Users\Phenomenal\AppData\Local\Programs\Python\Python312\Lib\site-packages\starlette\middleware\cors.py", line 148, in simple_response
    |     await self.app(scope, receive, send)
    |   File "C:\Users\Phenomenal\AppData\Local\Programs\Python\Python312\Lib\site-packages\starlette\middleware\exceptions.py", line 65, in __call__
    |     await wrap_app_handling_exceptions(self.app, conn)(scope, receive, send)
    |   File "C:\Users\Phenomenal\AppData\Local\Programs\Python\Python312\Lib\site-packages\starlette\_exception_handler.py", line 64, in wrapped_app
    |     raise exc
    |   File "C:\Users\Phenomenal\AppData\Local\Programs\Python\Python312\Lib\site-packages\starlette\_exception_handler.py", line 53, in wrapped_app
    |     await app(scope, receive, sender)
    |   File "C:\Users\Phenomenal\AppData\Local\Programs\Python\Python312\Lib\site-packages\starlette\routing.py", line 756, in __call__
    |     await self.middleware_stack(scope, receive, send)
    |   File "C:\Users\Phenomenal\AppData\Local\Programs\Python\Python312\Lib\site-packages\starlette\routing.py", line 776, in app
    |     await route.handle(scope, receive, send)
    |   File "C:\Users\Phenomenal\AppData\Local\Programs\Python\Python312\Lib\site-packages\starlette\routing.py", line 297, in handle
    |     await self.app(scope, receive, send)
    |   File "C:\Users\Phenomenal\AppData\Local\Programs\Python\Python312\Lib\site-packages\starlette\routing.py", line 77, in app
    |     await wrap_app_handling_exceptions(app, request)(scope, receive, send)
    |   File "C:\Users\Phenomenal\AppData\Local\Programs\Python\Python312\Lib\site-packages\starlette\_exception_handler.py", line 64, in wrapped_app
    |     raise exc
    |   File "C:\Users\Phenomenal\AppData\Local\Programs\Python\Python312\Lib\site-packages\starlette\_exception_handler.py", line 53, in wrapped_app
    |     await app(scope, receive, sender)
    |   File "C:\Users\Phenomenal\AppData\Local\Programs\Python\Python312\Lib\site-packages\starlette\routing.py", line 72, in app
    |     response = await func(request)
    |                ^^^^^^^^^^^^^^^^^^^
    |   File "C:\Users\Phenomenal\AppData\Local\Programs\Python\Python312\Lib\site-packages\fastapi\routing.py", line 278, in app
    |     raw_response = await run_endpoint_function(
    |                    ^^^^^^^^^^^^^^^^^^^^^^^^^^^^
    |   File "C:\Users\Phenomenal\AppData\Local\Programs\Python\Python312\Lib\site-packages\fastapi\routing.py", line 193, in run_endpoint_function
    |     return await run_in_threadpool(dependant.call, **values)
    |            ^^^^^^^^^^^^^^^^^^^^^^^^^^^^^^^^^^^^^^^^^^^^^^^^^
    |   File "C:\Users\Phenomenal\AppData\Local\Programs\Python\Python312\Lib\site-packages\starlette\concurrency.py", line 42, in run_in_threadpool
    |     return await anyio.to_thread.run_sync(func, *args)
    |            ^^^^^^^^^^^^^^^^^^^^^^^^^^^^^^^^^^^^^^^^^^^
    |   File "C:\Users\Phenomenal\AppData\Local\Programs\Python\Python312\Lib\site-packages\anyio\to_thread.py", line 63, in run_sync
    |     return await get_async_backend().run_sync_in_worker_thread(
    |            ^^^^^^^^^^^^^^^^^^^^^^^^^^^^^^^^^^^^^^^^^^^^^^^^^^^^
    |   File "C:\Users\Phenomenal\AppData\Local\Programs\Python\Python312\Lib\site-packages\anyio\_backends\_asyncio.py", line 2518, in run_sync_in_worker_thread
    |     return await future
    |            ^^^^^^^^^^^^
    |   File "C:\Users\Phenomenal\AppData\Local\Programs\Python\Python312\Lib\site-packages\anyio\_backends\_asyncio.py", line 1002, in run
    |     result = context.run(func, *args)
    |              ^^^^^^^^^^^^^^^^^^^^^^^^
    |   File "C:\Users\Phenomenal\AppData\Local\Programs\Python\Python312\Lib\site-packages\slowapi\extension.py", line 766, in sync_wrapper
    |     response = func(*args, **kwargs)
    |                ^^^^^^^^^^^^^^^^^^^^^
    |   File "C:\Users\Phenomenal\Desktop\Pickbook\app\admin\routes.py", line 351, in create_announcement
    |     return _announcement_row(row)
    |            ^^^^^^^^^^^^^^^^^^^^^^
    |   File "C:\Users\Phenomenal\Desktop\Pickbook\app\admin\routes.py", line 209, in _announcement_row
    |     row.publish_at <= _now()
    | TypeError: can't compare offset-naive and offset-aware datetimes
    +------------------------------------

During handling of the above exception, another exception occurred:

Traceback (most recent call last):
  File "C:\Users\Phenomenal\AppData\Local\Programs\Python\Python312\Lib\site-packages\uvicorn\protocols\http\httptools_impl.py", line 411, in run_asgi
    result = await app(  # type: ignore[func-returns-value]
             ^^^^^^^^^^^^^^^^^^^^^^^^^^^^^^^^^^^^^^^^^^^^^^
  File "C:\Users\Phenomenal\AppData\Local\Programs\Python\Python312\Lib\site-packages\uvicorn\middleware\proxy_headers.py", line 69, in __call__
    return await self.app(scope, receive, send)
           ^^^^^^^^^^^^^^^^^^^^^^^^^^^^^^^^^^^^
  File "C:\Users\Phenomenal\AppData\Local\Programs\Python\Python312\Lib\site-packages\fastapi\applications.py", line 1054, in __call__
    await super().__call__(scope, receive, send)
  File "C:\Users\Phenomenal\AppData\Local\Programs\Python\Python312\Lib\site-packages\starlette\applications.py", line 123, in __call__
    await self.middleware_stack(scope, receive, send)
  File "C:\Users\Phenomenal\AppData\Local\Programs\Python\Python312\Lib\site-packages\starlette\middleware\errors.py", line 186, in __call__
    raise exc
  File "C:\Users\Phenomenal\AppData\Local\Programs\Python\Python312\Lib\site-packages\starlette\middleware\errors.py", line 164, in __call__
    await self.app(scope, receive, _send)
  File "C:\Users\Phenomenal\AppData\Local\Programs\Python\Python312\Lib\site-packages\starlette\middleware\base.py", line 189, in __call__
    with collapse_excgroups():
  File "C:\Users\Phenomenal\AppData\Local\Programs\Python\Python312\Lib\contextlib.py", line 155, in __exit__
    self.gen.throw(value)
  File "C:\Users\Phenomenal\AppData\Local\Programs\Python\Python312\Lib\site-packages\starlette\_utils.py", line 93, in collapse_excgroups
    raise exc
  File "C:\Users\Phenomenal\AppData\Local\Programs\Python\Python312\Lib\site-packages\starlette\middleware\base.py", line 191, in __call__
    response = await self.dispatch_func(request, call_next)
               ^^^^^^^^^^^^^^^^^^^^^^^^^^^^^^^^^^^^^^^^^^^^
  File "C:\Users\Phenomenal\Desktop\Pickbook\app\main.py", line 94, in security_headers
    response = await call_next(request)
               ^^^^^^^^^^^^^^^^^^^^^^^^
  File "C:\Users\Phenomenal\AppData\Local\Programs\Python\Python312\Lib\site-packages\starlette\middleware\base.py", line 165, in call_next
    raise app_exc
  File "C:\Users\Phenomenal\AppData\Local\Programs\Python\Python312\Lib\site-packages\starlette\middleware\base.py", line 151, in coro
    await self.app(scope, receive_or_disconnect, send_no_error)
  File "C:\Users\Phenomenal\AppData\Local\Programs\Python\Python312\Lib\site-packages\starlette\middleware\cors.py", line 93, in __call__
    await self.simple_response(scope, receive, send, request_headers=headers)
  File "C:\Users\Phenomenal\AppData\Local\Programs\Python\Python312\Lib\site-packages\starlette\middleware\cors.py", line 148, in simple_response
    await self.app(scope, receive, send)
  File "C:\Users\Phenomenal\AppData\Local\Programs\Python\Python312\Lib\site-packages\starlette\middleware\exceptions.py", line 65, in __call__
    await wrap_app_handling_exceptions(self.app, conn)(scope, receive, send)
  File "C:\Users\Phenomenal\AppData\Local\Programs\Python\Python312\Lib\site-packages\starlette\_exception_handler.py", line 64, in wrapped_app
    raise exc
  File "C:\Users\Phenomenal\AppData\Local\Programs\Python\Python312\Lib\site-packages\starlette\_exception_handler.py", line 53, in wrapped_app
    await app(scope, receive, sender)
  File "C:\Users\Phenomenal\AppData\Local\Programs\Python\Python312\Lib\site-packages\starlette\routing.py", line 756, in __call__
    await self.middleware_stack(scope, receive, send)
  File "C:\Users\Phenomenal\AppData\Local\Programs\Python\Python312\Lib\site-packages\starlette\routing.py", line 776, in app
    await route.handle(scope, receive, send)
  File "C:\Users\Phenomenal\AppData\Local\Programs\Python\Python312\Lib\site-packages\starlette\routing.py", line 297, in handle
    await self.app(scope, receive, send)
  File "C:\Users\Phenomenal\AppData\Local\Programs\Python\Python312\Lib\site-packages\starlette\routing.py", line 77, in app
    await wrap_app_handling_exceptions(app, request)(scope, receive, send)
  File "C:\Users\Phenomenal\AppData\Local\Programs\Python\Python312\Lib\site-packages\starlette\_exception_handler.py", line 64, in wrapped_app
    raise exc
  File "C:\Users\Phenomenal\AppData\Local\Programs\Python\Python312\Lib\site-packages\starlette\_exception_handler.py", line 53, in wrapped_app
    await app(scope, receive, sender)
  File "C:\Users\Phenomenal\AppData\Local\Programs\Python\Python312\Lib\site-packages\starlette\routing.py", line 72, in app
    response = await func(request)
               ^^^^^^^^^^^^^^^^^^^
  File "C:\Users\Phenomenal\AppData\Local\Programs\Python\Python312\Lib\site-packages\fastapi\routing.py", line 278, in app
    raw_response = await run_endpoint_function(
                   ^^^^^^^^^^^^^^^^^^^^^^^^^^^^
  File "C:\Users\Phenomenal\AppData\Local\Programs\Python\Python312\Lib\site-packages\fastapi\routing.py", line 193, in run_endpoint_function
    return await run_in_threadpool(dependant.call, **values)
           ^^^^^^^^^^^^^^^^^^^^^^^^^^^^^^^^^^^^^^^^^^^^^^^^^
  File "C:\Users\Phenomenal\AppData\Local\Programs\Python\Python312\Lib\site-packages\starlette\concurrency.py", line 42, in run_in_threadpool
    return await anyio.to_thread.run_sync(func, *args)
           ^^^^^^^^^^^^^^^^^^^^^^^^^^^^^^^^^^^^^^^^^^^
  File "C:\Users\Phenomenal\AppData\Local\Programs\Python\Python312\Lib\site-packages\anyio\to_thread.py", line 63, in run_sync
    return await get_async_backend().run_sync_in_worker_thread(
           ^^^^^^^^^^^^^^^^^^^^^^^^^^^^^^^^^^^^^^^^^^^^^^^^^^^^
  File "C:\Users\Phenomenal\AppData\Local\Programs\Python\Python312\Lib\site-packages\anyio\_backends\_asyncio.py", line 2518, in run_sync_in_worker_thread
    return await future
           ^^^^^^^^^^^^
  File "C:\Users\Phenomenal\AppData\Local\Programs\Python\Python312\Lib\site-packages\anyio\_backends\_asyncio.py", line 1002, in run
    result = context.run(func, *args)
             ^^^^^^^^^^^^^^^^^^^^^^^^
  File "C:\Users\Phenomenal\AppData\Local\Programs\Python\Python312\Lib\site-packages\slowapi\extension.py", line 766, in sync_wrapper
    response = func(*args, **kwargs)
               ^^^^^^^^^^^^^^^^^^^^^
  File "C:\Users\Phenomenal\Desktop\Pickbook\app\admin\routes.py", line 351, in create_announcement
    return _announcement_row(row)
           ^^^^^^^^^^^^^^^^^^^^^^
  File "C:\Users\Phenomenal\Desktop\Pickbook\app\admin\routes.py", line 209, in _announcement_row
    row.publish_at <= _now()
TypeError: can't compare offset-naive and offset-aware datetimes
ERROR:    Exception in ASGI application
  + Exception Group Traceback (most recent call last):
  |   File "C:\Users\Phenomenal\AppData\Local\Programs\Python\Python312\Lib\site-packages\starlette\_utils.py", line 87, in collapse_excgroups
  |     yield
  |   File "C:\Users\Phenomenal\AppData\Local\Programs\Python\Python312\Lib\site-packages\starlette\middleware\base.py", line 190, in __call__
  |     async with anyio.create_task_group() as task_group:
  |   File "C:\Users\Phenomenal\AppData\Local\Programs\Python\Python312\Lib\site-packages\anyio\_backends\_asyncio.py", line 799, in __aexit__
  |     raise BaseExceptionGroup(
  | ExceptionGroup: unhandled errors in a TaskGroup (1 sub-exception)
  +-+---------------- 1 ----------------
    | Traceback (most recent call last):
    |   File "C:\Users\Phenomenal\AppData\Local\Programs\Python\Python312\Lib\site-packages\uvicorn\protocols\http\httptools_impl.py", line 411, in run_asgi
    |     result = await app(  # type: ignore[func-returns-value]
    |              ^^^^^^^^^^^^^^^^^^^^^^^^^^^^^^^^^^^^^^^^^^^^^^
    |   File "C:\Users\Phenomenal\AppData\Local\Programs\Python\Python312\Lib\site-packages\uvicorn\middleware\proxy_headers.py", line 69, in __call__
    |     return await self.app(scope, receive, send)
    |            ^^^^^^^^^^^^^^^^^^^^^^^^^^^^^^^^^^^^
    |   File "C:\Users\Phenomenal\AppData\Local\Programs\Python\Python312\Lib\site-packages\fastapi\applications.py", line 1054, in __call__
    |     await super().__call__(scope, receive, send)
    |   File "C:\Users\Phenomenal\AppData\Local\Programs\Python\Python312\Lib\site-packages\starlette\applications.py", line 123, in __call__
    |     await self.middleware_stack(scope, receive, send)
    |   File "C:\Users\Phenomenal\AppData\Local\Programs\Python\Python312\Lib\site-packages\starlette\middleware\errors.py", line 186, in __call__
    |     raise exc
    |   File "C:\Users\Phenomenal\AppData\Local\Programs\Python\Python312\Lib\site-packages\starlette\middleware\errors.py", line 164, in __call__
    |     await self.app(scope, receive, _send)
    |   File "C:\Users\Phenomenal\AppData\Local\Programs\Python\Python312\Lib\site-packages\starlette\middleware\base.py", line 189, in __call__
    |     with collapse_excgroups():
    |   File "C:\Users\Phenomenal\AppData\Local\Programs\Python\Python312\Lib\contextlib.py", line 155, in __exit__
    |     self.gen.throw(value)
    |   File "C:\Users\Phenomenal\AppData\Local\Programs\Python\Python312\Lib\site-packages\starlette\_utils.py", line 93, in collapse_excgroups
    |     raise exc
    |   File "C:\Users\Phenomenal\AppData\Local\Programs\Python\Python312\Lib\site-packages\starlette\middleware\base.py", line 191, in __call__
    |     response = await self.dispatch_func(request, call_next)
    |                ^^^^^^^^^^^^^^^^^^^^^^^^^^^^^^^^^^^^^^^^^^^^
    |   File "C:\Users\Phenomenal\Desktop\Pickbook\app\main.py", line 94, in security_headers
    |     response = await call_next(request)
    |                ^^^^^^^^^^^^^^^^^^^^^^^^
    |   File "C:\Users\Phenomenal\AppData\Local\Programs\Python\Python312\Lib\site-packages\starlette\middleware\base.py", line 165, in call_next
    |     raise app_exc
    |   File "C:\Users\Phenomenal\AppData\Local\Programs\Python\Python312\Lib\site-packages\starlette\middleware\base.py", line 151, in coro
    |     await self.app(scope, receive_or_disconnect, send_no_error)
    |   File "C:\Users\Phenomenal\AppData\Local\Programs\Python\Python312\Lib\site-packages\starlette\middleware\cors.py", line 93, in __call__
    |     await self.simple_response(scope, receive, send, request_headers=headers)
    |   File "C:\Users\Phenomenal\AppData\Local\Programs\Python\Python312\Lib\site-packages\starlette\middleware\cors.py", line 148, in simple_response
    |     await self.app(scope, receive, send)
    |   File "C:\Users\Phenomenal\AppData\Local\Programs\Python\Python312\Lib\site-packages\starlette\middleware\exceptions.py", line 65, in __call__
    |     await wrap_app_handling_exceptions(self.app, conn)(scope, receive, send)
    |   File "C:\Users\Phenomenal\AppData\Local\Programs\Python\Python312\Lib\site-packages\starlette\_exception_handler.py", line 64, in wrapped_app
    |     raise exc
    |   File "C:\Users\Phenomenal\AppData\Local\Programs\Python\Python312\Lib\site-packages\starlette\_exception_handler.py", line 53, in wrapped_app
    |     await app(scope, receive, sender)
    |   File "C:\Users\Phenomenal\AppData\Local\Programs\Python\Python312\Lib\site-packages\starlette\routing.py", line 756, in __call__
    |     await self.middleware_stack(scope, receive, send)
    |   File "C:\Users\Phenomenal\AppData\Local\Programs\Python\Python312\Lib\site-packages\starlette\routing.py", line 776, in app
    |     await route.handle(scope, receive, send)
    |   File "C:\Users\Phenomenal\AppData\Local\Programs\Python\Python312\Lib\site-packages\starlette\routing.py", line 297, in handle
    |     await self.app(scope, receive, send)
    |   File "C:\Users\Phenomenal\AppData\Local\Programs\Python\Python312\Lib\site-packages\starlette\routing.py", line 77, in app
    |     await wrap_app_handling_exceptions(app, request)(scope, receive, send)
    |   File "C:\Users\Phenomenal\AppData\Local\Programs\Python\Python312\Lib\site-packages\starlette\_exception_handler.py", line 64, in wrapped_app
    |     raise exc
    |   File "C:\Users\Phenomenal\AppData\Local\Programs\Python\Python312\Lib\site-packages\starlette\_exception_handler.py", line 53, in wrapped_app
    |     await app(scope, receive, sender)
    |   File "C:\Users\Phenomenal\AppData\Local\Programs\Python\Python312\Lib\site-packages\starlette\routing.py", line 72, in app
    |     response = await func(request)
    |                ^^^^^^^^^^^^^^^^^^^
    |   File "C:\Users\Phenomenal\AppData\Local\Programs\Python\Python312\Lib\site-packages\fastapi\routing.py", line 278, in app
    |     raw_response = await run_endpoint_function(
    |                    ^^^^^^^^^^^^^^^^^^^^^^^^^^^^
    |   File "C:\Users\Phenomenal\AppData\Local\Programs\Python\Python312\Lib\site-packages\fastapi\routing.py", line 193, in run_endpoint_function
    |     return await run_in_threadpool(dependant.call, **values)
    |            ^^^^^^^^^^^^^^^^^^^^^^^^^^^^^^^^^^^^^^^^^^^^^^^^^
    |   File "C:\Users\Phenomenal\AppData\Local\Programs\Python\Python312\Lib\site-packages\starlette\concurrency.py", line 42, in run_in_threadpool
    |     return await anyio.to_thread.run_sync(func, *args)
    |            ^^^^^^^^^^^^^^^^^^^^^^^^^^^^^^^^^^^^^^^^^^^
    |   File "C:\Users\Phenomenal\AppData\Local\Programs\Python\Python312\Lib\site-packages\anyio\to_thread.py", line 63, in run_sync
    |     return await get_async_backend().run_sync_in_worker_thread(
    |            ^^^^^^^^^^^^^^^^^^^^^^^^^^^^^^^^^^^^^^^^^^^^^^^^^^^^
    |   File "C:\Users\Phenomenal\AppData\Local\Programs\Python\Python312\Lib\site-packages\anyio\_backends\_asyncio.py", line 2518, in run_sync_in_worker_thread
    |     return await future
    |            ^^^^^^^^^^^^
    |   File "C:\Users\Phenomenal\AppData\Local\Programs\Python\Python312\Lib\site-packages\anyio\_backends\_asyncio.py", line 1002, in run
    |     result = context.run(func, *args)
    |              ^^^^^^^^^^^^^^^^^^^^^^^^
    |   File "C:\Users\Phenomenal\AppData\Local\Programs\Python\Python312\Lib\site-packages\slowapi\extension.py", line 766, in sync_wrapper
    |     response = func(*args, **kwargs)
    |                ^^^^^^^^^^^^^^^^^^^^^
    |   File "C:\Users\Phenomenal\Desktop\Pickbook\app\admin\routes.py", line 351, in create_announcement
    |     return _announcement_row(row)
    |            ^^^^^^^^^^^^^^^^^^^^^^
    |   File "C:\Users\Phenomenal\Desktop\Pickbook\app\admin\routes.py", line 209, in _announcement_row
    |     row.publish_at <= _now()
    | TypeError: can't compare offset-naive and offset-aware datetimes
    +------------------------------------

During handling of the above exception, another exception occurred:

Traceback (most recent call last):
  File "C:\Users\Phenomenal\AppData\Local\Programs\Python\Python312\Lib\site-packages\uvicorn\protocols\http\httptools_impl.py", line 411, in run_asgi
    result = await app(  # type: ignore[func-returns-value]
             ^^^^^^^^^^^^^^^^^^^^^^^^^^^^^^^^^^^^^^^^^^^^^^
  File "C:\Users\Phenomenal\AppData\Local\Programs\Python\Python312\Lib\site-packages\uvicorn\middleware\proxy_headers.py", line 69, in __call__
    return await self.app(scope, receive, send)
           ^^^^^^^^^^^^^^^^^^^^^^^^^^^^^^^^^^^^
  File "C:\Users\Phenomenal\AppData\Local\Programs\Python\Python312\Lib\site-packages\fastapi\applications.py", line 1054, in __call__
    await super().__call__(scope, receive, send)
  File "C:\Users\Phenomenal\AppData\Local\Programs\Python\Python312\Lib\site-packages\starlette\applications.py", line 123, in __call__
    await self.middleware_stack(scope, receive, send)
  File "C:\Users\Phenomenal\AppData\Local\Programs\Python\Python312\Lib\site-packages\starlette\middleware\errors.py", line 186, in __call__
    raise exc
  File "C:\Users\Phenomenal\AppData\Local\Programs\Python\Python312\Lib\site-packages\starlette\middleware\errors.py", line 164, in __call__
    await self.app(scope, receive, _send)
  File "C:\Users\Phenomenal\AppData\Local\Programs\Python\Python312\Lib\site-packages\starlette\middleware\base.py", line 189, in __call__
    with collapse_excgroups():
  File "C:\Users\Phenomenal\AppData\Local\Programs\Python\Python312\Lib\contextlib.py", line 155, in __exit__
    self.gen.throw(value)
  File "C:\Users\Phenomenal\AppData\Local\Programs\Python\Python312\Lib\site-packages\starlette\_utils.py", line 93, in collapse_excgroups
    raise exc
  File "C:\Users\Phenomenal\AppData\Local\Programs\Python\Python312\Lib\site-packages\starlette\middleware\base.py", line 191, in __call__
    response = await self.dispatch_func(request, call_next)
               ^^^^^^^^^^^^^^^^^^^^^^^^^^^^^^^^^^^^^^^^^^^^
  File "C:\Users\Phenomenal\Desktop\Pickbook\app\main.py", line 94, in security_headers
    response = await call_next(request)
               ^^^^^^^^^^^^^^^^^^^^^^^^
  File "C:\Users\Phenomenal\AppData\Local\Programs\Python\Python312\Lib\site-packages\starlette\middleware\base.py", line 165, in call_next
    raise app_exc
  File "C:\Users\Phenomenal\AppData\Local\Programs\Python\Python312\Lib\site-packages\starlette\middleware\base.py", line 151, in coro
    await self.app(scope, receive_or_disconnect, send_no_error)
  File "C:\Users\Phenomenal\AppData\Local\Programs\Python\Python312\Lib\site-packages\starlette\middleware\cors.py", line 93, in __call__
    await self.simple_response(scope, receive, send, request_headers=headers)
  File "C:\Users\Phenomenal\AppData\Local\Programs\Python\Python312\Lib\site-packages\starlette\middleware\cors.py", line 148, in simple_response
    await self.app(scope, receive, send)
  File "C:\Users\Phenomenal\AppData\Local\Programs\Python\Python312\Lib\site-packages\starlette\middleware\exceptions.py", line 65, in __call__
    await wrap_app_handling_exceptions(self.app, conn)(scope, receive, send)
  File "C:\Users\Phenomenal\AppData\Local\Programs\Python\Python312\Lib\site-packages\starlette\_exception_handler.py", line 64, in wrapped_app
    raise exc
  File "C:\Users\Phenomenal\AppData\Local\Programs\Python\Python312\Lib\site-packages\starlette\_exception_handler.py", line 53, in wrapped_app
    await app(scope, receive, sender)
  File "C:\Users\Phenomenal\AppData\Local\Programs\Python\Python312\Lib\site-packages\starlette\routing.py", line 756, in __call__
    await self.middleware_stack(scope, receive, send)
  File "C:\Users\Phenomenal\AppData\Local\Programs\Python\Python312\Lib\site-packages\starlette\routing.py", line 776, in app
    await route.handle(scope, receive, send)
  File "C:\Users\Phenomenal\AppData\Local\Programs\Python\Python312\Lib\site-packages\starlette\routing.py", line 297, in handle
    await self.app(scope, receive, send)
  File "C:\Users\Phenomenal\AppData\Local\Programs\Python\Python312\Lib\site-packages\starlette\routing.py", line 77, in app
    await wrap_app_handling_exceptions(app, request)(scope, receive, send)
  File "C:\Users\Phenomenal\AppData\Local\Programs\Python\Python312\Lib\site-packages\starlette\_exception_handler.py", line 64, in wrapped_app
    raise exc
  File "C:\Users\Phenomenal\AppData\Local\Programs\Python\Python312\Lib\site-packages\starlette\_exception_handler.py", line 53, in wrapped_app
    await app(scope, receive, sender)
  File "C:\Users\Phenomenal\AppData\Local\Programs\Python\Python312\Lib\site-packages\starlette\routing.py", line 72, in app
    response = await func(request)
               ^^^^^^^^^^^^^^^^^^^
  File "C:\Users\Phenomenal\AppData\Local\Programs\Python\Python312\Lib\site-packages\fastapi\routing.py", line 278, in app
    raw_response = await run_endpoint_function(
                   ^^^^^^^^^^^^^^^^^^^^^^^^^^^^
  File "C:\Users\Phenomenal\AppData\Local\Programs\Python\Python312\Lib\site-packages\fastapi\routing.py", line 193, in run_endpoint_function
    return await run_in_threadpool(dependant.call, **values)
           ^^^^^^^^^^^^^^^^^^^^^^^^^^^^^^^^^^^^^^^^^^^^^^^^^
  File "C:\Users\Phenomenal\AppData\Local\Programs\Python\Python312\Lib\site-packages\starlette\concurrency.py", line 42, in run_in_threadpool
    return await anyio.to_thread.run_sync(func, *args)
           ^^^^^^^^^^^^^^^^^^^^^^^^^^^^^^^^^^^^^^^^^^^
  File "C:\Users\Phenomenal\AppData\Local\Programs\Python\Python312\Lib\site-packages\anyio\to_thread.py", line 63, in run_sync
    return await get_async_backend().run_sync_in_worker_thread(
           ^^^^^^^^^^^^^^^^^^^^^^^^^^^^^^^^^^^^^^^^^^^^^^^^^^^^
  File "C:\Users\Phenomenal\AppData\Local\Programs\Python\Python312\Lib\site-packages\anyio\_backends\_asyncio.py", line 2518, in run_sync_in_worker_thread
    return await future
           ^^^^^^^^^^^^
  File "C:\Users\Phenomenal\AppData\Local\Programs\Python\Python312\Lib\site-packages\anyio\_backends\_asyncio.py", line 1002, in run
    result = context.run(func, *args)
             ^^^^^^^^^^^^^^^^^^^^^^^^
  File "C:\Users\Phenomenal\AppData\Local\Programs\Python\Python312\Lib\site-packages\slowapi\extension.py", line 766, in sync_wrapper
    response = func(*args, **kwargs)
               ^^^^^^^^^^^^^^^^^^^^^
  File "C:\Users\Phenomenal\Desktop\Pickbook\app\admin\routes.py", line 351, in create_announcement
    return _announcement_row(row)
           ^^^^^^^^^^^^^^^^^^^^^^
  File "C:\Users\Phenomenal\Desktop\Pickbook\app\admin\routes.py", line 209, in _announcement_row
    row.publish_at <= _now()
TypeError: can't compare offset-naive and offset-aware datetimes
ERROR:    Exception in ASGI application
  + Exception Group Traceback (most recent call last):
  |   File "C:\Users\Phenomenal\AppData\Local\Programs\Python\Python312\Lib\site-packages\starlette\_utils.py", line 87, in collapse_excgroups
  |     yield
  |   File "C:\Users\Phenomenal\AppData\Local\Programs\Python\Python312\Lib\site-packages\starlette\middleware\base.py", line 190, in __call__
  |     async with anyio.create_task_group() as task_group:
  |   File "C:\Users\Phenomenal\AppData\Local\Programs\Python\Python312\Lib\site-packages\anyio\_backends\_asyncio.py", line 799, in __aexit__
  |     raise BaseExceptionGroup(
  | ExceptionGroup: unhandled errors in a TaskGroup (1 sub-exception)
  +-+---------------- 1 ----------------
    | Traceback (most recent call last):
    |   File "C:\Users\Phenomenal\AppData\Local\Programs\Python\Python312\Lib\site-packages\uvicorn\protocols\http\httptools_impl.py", line 411, in run_asgi
    |     result = await app(  # type: ignore[func-returns-value]
    |              ^^^^^^^^^^^^^^^^^^^^^^^^^^^^^^^^^^^^^^^^^^^^^^
    |   File "C:\Users\Phenomenal\AppData\Local\Programs\Python\Python312\Lib\site-packages\uvicorn\middleware\proxy_headers.py", line 69, in __call__
    |     return await self.app(scope, receive, send)
    |            ^^^^^^^^^^^^^^^^^^^^^^^^^^^^^^^^^^^^
    |   File "C:\Users\Phenomenal\AppData\Local\Programs\Python\Python312\Lib\site-packages\fastapi\applications.py", line 1054, in __call__
    |     await super().__call__(scope, receive, send)
    |   File "C:\Users\Phenomenal\AppData\Local\Programs\Python\Python312\Lib\site-packages\starlette\applications.py", line 123, in __call__
    |     await self.middleware_stack(scope, receive, send)
    |   File "C:\Users\Phenomenal\AppData\Local\Programs\Python\Python312\Lib\site-packages\starlette\middleware\errors.py", line 186, in __call__
    |     raise exc
    |   File "C:\Users\Phenomenal\AppData\Local\Programs\Python\Python312\Lib\site-packages\starlette\middleware\errors.py", line 164, in __call__
    |     await self.app(scope, receive, _send)
    |   File "C:\Users\Phenomenal\AppData\Local\Programs\Python\Python312\Lib\site-packages\starlette\middleware\base.py", line 189, in __call__
    |     with collapse_excgroups():
    |   File "C:\Users\Phenomenal\AppData\Local\Programs\Python\Python312\Lib\contextlib.py", line 155, in __exit__
    |     self.gen.throw(value)
    |   File "C:\Users\Phenomenal\AppData\Local\Programs\Python\Python312\Lib\site-packages\starlette\_utils.py", line 93, in collapse_excgroups
    |     raise exc
    |   File "C:\Users\Phenomenal\AppData\Local\Programs\Python\Python312\Lib\site-packages\starlette\middleware\base.py", line 191, in __call__
    |     response = await self.dispatch_func(request, call_next)
    |                ^^^^^^^^^^^^^^^^^^^^^^^^^^^^^^^^^^^^^^^^^^^^
    |   File "C:\Users\Phenomenal\Desktop\Pickbook\app\main.py", line 94, in security_headers
    |     response = await call_next(request)
    |                ^^^^^^^^^^^^^^^^^^^^^^^^
    |   File "C:\Users\Phenomenal\AppData\Local\Programs\Python\Python312\Lib\site-packages\starlette\middleware\base.py", line 165, in call_next
    |     raise app_exc
    |   File "C:\Users\Phenomenal\AppData\Local\Programs\Python\Python312\Lib\site-packages\starlette\middleware\base.py", line 151, in coro
    |     await self.app(scope, receive_or_disconnect, send_no_error)
    |   File "C:\Users\Phenomenal\AppData\Local\Programs\Python\Python312\Lib\site-packages\starlette\middleware\cors.py", line 93, in __call__
    |     await self.simple_response(scope, receive, send, request_headers=headers)
    |   File "C:\Users\Phenomenal\AppData\Local\Programs\Python\Python312\Lib\site-packages\starlette\middleware\cors.py", line 148, in simple_response
    |     await self.app(scope, receive, send)
    |   File "C:\Users\Phenomenal\AppData\Local\Programs\Python\Python312\Lib\site-packages\starlette\middleware\exceptions.py", line 65, in __call__
    |     await wrap_app_handling_exceptions(self.app, conn)(scope, receive, send)
    |   File "C:\Users\Phenomenal\AppData\Local\Programs\Python\Python312\Lib\site-packages\starlette\_exception_handler.py", line 64, in wrapped_app
    |     raise exc
    |   File "C:\Users\Phenomenal\AppData\Local\Programs\Python\Python312\Lib\site-packages\starlette\_exception_handler.py", line 53, in wrapped_app
    |     await app(scope, receive, sender)
    |   File "C:\Users\Phenomenal\AppData\Local\Programs\Python\Python312\Lib\site-packages\starlette\routing.py", line 756, in __call__
    |     await self.middleware_stack(scope, receive, send)
    |   File "C:\Users\Phenomenal\AppData\Local\Programs\Python\Python312\Lib\site-packages\starlette\routing.py", line 776, in app
    |     await route.handle(scope, receive, send)
    |   File "C:\Users\Phenomenal\AppData\Local\Programs\Python\Python312\Lib\site-packages\starlette\routing.py", line 297, in handle
    |     await self.app(scope, receive, send)
    |   File "C:\Users\Phenomenal\AppData\Local\Programs\Python\Python312\Lib\site-packages\starlette\routing.py", line 77, in app
    |     await wrap_app_handling_exceptions(app, request)(scope, receive, send)
    |   File "C:\Users\Phenomenal\AppData\Local\Programs\Python\Python312\Lib\site-packages\starlette\_exception_handler.py", line 64, in wrapped_app
    |     raise exc
    |   File "C:\Users\Phenomenal\AppData\Local\Programs\Python\Python312\Lib\site-packages\starlette\_exception_handler.py", line 53, in wrapped_app
    |     await app(scope, receive, sender)
    |   File "C:\Users\Phenomenal\AppData\Local\Programs\Python\Python312\Lib\site-packages\starlette\routing.py", line 72, in app
    |     response = await func(request)
    |                ^^^^^^^^^^^^^^^^^^^
    |   File "C:\Users\Phenomenal\AppData\Local\Programs\Python\Python312\Lib\site-packages\fastapi\routing.py", line 278, in app
    |     raw_response = await run_endpoint_function(
    |                    ^^^^^^^^^^^^^^^^^^^^^^^^^^^^
    |   File "C:\Users\Phenomenal\AppData\Local\Programs\Python\Python312\Lib\site-packages\fastapi\routing.py", line 193, in run_endpoint_function
    |     return await run_in_threadpool(dependant.call, **values)
    |            ^^^^^^^^^^^^^^^^^^^^^^^^^^^^^^^^^^^^^^^^^^^^^^^^^
    |   File "C:\Users\Phenomenal\AppData\Local\Programs\Python\Python312\Lib\site-packages\starlette\concurrency.py", line 42, in run_in_threadpool
    |     return await anyio.to_thread.run_sync(func, *args)
    |            ^^^^^^^^^^^^^^^^^^^^^^^^^^^^^^^^^^^^^^^^^^^
    |   File "C:\Users\Phenomenal\AppData\Local\Programs\Python\Python312\Lib\site-packages\anyio\to_thread.py", line 63, in run_sync
    |     return await get_async_backend().run_sync_in_worker_thread(
    |            ^^^^^^^^^^^^^^^^^^^^^^^^^^^^^^^^^^^^^^^^^^^^^^^^^^^^
    |   File "C:\Users\Phenomenal\AppData\Local\Programs\Python\Python312\Lib\site-packages\anyio\_backends\_asyncio.py", line 2518, in run_sync_in_worker_thread
    |     return await future
    |            ^^^^^^^^^^^^
    |   File "C:\Users\Phenomenal\AppData\Local\Programs\Python\Python312\Lib\site-packages\anyio\_backends\_asyncio.py", line 1002, in run
    |     result = context.run(func, *args)
    |              ^^^^^^^^^^^^^^^^^^^^^^^^
    |   File "C:\Users\Phenomenal\AppData\Local\Programs\Python\Python312\Lib\site-packages\slowapi\extension.py", line 766, in sync_wrapper
    |     response = func(*args, **kwargs)
    |                ^^^^^^^^^^^^^^^^^^^^^
    |   File "C:\Users\Phenomenal\Desktop\Pickbook\app\admin\routes.py", line 351, in create_announcement
    |     return _announcement_row(row)
    |            ^^^^^^^^^^^^^^^^^^^^^^
    |   File "C:\Users\Phenomenal\Desktop\Pickbook\app\admin\routes.py", line 209, in _announcement_row
    |     row.publish_at <= _now()
    | TypeError: can't compare offset-naive and offset-aware datetimes
    +------------------------------------

During handling of the above exception, another exception occurred:

Traceback (most recent call last):
  File "C:\Users\Phenomenal\AppData\Local\Programs\Python\Python312\Lib\site-packages\uvicorn\protocols\http\httptools_impl.py", line 411, in run_asgi
    result = await app(  # type: ignore[func-returns-value]
             ^^^^^^^^^^^^^^^^^^^^^^^^^^^^^^^^^^^^^^^^^^^^^^
  File "C:\Users\Phenomenal\AppData\Local\Programs\Python\Python312\Lib\site-packages\uvicorn\middleware\proxy_headers.py", line 69, in __call__
    return await self.app(scope, receive, send)
           ^^^^^^^^^^^^^^^^^^^^^^^^^^^^^^^^^^^^
  File "C:\Users\Phenomenal\AppData\Local\Programs\Python\Python312\Lib\site-packages\fastapi\applications.py", line 1054, in __call__
    await super().__call__(scope, receive, send)
  File "C:\Users\Phenomenal\AppData\Local\Programs\Python\Python312\Lib\site-packages\starlette\applications.py", line 123, in __call__
    await self.middleware_stack(scope, receive, send)
  File "C:\Users\Phenomenal\AppData\Local\Programs\Python\Python312\Lib\site-packages\starlette\middleware\errors.py", line 186, in __call__
    raise exc
  File "C:\Users\Phenomenal\AppData\Local\Programs\Python\Python312\Lib\site-packages\starlette\middleware\errors.py", line 164, in __call__
    await self.app(scope, receive, _send)
  File "C:\Users\Phenomenal\AppData\Local\Programs\Python\Python312\Lib\site-packages\starlette\middleware\base.py", line 189, in __call__
    with collapse_excgroups():
  File "C:\Users\Phenomenal\AppData\Local\Programs\Python\Python312\Lib\contextlib.py", line 155, in __exit__
    self.gen.throw(value)
  File "C:\Users\Phenomenal\AppData\Local\Programs\Python\Python312\Lib\site-packages\starlette\_utils.py", line 93, in collapse_excgroups
    raise exc
  File "C:\Users\Phenomenal\AppData\Local\Programs\Python\Python312\Lib\site-packages\starlette\middleware\base.py", line 191, in __call__
    response = await self.dispatch_func(request, call_next)
               ^^^^^^^^^^^^^^^^^^^^^^^^^^^^^^^^^^^^^^^^^^^^
  File "C:\Users\Phenomenal\Desktop\Pickbook\app\main.py", line 94, in security_headers
    response = await call_next(request)
               ^^^^^^^^^^^^^^^^^^^^^^^^
  File "C:\Users\Phenomenal\AppData\Local\Programs\Python\Python312\Lib\site-packages\starlette\middleware\base.py", line 165, in call_next
    raise app_exc
  File "C:\Users\Phenomenal\AppData\Local\Programs\Python\Python312\Lib\site-packages\starlette\middleware\base.py", line 151, in coro
    await self.app(scope, receive_or_disconnect, send_no_error)
  File "C:\Users\Phenomenal\AppData\Local\Programs\Python\Python312\Lib\site-packages\starlette\middleware\cors.py", line 93, in __call__
    await self.simple_response(scope, receive, send, request_headers=headers)
  File "C:\Users\Phenomenal\AppData\Local\Programs\Python\Python312\Lib\site-packages\starlette\middleware\cors.py", line 148, in simple_response
    await self.app(scope, receive, send)
  File "C:\Users\Phenomenal\AppData\Local\Programs\Python\Python312\Lib\site-packages\starlette\middleware\exceptions.py", line 65, in __call__
    await wrap_app_handling_exceptions(self.app, conn)(scope, receive, send)
  File "C:\Users\Phenomenal\AppData\Local\Programs\Python\Python312\Lib\site-packages\starlette\_exception_handler.py", line 64, in wrapped_app
    raise exc
  File "C:\Users\Phenomenal\AppData\Local\Programs\Python\Python312\Lib\site-packages\starlette\_exception_handler.py", line 53, in wrapped_app
    await app(scope, receive, sender)
  File "C:\Users\Phenomenal\AppData\Local\Programs\Python\Python312\Lib\site-packages\starlette\routing.py", line 756, in __call__
    await self.middleware_stack(scope, receive, send)
  File "C:\Users\Phenomenal\AppData\Local\Programs\Python\Python312\Lib\site-packages\starlette\routing.py", line 776, in app
    await route.handle(scope, receive, send)
  File "C:\Users\Phenomenal\AppData\Local\Programs\Python\Python312\Lib\site-packages\starlette\routing.py", line 297, in handle
    await self.app(scope, receive, send)
  File "C:\Users\Phenomenal\AppData\Local\Programs\Python\Python312\Lib\site-packages\starlette\routing.py", line 77, in app
    await wrap_app_handling_exceptions(app, request)(scope, receive, send)
  File "C:\Users\Phenomenal\AppData\Local\Programs\Python\Python312\Lib\site-packages\starlette\_exception_handler.py", line 64, in wrapped_app
    raise exc
  File "C:\Users\Phenomenal\AppData\Local\Programs\Python\Python312\Lib\site-packages\starlette\_exception_handler.py", line 53, in wrapped_app
    await app(scope, receive, sender)
  File "C:\Users\Phenomenal\AppData\Local\Programs\Python\Python312\Lib\site-packages\starlette\routing.py", line 72, in app
    response = await func(request)
               ^^^^^^^^^^^^^^^^^^^
  File "C:\Users\Phenomenal\AppData\Local\Programs\Python\Python312\Lib\site-packages\fastapi\routing.py", line 278, in app
    raw_response = await run_endpoint_function(
                   ^^^^^^^^^^^^^^^^^^^^^^^^^^^^
  File "C:\Users\Phenomenal\AppData\Local\Programs\Python\Python312\Lib\site-packages\fastapi\routing.py", line 193, in run_endpoint_function
    return await run_in_threadpool(dependant.call, **values)
           ^^^^^^^^^^^^^^^^^^^^^^^^^^^^^^^^^^^^^^^^^^^^^^^^^
  File "C:\Users\Phenomenal\AppData\Local\Programs\Python\Python312\Lib\site-packages\starlette\concurrency.py", line 42, in run_in_threadpool
    return await anyio.to_thread.run_sync(func, *args)
           ^^^^^^^^^^^^^^^^^^^^^^^^^^^^^^^^^^^^^^^^^^^
  File "C:\Users\Phenomenal\AppData\Local\Programs\Python\Python312\Lib\site-packages\anyio\to_thread.py", line 63, in run_sync
    return await get_async_backend().run_sync_in_worker_thread(
           ^^^^^^^^^^^^^^^^^^^^^^^^^^^^^^^^^^^^^^^^^^^^^^^^^^^^
  File "C:\Users\Phenomenal\AppData\Local\Programs\Python\Python312\Lib\site-packages\anyio\_backends\_asyncio.py", line 2518, in run_sync_in_worker_thread
    return await future
           ^^^^^^^^^^^^
  File "C:\Users\Phenomenal\AppData\Local\Programs\Python\Python312\Lib\site-packages\anyio\_backends\_asyncio.py", line 1002, in run
    result = context.run(func, *args)
             ^^^^^^^^^^^^^^^^^^^^^^^^
  File "C:\Users\Phenomenal\AppData\Local\Programs\Python\Python312\Lib\site-packages\slowapi\extension.py", line 766, in sync_wrapper
    response = func(*args, **kwargs)
               ^^^^^^^^^^^^^^^^^^^^^
  File "C:\Users\Phenomenal\Desktop\Pickbook\app\admin\routes.py", line 351, in create_announcement
    return _announcement_row(row)
           ^^^^^^^^^^^^^^^^^^^^^^
  File "C:\Users\Phenomenal\Desktop\Pickbook\app\admin\routes.py", line 209, in _announcement_row
    row.publish_at <= _now()
TypeError: can't compare offset-naive and offset-aware datetimes
ERROR:    Exception in ASGI application
  + Exception Group Traceback (most recent call last):
  |   File "C:\Users\Phenomenal\AppData\Local\Programs\Python\Python312\Lib\site-packages\starlette\_utils.py", line 87, in collapse_excgroups
  |     yield
  |   File "C:\Users\Phenomenal\AppData\Local\Programs\Python\Python312\Lib\site-packages\starlette\middleware\base.py", line 190, in __call__
  |     async with anyio.create_task_group() as task_group:
  |   File "C:\Users\Phenomenal\AppData\Local\Programs\Python\Python312\Lib\site-packages\anyio\_backends\_asyncio.py", line 799, in __aexit__
  |     raise BaseExceptionGroup(
  | ExceptionGroup: unhandled errors in a TaskGroup (1 sub-exception)
  +-+---------------- 1 ----------------
    | Traceback (most recent call last):
    |   File "C:\Users\Phenomenal\AppData\Local\Programs\Python\Python312\Lib\site-packages\uvicorn\protocols\http\httptools_impl.py", line 411, in run_asgi
    |     result = await app(  # type: ignore[func-returns-value]
    |              ^^^^^^^^^^^^^^^^^^^^^^^^^^^^^^^^^^^^^^^^^^^^^^
    |   File "C:\Users\Phenomenal\AppData\Local\Programs\Python\Python312\Lib\site-packages\uvicorn\middleware\proxy_headers.py", line 69, in __call__
    |     return await self.app(scope, receive, send)
    |            ^^^^^^^^^^^^^^^^^^^^^^^^^^^^^^^^^^^^
    |   File "C:\Users\Phenomenal\AppData\Local\Programs\Python\Python312\Lib\site-packages\fastapi\applications.py", line 1054, in __call__
    |     await super().__call__(scope, receive, send)
    |   File "C:\Users\Phenomenal\AppData\Local\Programs\Python\Python312\Lib\site-packages\starlette\applications.py", line 123, in __call__
    |     await self.middleware_stack(scope, receive, send)
    |   File "C:\Users\Phenomenal\AppData\Local\Programs\Python\Python312\Lib\site-packages\starlette\middleware\errors.py", line 186, in __call__
    |     raise exc
    |   File "C:\Users\Phenomenal\AppData\Local\Programs\Python\Python312\Lib\site-packages\starlette\middleware\errors.py", line 164, in __call__
    |     await self.app(scope, receive, _send)
    |   File "C:\Users\Phenomenal\AppData\Local\Programs\Python\Python312\Lib\site-packages\starlette\middleware\base.py", line 189, in __call__
    |     with collapse_excgroups():
    |   File "C:\Users\Phenomenal\AppData\Local\Programs\Python\Python312\Lib\contextlib.py", line 155, in __exit__
    |     self.gen.throw(value)
    |   File "C:\Users\Phenomenal\AppData\Local\Programs\Python\Python312\Lib\site-packages\starlette\_utils.py", line 93, in collapse_excgroups
    |     raise exc
    |   File "C:\Users\Phenomenal\AppData\Local\Programs\Python\Python312\Lib\site-packages\starlette\middleware\base.py", line 191, in __call__
    |     response = await self.dispatch_func(request, call_next)
    |                ^^^^^^^^^^^^^^^^^^^^^^^^^^^^^^^^^^^^^^^^^^^^
    |   File "C:\Users\Phenomenal\Desktop\Pickbook\app\main.py", line 94, in security_headers
    |     response = await call_next(request)
    |                ^^^^^^^^^^^^^^^^^^^^^^^^
    |   File "C:\Users\Phenomenal\AppData\Local\Programs\Python\Python312\Lib\site-packages\starlette\middleware\base.py", line 165, in call_next
    |     raise app_exc
    |   File "C:\Users\Phenomenal\AppData\Local\Programs\Python\Python312\Lib\site-packages\starlette\middleware\base.py", line 151, in coro
    |     await self.app(scope, receive_or_disconnect, send_no_error)
    |   File "C:\Users\Phenomenal\AppData\Local\Programs\Python\Python312\Lib\site-packages\starlette\middleware\cors.py", line 93, in __call__
    |     await self.simple_response(scope, receive, send, request_headers=headers)
    |   File "C:\Users\Phenomenal\AppData\Local\Programs\Python\Python312\Lib\site-packages\starlette\middleware\cors.py", line 148, in simple_response
    |     await self.app(scope, receive, send)
    |   File "C:\Users\Phenomenal\AppData\Local\Programs\Python\Python312\Lib\site-packages\starlette\middleware\exceptions.py", line 65, in __call__
    |     await wrap_app_handling_exceptions(self.app, conn)(scope, receive, send)
    |   File "C:\Users\Phenomenal\AppData\Local\Programs\Python\Python312\Lib\site-packages\starlette\_exception_handler.py", line 64, in wrapped_app
    |     raise exc
    |   File "C:\Users\Phenomenal\AppData\Local\Programs\Python\Python312\Lib\site-packages\starlette\_exception_handler.py", line 53, in wrapped_app
    |     await app(scope, receive, sender)
    |   File "C:\Users\Phenomenal\AppData\Local\Programs\Python\Python312\Lib\site-packages\starlette\routing.py", line 756, in __call__
    |     await self.middleware_stack(scope, receive, send)
    |   File "C:\Users\Phenomenal\AppData\Local\Programs\Python\Python312\Lib\site-packages\starlette\routing.py", line 776, in app
    |     await route.handle(scope, receive, send)
    |   File "C:\Users\Phenomenal\AppData\Local\Programs\Python\Python312\Lib\site-packages\starlette\routing.py", line 297, in handle
    |     await self.app(scope, receive, send)
    |   File "C:\Users\Phenomenal\AppData\Local\Programs\Python\Python312\Lib\site-packages\starlette\routing.py", line 77, in app
    |     await wrap_app_handling_exceptions(app, request)(scope, receive, send)
    |   File "C:\Users\Phenomenal\AppData\Local\Programs\Python\Python312\Lib\site-packages\starlette\_exception_handler.py", line 64, in wrapped_app
    |     raise exc
    |   File "C:\Users\Phenomenal\AppData\Local\Programs\Python\Python312\Lib\site-packages\starlette\_exception_handler.py", line 53, in wrapped_app
    |     await app(scope, receive, sender)
    |   File "C:\Users\Phenomenal\AppData\Local\Programs\Python\Python312\Lib\site-packages\starlette\routing.py", line 72, in app
    |     response = await func(request)
    |                ^^^^^^^^^^^^^^^^^^^
    |   File "C:\Users\Phenomenal\AppData\Local\Programs\Python\Python312\Lib\site-packages\fastapi\routing.py", line 278, in app
    |     raw_response = await run_endpoint_function(
    |                    ^^^^^^^^^^^^^^^^^^^^^^^^^^^^
    |   File "C:\Users\Phenomenal\AppData\Local\Programs\Python\Python312\Lib\site-packages\fastapi\routing.py", line 193, in run_endpoint_function
    |     return await run_in_threadpool(dependant.call, **values)
    |            ^^^^^^^^^^^^^^^^^^^^^^^^^^^^^^^^^^^^^^^^^^^^^^^^^
    |   File "C:\Users\Phenomenal\AppData\Local\Programs\Python\Python312\Lib\site-packages\starlette\concurrency.py", line 42, in run_in_threadpool
    |     return await anyio.to_thread.run_sync(func, *args)
    |            ^^^^^^^^^^^^^^^^^^^^^^^^^^^^^^^^^^^^^^^^^^^
    |   File "C:\Users\Phenomenal\AppData\Local\Programs\Python\Python312\Lib\site-packages\anyio\to_thread.py", line 63, in run_sync
    |     return await get_async_backend().run_sync_in_worker_thread(
    |            ^^^^^^^^^^^^^^^^^^^^^^^^^^^^^^^^^^^^^^^^^^^^^^^^^^^^
    |   File "C:\Users\Phenomenal\AppData\Local\Programs\Python\Python312\Lib\site-packages\anyio\_backends\_asyncio.py", line 2518, in run_sync_in_worker_thread
    |     return await future
    |            ^^^^^^^^^^^^
    |   File "C:\Users\Phenomenal\AppData\Local\Programs\Python\Python312\Lib\site-packages\anyio\_backends\_asyncio.py", line 1002, in run
    |     result = context.run(func, *args)
    |              ^^^^^^^^^^^^^^^^^^^^^^^^
    |   File "C:\Users\Phenomenal\AppData\Local\Programs\Python\Python312\Lib\site-packages\slowapi\extension.py", line 766, in sync_wrapper
    |     response = func(*args, **kwargs)
    |                ^^^^^^^^^^^^^^^^^^^^^
    |   File "C:\Users\Phenomenal\Desktop\Pickbook\app\admin\routes.py", line 351, in create_announcement
    |     return _announcement_row(row)
    |            ^^^^^^^^^^^^^^^^^^^^^^
    |   File "C:\Users\Phenomenal\Desktop\Pickbook\app\admin\routes.py", line 209, in _announcement_row
    |     row.publish_at <= _now()
    | TypeError: can't compare offset-naive and offset-aware datetimes
    +------------------------------------

During handling of the above exception, another exception occurred:

Traceback (most recent call last):
  File "C:\Users\Phenomenal\AppData\Local\Programs\Python\Python312\Lib\site-packages\uvicorn\protocols\http\httptools_impl.py", line 411, in run_asgi
    result = await app(  # type: ignore[func-returns-value]
             ^^^^^^^^^^^^^^^^^^^^^^^^^^^^^^^^^^^^^^^^^^^^^^
  File "C:\Users\Phenomenal\AppData\Local\Programs\Python\Python312\Lib\site-packages\uvicorn\middleware\proxy_headers.py", line 69, in __call__
    return await self.app(scope, receive, send)
           ^^^^^^^^^^^^^^^^^^^^^^^^^^^^^^^^^^^^
  File "C:\Users\Phenomenal\AppData\Local\Programs\Python\Python312\Lib\site-packages\fastapi\applications.py", line 1054, in __call__
    await super().__call__(scope, receive, send)
  File "C:\Users\Phenomenal\AppData\Local\Programs\Python\Python312\Lib\site-packages\starlette\applications.py", line 123, in __call__
    await self.middleware_stack(scope, receive, send)
  File "C:\Users\Phenomenal\AppData\Local\Programs\Python\Python312\Lib\site-packages\starlette\middleware\errors.py", line 186, in __call__
    raise exc
  File "C:\Users\Phenomenal\AppData\Local\Programs\Python\Python312\Lib\site-packages\starlette\middleware\errors.py", line 164, in __call__
    await self.app(scope, receive, _send)
  File "C:\Users\Phenomenal\AppData\Local\Programs\Python\Python312\Lib\site-packages\starlette\middleware\base.py", line 189, in __call__
    with collapse_excgroups():
  File "C:\Users\Phenomenal\AppData\Local\Programs\Python\Python312\Lib\contextlib.py", line 155, in __exit__
    self.gen.throw(value)
  File "C:\Users\Phenomenal\AppData\Local\Programs\Python\Python312\Lib\site-packages\starlette\_utils.py", line 93, in collapse_excgroups
    raise exc
  File "C:\Users\Phenomenal\AppData\Local\Programs\Python\Python312\Lib\site-packages\starlette\middleware\base.py", line 191, in __call__
    response = await self.dispatch_func(request, call_next)
               ^^^^^^^^^^^^^^^^^^^^^^^^^^^^^^^^^^^^^^^^^^^^
  File "C:\Users\Phenomenal\Desktop\Pickbook\app\main.py", line 94, in security_headers
    response = await call_next(request)
               ^^^^^^^^^^^^^^^^^^^^^^^^
  File "C:\Users\Phenomenal\AppData\Local\Programs\Python\Python312\Lib\site-packages\starlette\middleware\base.py", line 165, in call_next
    raise app_exc
  File "C:\Users\Phenomenal\AppData\Local\Programs\Python\Python312\Lib\site-packages\starlette\middleware\base.py", line 151, in coro
    await self.app(scope, receive_or_disconnect, send_no_error)
  File "C:\Users\Phenomenal\AppData\Local\Programs\Python\Python312\Lib\site-packages\starlette\middleware\cors.py", line 93, in __call__
    await self.simple_response(scope, receive, send, request_headers=headers)
  File "C:\Users\Phenomenal\AppData\Local\Programs\Python\Python312\Lib\site-packages\starlette\middleware\cors.py", line 148, in simple_response
    await self.app(scope, receive, send)
  File "C:\Users\Phenomenal\AppData\Local\Programs\Python\Python312\Lib\site-packages\starlette\middleware\exceptions.py", line 65, in __call__
    await wrap_app_handling_exceptions(self.app, conn)(scope, receive, send)
  File "C:\Users\Phenomenal\AppData\Local\Programs\Python\Python312\Lib\site-packages\starlette\_exception_handler.py", line 64, in wrapped_app
    raise exc
  File "C:\Users\Phenomenal\AppData\Local\Programs\Python\Python312\Lib\site-packages\starlette\_exception_handler.py", line 53, in wrapped_app
    await app(scope, receive, sender)
  File "C:\Users\Phenomenal\AppData\Local\Programs\Python\Python312\Lib\site-packages\starlette\routing.py", line 756, in __call__
    await self.middleware_stack(scope, receive, send)
  File "C:\Users\Phenomenal\AppData\Local\Programs\Python\Python312\Lib\site-packages\starlette\routing.py", line 776, in app
    await route.handle(scope, receive, send)
  File "C:\Users\Phenomenal\AppData\Local\Programs\Python\Python312\Lib\site-packages\starlette\routing.py", line 297, in handle
    await self.app(scope, receive, send)
  File "C:\Users\Phenomenal\AppData\Local\Programs\Python\Python312\Lib\site-packages\starlette\routing.py", line 77, in app
    await wrap_app_handling_exceptions(app, request)(scope, receive, send)
  File "C:\Users\Phenomenal\AppData\Local\Programs\Python\Python312\Lib\site-packages\starlette\_exception_handler.py", line 64, in wrapped_app
    raise exc
  File "C:\Users\Phenomenal\AppData\Local\Programs\Python\Python312\Lib\site-packages\starlette\_exception_handler.py", line 53, in wrapped_app
    await app(scope, receive, sender)
  File "C:\Users\Phenomenal\AppData\Local\Programs\Python\Python312\Lib\site-packages\starlette\routing.py", line 72, in app
    response = await func(request)
               ^^^^^^^^^^^^^^^^^^^
  File "C:\Users\Phenomenal\AppData\Local\Programs\Python\Python312\Lib\site-packages\fastapi\routing.py", line 278, in app
    raw_response = await run_endpoint_function(
                   ^^^^^^^^^^^^^^^^^^^^^^^^^^^^
  File "C:\Users\Phenomenal\AppData\Local\Programs\Python\Python312\Lib\site-packages\fastapi\routing.py", line 193, in run_endpoint_function
    return await run_in_threadpool(dependant.call, **values)
           ^^^^^^^^^^^^^^^^^^^^^^^^^^^^^^^^^^^^^^^^^^^^^^^^^
  File "C:\Users\Phenomenal\AppData\Local\Programs\Python\Python312\Lib\site-packages\starlette\concurrency.py", line 42, in run_in_threadpool
    return await anyio.to_thread.run_sync(func, *args)
           ^^^^^^^^^^^^^^^^^^^^^^^^^^^^^^^^^^^^^^^^^^^
  File "C:\Users\Phenomenal\AppData\Local\Programs\Python\Python312\Lib\site-packages\anyio\to_thread.py", line 63, in run_sync
    return await get_async_backend().run_sync_in_worker_thread(
           ^^^^^^^^^^^^^^^^^^^^^^^^^^^^^^^^^^^^^^^^^^^^^^^^^^^^
  File "C:\Users\Phenomenal\AppData\Local\Programs\Python\Python312\Lib\site-packages\anyio\_backends\_asyncio.py", line 2518, in run_sync_in_worker_thread
    return await future
           ^^^^^^^^^^^^
  File "C:\Users\Phenomenal\AppData\Local\Programs\Python\Python312\Lib\site-packages\anyio\_backends\_asyncio.py", line 1002, in run
    result = context.run(func, *args)
             ^^^^^^^^^^^^^^^^^^^^^^^^
  File "C:\Users\Phenomenal\AppData\Local\Programs\Python\Python312\Lib\site-packages\slowapi\extension.py", line 766, in sync_wrapper
    response = func(*args, **kwargs)
               ^^^^^^^^^^^^^^^^^^^^^
  File "C:\Users\Phenomenal\Desktop\Pickbook\app\admin\routes.py", line 351, in create_announcement
    return _announcement_row(row)
           ^^^^^^^^^^^^^^^^^^^^^^
  File "C:\Users\Phenomenal\Desktop\Pickbook\app\admin\routes.py", line 209, in _announcement_row
    row.publish_at <= _now()
TypeError: can't compare offset-naive and offset-aware datetimes
ERROR:    Exception in ASGI application
  + Exception Group Traceback (most recent call last):
  |   File "C:\Users\Phenomenal\AppData\Local\Programs\Python\Python312\Lib\site-packages\starlette\_utils.py", line 87, in collapse_excgroups
  |     yield
  |   File "C:\Users\Phenomenal\AppData\Local\Programs\Python\Python312\Lib\site-packages\starlette\middleware\base.py", line 190, in __call__
  |     async with anyio.create_task_group() as task_group:
  |   File "C:\Users\Phenomenal\AppData\Local\Programs\Python\Python312\Lib\site-packages\anyio\_backends\_asyncio.py", line 799, in __aexit__
  |     raise BaseExceptionGroup(
  | ExceptionGroup: unhandled errors in a TaskGroup (1 sub-exception)
  +-+---------------- 1 ----------------
    | Traceback (most recent call last):
    |   File "C:\Users\Phenomenal\AppData\Local\Programs\Python\Python312\Lib\site-packages\uvicorn\protocols\http\httptools_impl.py", line 411, in run_asgi
    |     result = await app(  # type: ignore[func-returns-value]
    |              ^^^^^^^^^^^^^^^^^^^^^^^^^^^^^^^^^^^^^^^^^^^^^^
    |   File "C:\Users\Phenomenal\AppData\Local\Programs\Python\Python312\Lib\site-packages\uvicorn\middleware\proxy_headers.py", line 69, in __call__
    |     return await self.app(scope, receive, send)
    |            ^^^^^^^^^^^^^^^^^^^^^^^^^^^^^^^^^^^^
    |   File "C:\Users\Phenomenal\AppData\Local\Programs\Python\Python312\Lib\site-packages\fastapi\applications.py", line 1054, in __call__
    |     await super().__call__(scope, receive, send)
    |   File "C:\Users\Phenomenal\AppData\Local\Programs\Python\Python312\Lib\site-packages\starlette\applications.py", line 123, in __call__
    |     await self.middleware_stack(scope, receive, send)
    |   File "C:\Users\Phenomenal\AppData\Local\Programs\Python\Python312\Lib\site-packages\starlette\middleware\errors.py", line 186, in __call__
    |     raise exc
    |   File "C:\Users\Phenomenal\AppData\Local\Programs\Python\Python312\Lib\site-packages\starlette\middleware\errors.py", line 164, in __call__
    |     await self.app(scope, receive, _send)
    |   File "C:\Users\Phenomenal\AppData\Local\Programs\Python\Python312\Lib\site-packages\starlette\middleware\base.py", line 189, in __call__
    |     with collapse_excgroups():
    |   File "C:\Users\Phenomenal\AppData\Local\Programs\Python\Python312\Lib\contextlib.py", line 155, in __exit__
    |     self.gen.throw(value)
    |   File "C:\Users\Phenomenal\AppData\Local\Programs\Python\Python312\Lib\site-packages\starlette\_utils.py", line 93, in collapse_excgroups
    |     raise exc
    |   File "C:\Users\Phenomenal\AppData\Local\Programs\Python\Python312\Lib\site-packages\starlette\middleware\base.py", line 191, in __call__
    |     response = await self.dispatch_func(request, call_next)
    |                ^^^^^^^^^^^^^^^^^^^^^^^^^^^^^^^^^^^^^^^^^^^^
    |   File "C:\Users\Phenomenal\Desktop\Pickbook\app\main.py", line 94, in security_headers
    |     response = await call_next(request)
    |                ^^^^^^^^^^^^^^^^^^^^^^^^
    |   File "C:\Users\Phenomenal\AppData\Local\Programs\Python\Python312\Lib\site-packages\starlette\middleware\base.py", line 165, in call_next
    |     raise app_exc
    |   File "C:\Users\Phenomenal\AppData\Local\Programs\Python\Python312\Lib\site-packages\starlette\middleware\base.py", line 151, in coro
    |     await self.app(scope, receive_or_disconnect, send_no_error)
    |   File "C:\Users\Phenomenal\AppData\Local\Programs\Python\Python312\Lib\site-packages\starlette\middleware\cors.py", line 93, in __call__
    |     await self.simple_response(scope, receive, send, request_headers=headers)
    |   File "C:\Users\Phenomenal\AppData\Local\Programs\Python\Python312\Lib\site-packages\starlette\middleware\cors.py", line 148, in simple_response
    |     await self.app(scope, receive, send)
    |   File "C:\Users\Phenomenal\AppData\Local\Programs\Python\Python312\Lib\site-packages\starlette\middleware\exceptions.py", line 65, in __call__
    |     await wrap_app_handling_exceptions(self.app, conn)(scope, receive, send)
    |   File "C:\Users\Phenomenal\AppData\Local\Programs\Python\Python312\Lib\site-packages\starlette\_exception_handler.py", line 64, in wrapped_app
    |     raise exc
    |   File "C:\Users\Phenomenal\AppData\Local\Programs\Python\Python312\Lib\site-packages\starlette\_exception_handler.py", line 53, in wrapped_app
    |     await app(scope, receive, sender)
    |   File "C:\Users\Phenomenal\AppData\Local\Programs\Python\Python312\Lib\site-packages\starlette\routing.py", line 756, in __call__
    |     await self.middleware_stack(scope, receive, send)
    |   File "C:\Users\Phenomenal\AppData\Local\Programs\Python\Python312\Lib\site-packages\starlette\routing.py", line 776, in app
    |     await route.handle(scope, receive, send)
    |   File "C:\Users\Phenomenal\AppData\Local\Programs\Python\Python312\Lib\site-packages\starlette\routing.py", line 297, in handle
    |     await self.app(scope, receive, send)
    |   File "C:\Users\Phenomenal\AppData\Local\Programs\Python\Python312\Lib\site-packages\starlette\routing.py", line 77, in app
    |     await wrap_app_handling_exceptions(app, request)(scope, receive, send)
    |   File "C:\Users\Phenomenal\AppData\Local\Programs\Python\Python312\Lib\site-packages\starlette\_exception_handler.py", line 64, in wrapped_app
    |     raise exc
    |   File "C:\Users\Phenomenal\AppData\Local\Programs\Python\Python312\Lib\site-packages\starlette\_exception_handler.py", line 53, in wrapped_app
    |     await app(scope, receive, sender)
    |   File "C:\Users\Phenomenal\AppData\Local\Programs\Python\Python312\Lib\site-packages\starlette\routing.py", line 72, in app
    |     response = await func(request)
    |                ^^^^^^^^^^^^^^^^^^^
    |   File "C:\Users\Phenomenal\AppData\Local\Programs\Python\Python312\Lib\site-packages\fastapi\routing.py", line 278, in app
    |     raw_response = await run_endpoint_function(
    |                    ^^^^^^^^^^^^^^^^^^^^^^^^^^^^
    |   File "C:\Users\Phenomenal\AppData\Local\Programs\Python\Python312\Lib\site-packages\fastapi\routing.py", line 193, in run_endpoint_function
    |     return await run_in_threadpool(dependant.call, **values)
    |            ^^^^^^^^^^^^^^^^^^^^^^^^^^^^^^^^^^^^^^^^^^^^^^^^^
    |   File "C:\Users\Phenomenal\AppData\Local\Programs\Python\Python312\Lib\site-packages\starlette\concurrency.py", line 42, in run_in_threadpool
    |     return await anyio.to_thread.run_sync(func, *args)
    |            ^^^^^^^^^^^^^^^^^^^^^^^^^^^^^^^^^^^^^^^^^^^
    |   File "C:\Users\Phenomenal\AppData\Local\Programs\Python\Python312\Lib\site-packages\anyio\to_thread.py", line 63, in run_sync
    |     return await get_async_backend().run_sync_in_worker_thread(
    |            ^^^^^^^^^^^^^^^^^^^^^^^^^^^^^^^^^^^^^^^^^^^^^^^^^^^^
    |   File "C:\Users\Phenomenal\AppData\Local\Programs\Python\Python312\Lib\site-packages\anyio\_backends\_asyncio.py", line 2518, in run_sync_in_worker_thread
    |     return await future
    |            ^^^^^^^^^^^^
    |   File "C:\Users\Phenomenal\AppData\Local\Programs\Python\Python312\Lib\site-packages\anyio\_backends\_asyncio.py", line 1002, in run
    |     result = context.run(func, *args)
    |              ^^^^^^^^^^^^^^^^^^^^^^^^
    |   File "C:\Users\Phenomenal\AppData\Local\Programs\Python\Python312\Lib\site-packages\slowapi\extension.py", line 766, in sync_wrapper
    |     response = func(*args, **kwargs)
    |                ^^^^^^^^^^^^^^^^^^^^^
    |   File "C:\Users\Phenomenal\Desktop\Pickbook\app\admin\routes.py", line 351, in create_announcement
    |     return _announcement_row(row)
    |            ^^^^^^^^^^^^^^^^^^^^^^
    |   File "C:\Users\Phenomenal\Desktop\Pickbook\app\admin\routes.py", line 209, in _announcement_row
    |     row.publish_at <= _now()
    | TypeError: can't compare offset-naive and offset-aware datetimes
    +------------------------------------

During handling of the above exception, another exception occurred:

Traceback (most recent call last):
  File "C:\Users\Phenomenal\AppData\Local\Programs\Python\Python312\Lib\site-packages\uvicorn\protocols\http\httptools_impl.py", line 411, in run_asgi
    result = await app(  # type: ignore[func-returns-value]
             ^^^^^^^^^^^^^^^^^^^^^^^^^^^^^^^^^^^^^^^^^^^^^^
  File "C:\Users\Phenomenal\AppData\Local\Programs\Python\Python312\Lib\site-packages\uvicorn\middleware\proxy_headers.py", line 69, in __call__
    return await self.app(scope, receive, send)
           ^^^^^^^^^^^^^^^^^^^^^^^^^^^^^^^^^^^^
  File "C:\Users\Phenomenal\AppData\Local\Programs\Python\Python312\Lib\site-packages\fastapi\applications.py", line 1054, in __call__
    await super().__call__(scope, receive, send)
  File "C:\Users\Phenomenal\AppData\Local\Programs\Python\Python312\Lib\site-packages\starlette\applications.py", line 123, in __call__
    await self.middleware_stack(scope, receive, send)
  File "C:\Users\Phenomenal\AppData\Local\Programs\Python\Python312\Lib\site-packages\starlette\middleware\errors.py", line 186, in __call__
    raise exc
  File "C:\Users\Phenomenal\AppData\Local\Programs\Python\Python312\Lib\site-packages\starlette\middleware\errors.py", line 164, in __call__
    await self.app(scope, receive, _send)
  File "C:\Users\Phenomenal\AppData\Local\Programs\Python\Python312\Lib\site-packages\starlette\middleware\base.py", line 189, in __call__
    with collapse_excgroups():
  File "C:\Users\Phenomenal\AppData\Local\Programs\Python\Python312\Lib\contextlib.py", line 155, in __exit__
    self.gen.throw(value)
  File "C:\Users\Phenomenal\AppData\Local\Programs\Python\Python312\Lib\site-packages\starlette\_utils.py", line 93, in collapse_excgroups
    raise exc
  File "C:\Users\Phenomenal\AppData\Local\Programs\Python\Python312\Lib\site-packages\starlette\middleware\base.py", line 191, in __call__
    response = await self.dispatch_func(request, call_next)
               ^^^^^^^^^^^^^^^^^^^^^^^^^^^^^^^^^^^^^^^^^^^^
  File "C:\Users\Phenomenal\Desktop\Pickbook\app\main.py", line 94, in security_headers
    response = await call_next(request)
               ^^^^^^^^^^^^^^^^^^^^^^^^
  File "C:\Users\Phenomenal\AppData\Local\Programs\Python\Python312\Lib\site-packages\starlette\middleware\base.py", line 165, in call_next
    raise app_exc
  File "C:\Users\Phenomenal\AppData\Local\Programs\Python\Python312\Lib\site-packages\starlette\middleware\base.py", line 151, in coro
    await self.app(scope, receive_or_disconnect, send_no_error)
  File "C:\Users\Phenomenal\AppData\Local\Programs\Python\Python312\Lib\site-packages\starlette\middleware\cors.py", line 93, in __call__
    await self.simple_response(scope, receive, send, request_headers=headers)
  File "C:\Users\Phenomenal\AppData\Local\Programs\Python\Python312\Lib\site-packages\starlette\middleware\cors.py", line 148, in simple_response
    await self.app(scope, receive, send)
  File "C:\Users\Phenomenal\AppData\Local\Programs\Python\Python312\Lib\site-packages\starlette\middleware\exceptions.py", line 65, in __call__
    await wrap_app_handling_exceptions(self.app, conn)(scope, receive, send)
  File "C:\Users\Phenomenal\AppData\Local\Programs\Python\Python312\Lib\site-packages\starlette\_exception_handler.py", line 64, in wrapped_app
    raise exc
  File "C:\Users\Phenomenal\AppData\Local\Programs\Python\Python312\Lib\site-packages\starlette\_exception_handler.py", line 53, in wrapped_app
    await app(scope, receive, sender)
  File "C:\Users\Phenomenal\AppData\Local\Programs\Python\Python312\Lib\site-packages\starlette\routing.py", line 756, in __call__
    await self.middleware_stack(scope, receive, send)
  File "C:\Users\Phenomenal\AppData\Local\Programs\Python\Python312\Lib\site-packages\starlette\routing.py", line 776, in app
    await route.handle(scope, receive, send)
  File "C:\Users\Phenomenal\AppData\Local\Programs\Python\Python312\Lib\site-packages\starlette\routing.py", line 297, in handle
    await self.app(scope, receive, send)
  File "C:\Users\Phenomenal\AppData\Local\Programs\Python\Python312\Lib\site-packages\starlette\routing.py", line 77, in app
    await wrap_app_handling_exceptions(app, request)(scope, receive, send)
  File "C:\Users\Phenomenal\AppData\Local\Programs\Python\Python312\Lib\site-packages\starlette\_exception_handler.py", line 64, in wrapped_app
    raise exc
  File "C:\Users\Phenomenal\AppData\Local\Programs\Python\Python312\Lib\site-packages\starlette\_exception_handler.py", line 53, in wrapped_app
    await app(scope, receive, sender)
  File "C:\Users\Phenomenal\AppData\Local\Programs\Python\Python312\Lib\site-packages\starlette\routing.py", line 72, in app
    response = await func(request)
               ^^^^^^^^^^^^^^^^^^^
  File "C:\Users\Phenomenal\AppData\Local\Programs\Python\Python312\Lib\site-packages\fastapi\routing.py", line 278, in app
    raw_response = await run_endpoint_function(
                   ^^^^^^^^^^^^^^^^^^^^^^^^^^^^
  File "C:\Users\Phenomenal\AppData\Local\Programs\Python\Python312\Lib\site-packages\fastapi\routing.py", line 193, in run_endpoint_function
    return await run_in_threadpool(dependant.call, **values)
           ^^^^^^^^^^^^^^^^^^^^^^^^^^^^^^^^^^^^^^^^^^^^^^^^^
  File "C:\Users\Phenomenal\AppData\Local\Programs\Python\Python312\Lib\site-packages\starlette\concurrency.py", line 42, in run_in_threadpool
    return await anyio.to_thread.run_sync(func, *args)
           ^^^^^^^^^^^^^^^^^^^^^^^^^^^^^^^^^^^^^^^^^^^
  File "C:\Users\Phenomenal\AppData\Local\Programs\Python\Python312\Lib\site-packages\anyio\to_thread.py", line 63, in run_sync
    return await get_async_backend().run_sync_in_worker_thread(
           ^^^^^^^^^^^^^^^^^^^^^^^^^^^^^^^^^^^^^^^^^^^^^^^^^^^^
  File "C:\Users\Phenomenal\AppData\Local\Programs\Python\Python312\Lib\site-packages\anyio\_backends\_asyncio.py", line 2518, in run_sync_in_worker_thread
    return await future
           ^^^^^^^^^^^^
  File "C:\Users\Phenomenal\AppData\Local\Programs\Python\Python312\Lib\site-packages\anyio\_backends\_asyncio.py", line 1002, in run
    result = context.run(func, *args)
             ^^^^^^^^^^^^^^^^^^^^^^^^
  File "C:\Users\Phenomenal\AppData\Local\Programs\Python\Python312\Lib\site-packages\slowapi\extension.py", line 766, in sync_wrapper
    response = func(*args, **kwargs)
               ^^^^^^^^^^^^^^^^^^^^^
  File "C:\Users\Phenomenal\Desktop\Pickbook\app\admin\routes.py", line 351, in create_announcement
    return _announcement_row(row)
           ^^^^^^^^^^^^^^^^^^^^^^
  File "C:\Users\Phenomenal\Desktop\Pickbook\app\admin\routes.py", line 209, in _announcement_row
    row.publish_at <= _now()
TypeError: can't compare offset-naive and offset-aware datetimes
ERROR:    Exception in ASGI application
  + Exception Group Traceback (most recent call last):
  |   File "C:\Users\Phenomenal\AppData\Local\Programs\Python\Python312\Lib\site-packages\starlette\_utils.py", line 87, in collapse_excgroups
  |     yield
  |   File "C:\Users\Phenomenal\AppData\Local\Programs\Python\Python312\Lib\site-packages\starlette\middleware\base.py", line 190, in __call__
  |     async with anyio.create_task_group() as task_group:
  |   File "C:\Users\Phenomenal\AppData\Local\Programs\Python\Python312\Lib\site-packages\anyio\_backends\_asyncio.py", line 799, in __aexit__
  |     raise BaseExceptionGroup(
  | ExceptionGroup: unhandled errors in a TaskGroup (1 sub-exception)
  +-+---------------- 1 ----------------
    | Traceback (most recent call last):
    |   File "C:\Users\Phenomenal\AppData\Local\Programs\Python\Python312\Lib\site-packages\uvicorn\protocols\http\httptools_impl.py", line 411, in run_asgi
    |     result = await app(  # type: ignore[func-returns-value]
    |              ^^^^^^^^^^^^^^^^^^^^^^^^^^^^^^^^^^^^^^^^^^^^^^
    |   File "C:\Users\Phenomenal\AppData\Local\Programs\Python\Python312\Lib\site-packages\uvicorn\middleware\proxy_headers.py", line 69, in __call__
    |     return await self.app(scope, receive, send)
    |            ^^^^^^^^^^^^^^^^^^^^^^^^^^^^^^^^^^^^
    |   File "C:\Users\Phenomenal\AppData\Local\Programs\Python\Python312\Lib\site-packages\fastapi\applications.py", line 1054, in __call__
    |     await super().__call__(scope, receive, send)
    |   File "C:\Users\Phenomenal\AppData\Local\Programs\Python\Python312\Lib\site-packages\starlette\applications.py", line 123, in __call__
    |     await self.middleware_stack(scope, receive, send)
    |   File "C:\Users\Phenomenal\AppData\Local\Programs\Python\Python312\Lib\site-packages\starlette\middleware\errors.py", line 186, in __call__
    |     raise exc
    |   File "C:\Users\Phenomenal\AppData\Local\Programs\Python\Python312\Lib\site-packages\starlette\middleware\errors.py", line 164, in __call__
    |     await self.app(scope, receive, _send)
    |   File "C:\Users\Phenomenal\AppData\Local\Programs\Python\Python312\Lib\site-packages\starlette\middleware\base.py", line 189, in __call__
    |     with collapse_excgroups():
    |   File "C:\Users\Phenomenal\AppData\Local\Programs\Python\Python312\Lib\contextlib.py", line 155, in __exit__
    |     self.gen.throw(value)
    |   File "C:\Users\Phenomenal\AppData\Local\Programs\Python\Python312\Lib\site-packages\starlette\_utils.py", line 93, in collapse_excgroups
    |     raise exc
    |   File "C:\Users\Phenomenal\AppData\Local\Programs\Python\Python312\Lib\site-packages\starlette\middleware\base.py", line 191, in __call__
    |     response = await self.dispatch_func(request, call_next)
    |                ^^^^^^^^^^^^^^^^^^^^^^^^^^^^^^^^^^^^^^^^^^^^
    |   File "C:\Users\Phenomenal\Desktop\Pickbook\app\main.py", line 94, in security_headers
    |     response = await call_next(request)
    |                ^^^^^^^^^^^^^^^^^^^^^^^^
    |   File "C:\Users\Phenomenal\AppData\Local\Programs\Python\Python312\Lib\site-packages\starlette\middleware\base.py", line 165, in call_next
    |     raise app_exc
    |   File "C:\Users\Phenomenal\AppData\Local\Programs\Python\Python312\Lib\site-packages\starlette\middleware\base.py", line 151, in coro
    |     await self.app(scope, receive_or_disconnect, send_no_error)
    |   File "C:\Users\Phenomenal\AppData\Local\Programs\Python\Python312\Lib\site-packages\starlette\middleware\cors.py", line 93, in __call__
    |     await self.simple_response(scope, receive, send, request_headers=headers)
    |   File "C:\Users\Phenomenal\AppData\Local\Programs\Python\Python312\Lib\site-packages\starlette\middleware\cors.py", line 148, in simple_response
    |     await self.app(scope, receive, send)
    |   File "C:\Users\Phenomenal\AppData\Local\Programs\Python\Python312\Lib\site-packages\starlette\middleware\exceptions.py", line 65, in __call__
    |     await wrap_app_handling_exceptions(self.app, conn)(scope, receive, send)
    |   File "C:\Users\Phenomenal\AppData\Local\Programs\Python\Python312\Lib\site-packages\starlette\_exception_handler.py", line 64, in wrapped_app
    |     raise exc
    |   File "C:\Users\Phenomenal\AppData\Local\Programs\Python\Python312\Lib\site-packages\starlette\_exception_handler.py", line 53, in wrapped_app
    |     await app(scope, receive, sender)
    |   File "C:\Users\Phenomenal\AppData\Local\Programs\Python\Python312\Lib\site-packages\starlette\routing.py", line 756, in __call__
    |     await self.middleware_stack(scope, receive, send)
    |   File "C:\Users\Phenomenal\AppData\Local\Programs\Python\Python312\Lib\site-packages\starlette\routing.py", line 776, in app
    |     await route.handle(scope, receive, send)
    |   File "C:\Users\Phenomenal\AppData\Local\Programs\Python\Python312\Lib\site-packages\starlette\routing.py", line 297, in handle
    |     await self.app(scope, receive, send)
    |   File "C:\Users\Phenomenal\AppData\Local\Programs\Python\Python312\Lib\site-packages\starlette\routing.py", line 77, in app
    |     await wrap_app_handling_exceptions(app, request)(scope, receive, send)
    |   File "C:\Users\Phenomenal\AppData\Local\Programs\Python\Python312\Lib\site-packages\starlette\_exception_handler.py", line 64, in wrapped_app
    |     raise exc
    |   File "C:\Users\Phenomenal\AppData\Local\Programs\Python\Python312\Lib\site-packages\starlette\_exception_handler.py", line 53, in wrapped_app
    |     await app(scope, receive, sender)
    |   File "C:\Users\Phenomenal\AppData\Local\Programs\Python\Python312\Lib\site-packages\starlette\routing.py", line 72, in app
    |     response = await func(request)
    |                ^^^^^^^^^^^^^^^^^^^
    |   File "C:\Users\Phenomenal\AppData\Local\Programs\Python\Python312\Lib\site-packages\fastapi\routing.py", line 278, in app
    |     raw_response = await run_endpoint_function(
    |                    ^^^^^^^^^^^^^^^^^^^^^^^^^^^^
    |   File "C:\Users\Phenomenal\AppData\Local\Programs\Python\Python312\Lib\site-packages\fastapi\routing.py", line 193, in run_endpoint_function
    |     return await run_in_threadpool(dependant.call, **values)
    |            ^^^^^^^^^^^^^^^^^^^^^^^^^^^^^^^^^^^^^^^^^^^^^^^^^
    |   File "C:\Users\Phenomenal\AppData\Local\Programs\Python\Python312\Lib\site-packages\starlette\concurrency.py", line 42, in run_in_threadpool
    |     return await anyio.to_thread.run_sync(func, *args)
    |            ^^^^^^^^^^^^^^^^^^^^^^^^^^^^^^^^^^^^^^^^^^^
    |   File "C:\Users\Phenomenal\AppData\Local\Programs\Python\Python312\Lib\site-packages\anyio\to_thread.py", line 63, in run_sync
    |     return await get_async_backend().run_sync_in_worker_thread(
    |            ^^^^^^^^^^^^^^^^^^^^^^^^^^^^^^^^^^^^^^^^^^^^^^^^^^^^
    |   File "C:\Users\Phenomenal\AppData\Local\Programs\Python\Python312\Lib\site-packages\anyio\_backends\_asyncio.py", line 2518, in run_sync_in_worker_thread
    |     return await future
    |            ^^^^^^^^^^^^
    |   File "C:\Users\Phenomenal\AppData\Local\Programs\Python\Python312\Lib\site-packages\anyio\_backends\_asyncio.py", line 1002, in run
    |     result = context.run(func, *args)
    |              ^^^^^^^^^^^^^^^^^^^^^^^^
    |   File "C:\Users\Phenomenal\AppData\Local\Programs\Python\Python312\Lib\site-packages\slowapi\extension.py", line 766, in sync_wrapper
    |     response = func(*args, **kwargs)
    |                ^^^^^^^^^^^^^^^^^^^^^
    |   File "C:\Users\Phenomenal\Desktop\Pickbook\app\admin\routes.py", line 351, in create_announcement
    |     return _announcement_row(row)
    |            ^^^^^^^^^^^^^^^^^^^^^^
    |   File "C:\Users\Phenomenal\Desktop\Pickbook\app\admin\routes.py", line 209, in _announcement_row
    |     row.publish_at <= _now()
    | TypeError: can't compare offset-naive and offset-aware datetimes
    +------------------------------------

During handling of the above exception, another exception occurred:

Traceback (most recent call last):
  File "C:\Users\Phenomenal\AppData\Local\Programs\Python\Python312\Lib\site-packages\uvicorn\protocols\http\httptools_impl.py", line 411, in run_asgi
    result = await app(  # type: ignore[func-returns-value]
             ^^^^^^^^^^^^^^^^^^^^^^^^^^^^^^^^^^^^^^^^^^^^^^
  File "C:\Users\Phenomenal\AppData\Local\Programs\Python\Python312\Lib\site-packages\uvicorn\middleware\proxy_headers.py", line 69, in __call__
    return await self.app(scope, receive, send)
           ^^^^^^^^^^^^^^^^^^^^^^^^^^^^^^^^^^^^
  File "C:\Users\Phenomenal\AppData\Local\Programs\Python\Python312\Lib\site-packages\fastapi\applications.py", line 1054, in __call__
    await super().__call__(scope, receive, send)
  File "C:\Users\Phenomenal\AppData\Local\Programs\Python\Python312\Lib\site-packages\starlette\applications.py", line 123, in __call__
    await self.middleware_stack(scope, receive, send)
  File "C:\Users\Phenomenal\AppData\Local\Programs\Python\Python312\Lib\site-packages\starlette\middleware\errors.py", line 186, in __call__
    raise exc
  File "C:\Users\Phenomenal\AppData\Local\Programs\Python\Python312\Lib\site-packages\starlette\middleware\errors.py", line 164, in __call__
    await self.app(scope, receive, _send)
  File "C:\Users\Phenomenal\AppData\Local\Programs\Python\Python312\Lib\site-packages\starlette\middleware\base.py", line 189, in __call__
    with collapse_excgroups():
  File "C:\Users\Phenomenal\AppData\Local\Programs\Python\Python312\Lib\contextlib.py", line 155, in __exit__
    self.gen.throw(value)
  File "C:\Users\Phenomenal\AppData\Local\Programs\Python\Python312\Lib\site-packages\starlette\_utils.py", line 93, in collapse_excgroups
    raise exc
  File "C:\Users\Phenomenal\AppData\Local\Programs\Python\Python312\Lib\site-packages\starlette\middleware\base.py", line 191, in __call__
    response = await self.dispatch_func(request, call_next)
               ^^^^^^^^^^^^^^^^^^^^^^^^^^^^^^^^^^^^^^^^^^^^
  File "C:\Users\Phenomenal\Desktop\Pickbook\app\main.py", line 94, in security_headers
    response = await call_next(request)
               ^^^^^^^^^^^^^^^^^^^^^^^^
  File "C:\Users\Phenomenal\AppData\Local\Programs\Python\Python312\Lib\site-packages\starlette\middleware\base.py", line 165, in call_next
    raise app_exc
  File "C:\Users\Phenomenal\AppData\Local\Programs\Python\Python312\Lib\site-packages\starlette\middleware\base.py", line 151, in coro
    await self.app(scope, receive_or_disconnect, send_no_error)
  File "C:\Users\Phenomenal\AppData\Local\Programs\Python\Python312\Lib\site-packages\starlette\middleware\cors.py", line 93, in __call__
    await self.simple_response(scope, receive, send, request_headers=headers)
  File "C:\Users\Phenomenal\AppData\Local\Programs\Python\Python312\Lib\site-packages\starlette\middleware\cors.py", line 148, in simple_response
    await self.app(scope, receive, send)
  File "C:\Users\Phenomenal\AppData\Local\Programs\Python\Python312\Lib\site-packages\starlette\middleware\exceptions.py", line 65, in __call__
    await wrap_app_handling_exceptions(self.app, conn)(scope, receive, send)
  File "C:\Users\Phenomenal\AppData\Local\Programs\Python\Python312\Lib\site-packages\starlette\_exception_handler.py", line 64, in wrapped_app
    raise exc
  File "C:\Users\Phenomenal\AppData\Local\Programs\Python\Python312\Lib\site-packages\starlette\_exception_handler.py", line 53, in wrapped_app
    await app(scope, receive, sender)
  File "C:\Users\Phenomenal\AppData\Local\Programs\Python\Python312\Lib\site-packages\starlette\routing.py", line 756, in __call__
    await self.middleware_stack(scope, receive, send)
  File "C:\Users\Phenomenal\AppData\Local\Programs\Python\Python312\Lib\site-packages\starlette\routing.py", line 776, in app
    await route.handle(scope, receive, send)
  File "C:\Users\Phenomenal\AppData\Local\Programs\Python\Python312\Lib\site-packages\starlette\routing.py", line 297, in handle
    await self.app(scope, receive, send)
  File "C:\Users\Phenomenal\AppData\Local\Programs\Python\Python312\Lib\site-packages\starlette\routing.py", line 77, in app
    await wrap_app_handling_exceptions(app, request)(scope, receive, send)
  File "C:\Users\Phenomenal\AppData\Local\Programs\Python\Python312\Lib\site-packages\starlette\_exception_handler.py", line 64, in wrapped_app
    raise exc
  File "C:\Users\Phenomenal\AppData\Local\Programs\Python\Python312\Lib\site-packages\starlette\_exception_handler.py", line 53, in wrapped_app
    await app(scope, receive, sender)
  File "C:\Users\Phenomenal\AppData\Local\Programs\Python\Python312\Lib\site-packages\starlette\routing.py", line 72, in app
    response = await func(request)
               ^^^^^^^^^^^^^^^^^^^
  File "C:\Users\Phenomenal\AppData\Local\Programs\Python\Python312\Lib\site-packages\fastapi\routing.py", line 278, in app
    raw_response = await run_endpoint_function(
                   ^^^^^^^^^^^^^^^^^^^^^^^^^^^^
  File "C:\Users\Phenomenal\AppData\Local\Programs\Python\Python312\Lib\site-packages\fastapi\routing.py", line 193, in run_endpoint_function
    return await run_in_threadpool(dependant.call, **values)
           ^^^^^^^^^^^^^^^^^^^^^^^^^^^^^^^^^^^^^^^^^^^^^^^^^
  File "C:\Users\Phenomenal\AppData\Local\Programs\Python\Python312\Lib\site-packages\starlette\concurrency.py", line 42, in run_in_threadpool
    return await anyio.to_thread.run_sync(func, *args)
           ^^^^^^^^^^^^^^^^^^^^^^^^^^^^^^^^^^^^^^^^^^^
  File "C:\Users\Phenomenal\AppData\Local\Programs\Python\Python312\Lib\site-packages\anyio\to_thread.py", line 63, in run_sync
    return await get_async_backend().run_sync_in_worker_thread(
           ^^^^^^^^^^^^^^^^^^^^^^^^^^^^^^^^^^^^^^^^^^^^^^^^^^^^
  File "C:\Users\Phenomenal\AppData\Local\Programs\Python\Python312\Lib\site-packages\anyio\_backends\_asyncio.py", line 2518, in run_sync_in_worker_thread
    return await future
           ^^^^^^^^^^^^
  File "C:\Users\Phenomenal\AppData\Local\Programs\Python\Python312\Lib\site-packages\anyio\_backends\_asyncio.py", line 1002, in run
    result = context.run(func, *args)
             ^^^^^^^^^^^^^^^^^^^^^^^^
  File "C:\Users\Phenomenal\AppData\Local\Programs\Python\Python312\Lib\site-packages\slowapi\extension.py", line 766, in sync_wrapper
    response = func(*args, **kwargs)
               ^^^^^^^^^^^^^^^^^^^^^
  File "C:\Users\Phenomenal\Desktop\Pickbook\app\admin\routes.py", line 351, in create_announcement
    return _announcement_row(row)
           ^^^^^^^^^^^^^^^^^^^^^^
  File "C:\Users\Phenomenal\Desktop\Pickbook\app\admin\routes.py", line 209, in _announcement_row
    row.publish_at <= _now()
TypeError: can't compare offset-naive and offset-aware datetimes
ERROR:    Exception in ASGI application
  + Exception Group Traceback (most recent call last):
  |   File "C:\Users\Phenomenal\AppData\Local\Programs\Python\Python312\Lib\site-packages\starlette\_utils.py", line 87, in collapse_excgroups
  |     yield
  |   File "C:\Users\Phenomenal\AppData\Local\Programs\Python\Python312\Lib\site-packages\starlette\middleware\base.py", line 190, in __call__
  |     async with anyio.create_task_group() as task_group:
  |   File "C:\Users\Phenomenal\AppData\Local\Programs\Python\Python312\Lib\site-packages\anyio\_backends\_asyncio.py", line 799, in __aexit__
  |     raise BaseExceptionGroup(
  | ExceptionGroup: unhandled errors in a TaskGroup (1 sub-exception)
  +-+---------------- 1 ----------------
    | Traceback (most recent call last):
    |   File "C:\Users\Phenomenal\AppData\Local\Programs\Python\Python312\Lib\site-packages\uvicorn\protocols\http\httptools_impl.py", line 411, in run_asgi
    |     result = await app(  # type: ignore[func-returns-value]
    |              ^^^^^^^^^^^^^^^^^^^^^^^^^^^^^^^^^^^^^^^^^^^^^^
    |   File "C:\Users\Phenomenal\AppData\Local\Programs\Python\Python312\Lib\site-packages\uvicorn\middleware\proxy_headers.py", line 69, in __call__
    |     return await self.app(scope, receive, send)
    |            ^^^^^^^^^^^^^^^^^^^^^^^^^^^^^^^^^^^^
    |   File "C:\Users\Phenomenal\AppData\Local\Programs\Python\Python312\Lib\site-packages\fastapi\applications.py", line 1054, in __call__
    |     await super().__call__(scope, receive, send)
    |   File "C:\Users\Phenomenal\AppData\Local\Programs\Python\Python312\Lib\site-packages\starlette\applications.py", line 123, in __call__
    |     await self.middleware_stack(scope, receive, send)
    |   File "C:\Users\Phenomenal\AppData\Local\Programs\Python\Python312\Lib\site-packages\starlette\middleware\errors.py", line 186, in __call__
    |     raise exc
    |   File "C:\Users\Phenomenal\AppData\Local\Programs\Python\Python312\Lib\site-packages\starlette\middleware\errors.py", line 164, in __call__
    |     await self.app(scope, receive, _send)
    |   File "C:\Users\Phenomenal\AppData\Local\Programs\Python\Python312\Lib\site-packages\starlette\middleware\base.py", line 189, in __call__
    |     with collapse_excgroups():
    |   File "C:\Users\Phenomenal\AppData\Local\Programs\Python\Python312\Lib\contextlib.py", line 155, in __exit__
    |     self.gen.throw(value)
    |   File "C:\Users\Phenomenal\AppData\Local\Programs\Python\Python312\Lib\site-packages\starlette\_utils.py", line 93, in collapse_excgroups
    |     raise exc
    |   File "C:\Users\Phenomenal\AppData\Local\Programs\Python\Python312\Lib\site-packages\starlette\middleware\base.py", line 191, in __call__
    |     response = await self.dispatch_func(request, call_next)
    |                ^^^^^^^^^^^^^^^^^^^^^^^^^^^^^^^^^^^^^^^^^^^^
    |   File "C:\Users\Phenomenal\Desktop\Pickbook\app\main.py", line 94, in security_headers
    |     response = await call_next(request)
    |                ^^^^^^^^^^^^^^^^^^^^^^^^
    |   File "C:\Users\Phenomenal\AppData\Local\Programs\Python\Python312\Lib\site-packages\starlette\middleware\base.py", line 165, in call_next
    |     raise app_exc
    |   File "C:\Users\Phenomenal\AppData\Local\Programs\Python\Python312\Lib\site-packages\starlette\middleware\base.py", line 151, in coro
    |     await self.app(scope, receive_or_disconnect, send_no_error)
    |   File "C:\Users\Phenomenal\AppData\Local\Programs\Python\Python312\Lib\site-packages\starlette\middleware\cors.py", line 93, in __call__
    |     await self.simple_response(scope, receive, send, request_headers=headers)
    |   File "C:\Users\Phenomenal\AppData\Local\Programs\Python\Python312\Lib\site-packages\starlette\middleware\cors.py", line 148, in simple_response
    |     await self.app(scope, receive, send)
    |   File "C:\Users\Phenomenal\AppData\Local\Programs\Python\Python312\Lib\site-packages\starlette\middleware\exceptions.py", line 65, in __call__
    |     await wrap_app_handling_exceptions(self.app, conn)(scope, receive, send)
    |   File "C:\Users\Phenomenal\AppData\Local\Programs\Python\Python312\Lib\site-packages\starlette\_exception_handler.py", line 64, in wrapped_app
    |     raise exc
    |   File "C:\Users\Phenomenal\AppData\Local\Programs\Python\Python312\Lib\site-packages\starlette\_exception_handler.py", line 53, in wrapped_app
    |     await app(scope, receive, sender)
    |   File "C:\Users\Phenomenal\AppData\Local\Programs\Python\Python312\Lib\site-packages\starlette\routing.py", line 756, in __call__
    |     await self.middleware_stack(scope, receive, send)
    |   File "C:\Users\Phenomenal\AppData\Local\Programs\Python\Python312\Lib\site-packages\starlette\routing.py", line 776, in app
    |     await route.handle(scope, receive, send)
    |   File "C:\Users\Phenomenal\AppData\Local\Programs\Python\Python312\Lib\site-packages\starlette\routing.py", line 297, in handle
    |     await self.app(scope, receive, send)
    |   File "C:\Users\Phenomenal\AppData\Local\Programs\Python\Python312\Lib\site-packages\starlette\routing.py", line 77, in app
    |     await wrap_app_handling_exceptions(app, request)(scope, receive, send)
    |   File "C:\Users\Phenomenal\AppData\Local\Programs\Python\Python312\Lib\site-packages\starlette\_exception_handler.py", line 64, in wrapped_app
    |     raise exc
    |   File "C:\Users\Phenomenal\AppData\Local\Programs\Python\Python312\Lib\site-packages\starlette\_exception_handler.py", line 53, in wrapped_app
    |     await app(scope, receive, sender)
    |   File "C:\Users\Phenomenal\AppData\Local\Programs\Python\Python312\Lib\site-packages\starlette\routing.py", line 72, in app
    |     response = await func(request)
    |                ^^^^^^^^^^^^^^^^^^^
    |   File "C:\Users\Phenomenal\AppData\Local\Programs\Python\Python312\Lib\site-packages\fastapi\routing.py", line 278, in app
    |     raw_response = await run_endpoint_function(
    |                    ^^^^^^^^^^^^^^^^^^^^^^^^^^^^
    |   File "C:\Users\Phenomenal\AppData\Local\Programs\Python\Python312\Lib\site-packages\fastapi\routing.py", line 193, in run_endpoint_function
    |     return await run_in_threadpool(dependant.call, **values)
    |            ^^^^^^^^^^^^^^^^^^^^^^^^^^^^^^^^^^^^^^^^^^^^^^^^^
    |   File "C:\Users\Phenomenal\AppData\Local\Programs\Python\Python312\Lib\site-packages\starlette\concurrency.py", line 42, in run_in_threadpool
    |     return await anyio.to_thread.run_sync(func, *args)
    |            ^^^^^^^^^^^^^^^^^^^^^^^^^^^^^^^^^^^^^^^^^^^
    |   File "C:\Users\Phenomenal\AppData\Local\Programs\Python\Python312\Lib\site-packages\anyio\to_thread.py", line 63, in run_sync
    |     return await get_async_backend().run_sync_in_worker_thread(
    |            ^^^^^^^^^^^^^^^^^^^^^^^^^^^^^^^^^^^^^^^^^^^^^^^^^^^^
    |   File "C:\Users\Phenomenal\AppData\Local\Programs\Python\Python312\Lib\site-packages\anyio\_backends\_asyncio.py", line 2518, in run_sync_in_worker_thread
    |     return await future
    |            ^^^^^^^^^^^^
    |   File "C:\Users\Phenomenal\AppData\Local\Programs\Python\Python312\Lib\site-packages\anyio\_backends\_asyncio.py", line 1002, in run
    |     result = context.run(func, *args)
    |              ^^^^^^^^^^^^^^^^^^^^^^^^
    |   File "C:\Users\Phenomenal\AppData\Local\Programs\Python\Python312\Lib\site-packages\slowapi\extension.py", line 766, in sync_wrapper
    |     response = func(*args, **kwargs)
    |                ^^^^^^^^^^^^^^^^^^^^^
    |   File "C:\Users\Phenomenal\Desktop\Pickbook\app\admin\routes.py", line 351, in create_announcement
    |     return _announcement_row(row)
    |            ^^^^^^^^^^^^^^^^^^^^^^
    |   File "C:\Users\Phenomenal\Desktop\Pickbook\app\admin\routes.py", line 209, in _announcement_row
    |     row.publish_at <= _now()
    | TypeError: can't compare offset-naive and offset-aware datetimes
    +------------------------------------

During handling of the above exception, another exception occurred:

Traceback (most recent call last):
  File "C:\Users\Phenomenal\AppData\Local\Programs\Python\Python312\Lib\site-packages\uvicorn\protocols\http\httptools_impl.py", line 411, in run_asgi
    result = await app(  # type: ignore[func-returns-value]
             ^^^^^^^^^^^^^^^^^^^^^^^^^^^^^^^^^^^^^^^^^^^^^^
  File "C:\Users\Phenomenal\AppData\Local\Programs\Python\Python312\Lib\site-packages\uvicorn\middleware\proxy_headers.py", line 69, in __call__
    return await self.app(scope, receive, send)
           ^^^^^^^^^^^^^^^^^^^^^^^^^^^^^^^^^^^^
  File "C:\Users\Phenomenal\AppData\Local\Programs\Python\Python312\Lib\site-packages\fastapi\applications.py", line 1054, in __call__
    await super().__call__(scope, receive, send)
  File "C:\Users\Phenomenal\AppData\Local\Programs\Python\Python312\Lib\site-packages\starlette\applications.py", line 123, in __call__
    await self.middleware_stack(scope, receive, send)
  File "C:\Users\Phenomenal\AppData\Local\Programs\Python\Python312\Lib\site-packages\starlette\middleware\errors.py", line 186, in __call__
    raise exc
  File "C:\Users\Phenomenal\AppData\Local\Programs\Python\Python312\Lib\site-packages\starlette\middleware\errors.py", line 164, in __call__
    await self.app(scope, receive, _send)
  File "C:\Users\Phenomenal\AppData\Local\Programs\Python\Python312\Lib\site-packages\starlette\middleware\base.py", line 189, in __call__
    with collapse_excgroups():
  File "C:\Users\Phenomenal\AppData\Local\Programs\Python\Python312\Lib\contextlib.py", line 155, in __exit__
    self.gen.throw(value)
  File "C:\Users\Phenomenal\AppData\Local\Programs\Python\Python312\Lib\site-packages\starlette\_utils.py", line 93, in collapse_excgroups
    raise exc
  File "C:\Users\Phenomenal\AppData\Local\Programs\Python\Python312\Lib\site-packages\starlette\middleware\base.py", line 191, in __call__
    response = await self.dispatch_func(request, call_next)
               ^^^^^^^^^^^^^^^^^^^^^^^^^^^^^^^^^^^^^^^^^^^^
  File "C:\Users\Phenomenal\Desktop\Pickbook\app\main.py", line 94, in security_headers
    response = await call_next(request)
               ^^^^^^^^^^^^^^^^^^^^^^^^
  File "C:\Users\Phenomenal\AppData\Local\Programs\Python\Python312\Lib\site-packages\starlette\middleware\base.py", line 165, in call_next
    raise app_exc
  File "C:\Users\Phenomenal\AppData\Local\Programs\Python\Python312\Lib\site-packages\starlette\middleware\base.py", line 151, in coro
    await self.app(scope, receive_or_disconnect, send_no_error)
  File "C:\Users\Phenomenal\AppData\Local\Programs\Python\Python312\Lib\site-packages\starlette\middleware\cors.py", line 93, in __call__
    await self.simple_response(scope, receive, send, request_headers=headers)
  File "C:\Users\Phenomenal\AppData\Local\Programs\Python\Python312\Lib\site-packages\starlette\middleware\cors.py", line 148, in simple_response
    await self.app(scope, receive, send)
  File "C:\Users\Phenomenal\AppData\Local\Programs\Python\Python312\Lib\site-packages\starlette\middleware\exceptions.py", line 65, in __call__
    await wrap_app_handling_exceptions(self.app, conn)(scope, receive, send)
  File "C:\Users\Phenomenal\AppData\Local\Programs\Python\Python312\Lib\site-packages\starlette\_exception_handler.py", line 64, in wrapped_app
    raise exc
  File "C:\Users\Phenomenal\AppData\Local\Programs\Python\Python312\Lib\site-packages\starlette\_exception_handler.py", line 53, in wrapped_app
    await app(scope, receive, sender)
  File "C:\Users\Phenomenal\AppData\Local\Programs\Python\Python312\Lib\site-packages\starlette\routing.py", line 756, in __call__
    await self.middleware_stack(scope, receive, send)
  File "C:\Users\Phenomenal\AppData\Local\Programs\Python\Python312\Lib\site-packages\starlette\routing.py", line 776, in app
    await route.handle(scope, receive, send)
  File "C:\Users\Phenomenal\AppData\Local\Programs\Python\Python312\Lib\site-packages\starlette\routing.py", line 297, in handle
    await self.app(scope, receive, send)
  File "C:\Users\Phenomenal\AppData\Local\Programs\Python\Python312\Lib\site-packages\starlette\routing.py", line 77, in app
    await wrap_app_handling_exceptions(app, request)(scope, receive, send)
  File "C:\Users\Phenomenal\AppData\Local\Programs\Python\Python312\Lib\site-packages\starlette\_exception_handler.py", line 64, in wrapped_app
    raise exc
  File "C:\Users\Phenomenal\AppData\Local\Programs\Python\Python312\Lib\site-packages\starlette\_exception_handler.py", line 53, in wrapped_app
    await app(scope, receive, sender)
  File "C:\Users\Phenomenal\AppData\Local\Programs\Python\Python312\Lib\site-packages\starlette\routing.py", line 72, in app
    response = await func(request)
               ^^^^^^^^^^^^^^^^^^^
  File "C:\Users\Phenomenal\AppData\Local\Programs\Python\Python312\Lib\site-packages\fastapi\routing.py", line 278, in app
    raw_response = await run_endpoint_function(
                   ^^^^^^^^^^^^^^^^^^^^^^^^^^^^
  File "C:\Users\Phenomenal\AppData\Local\Programs\Python\Python312\Lib\site-packages\fastapi\routing.py", line 193, in run_endpoint_function
    return await run_in_threadpool(dependant.call, **values)
           ^^^^^^^^^^^^^^^^^^^^^^^^^^^^^^^^^^^^^^^^^^^^^^^^^
  File "C:\Users\Phenomenal\AppData\Local\Programs\Python\Python312\Lib\site-packages\starlette\concurrency.py", line 42, in run_in_threadpool
    return await anyio.to_thread.run_sync(func, *args)
           ^^^^^^^^^^^^^^^^^^^^^^^^^^^^^^^^^^^^^^^^^^^
  File "C:\Users\Phenomenal\AppData\Local\Programs\Python\Python312\Lib\site-packages\anyio\to_thread.py", line 63, in run_sync
    return await get_async_backend().run_sync_in_worker_thread(
           ^^^^^^^^^^^^^^^^^^^^^^^^^^^^^^^^^^^^^^^^^^^^^^^^^^^^
  File "C:\Users\Phenomenal\AppData\Local\Programs\Python\Python312\Lib\site-packages\anyio\_backends\_asyncio.py", line 2518, in run_sync_in_worker_thread
    return await future
           ^^^^^^^^^^^^
  File "C:\Users\Phenomenal\AppData\Local\Programs\Python\Python312\Lib\site-packages\anyio\_backends\_asyncio.py", line 1002, in run
    result = context.run(func, *args)
             ^^^^^^^^^^^^^^^^^^^^^^^^
  File "C:\Users\Phenomenal\AppData\Local\Programs\Python\Python312\Lib\site-packages\slowapi\extension.py", line 766, in sync_wrapper
    response = func(*args, **kwargs)
               ^^^^^^^^^^^^^^^^^^^^^
  File "C:\Users\Phenomenal\Desktop\Pickbook\app\admin\routes.py", line 351, in create_announcement
    return _announcement_row(row)
           ^^^^^^^^^^^^^^^^^^^^^^
  File "C:\Users\Phenomenal\Desktop\Pickbook\app\admin\routes.py", line 209, in _announcement_row
    row.publish_at <= _now()
TypeError: can't compare offset-naive and offset-aware datetimes
ERROR:    Exception in ASGI application
  + Exception Group Traceback (most recent call last):
  |   File "C:\Users\Phenomenal\AppData\Local\Programs\Python\Python312\Lib\site-packages\starlette\_utils.py", line 87, in collapse_excgroups
  |     yield
  |   File "C:\Users\Phenomenal\AppData\Local\Programs\Python\Python312\Lib\site-packages\starlette\middleware\base.py", line 190, in __call__
  |     async with anyio.create_task_group() as task_group:
  |   File "C:\Users\Phenomenal\AppData\Local\Programs\Python\Python312\Lib\site-packages\anyio\_backends\_asyncio.py", line 799, in __aexit__
  |     raise BaseExceptionGroup(
  | ExceptionGroup: unhandled errors in a TaskGroup (1 sub-exception)
  +-+---------------- 1 ----------------
    | Traceback (most recent call last):
    |   File "C:\Users\Phenomenal\AppData\Local\Programs\Python\Python312\Lib\site-packages\uvicorn\protocols\http\httptools_impl.py", line 411, in run_asgi
    |     result = await app(  # type: ignore[func-returns-value]
    |              ^^^^^^^^^^^^^^^^^^^^^^^^^^^^^^^^^^^^^^^^^^^^^^
    |   File "C:\Users\Phenomenal\AppData\Local\Programs\Python\Python312\Lib\site-packages\uvicorn\middleware\proxy_headers.py", line 69, in __call__
    |     return await self.app(scope, receive, send)
    |            ^^^^^^^^^^^^^^^^^^^^^^^^^^^^^^^^^^^^
    |   File "C:\Users\Phenomenal\AppData\Local\Programs\Python\Python312\Lib\site-packages\fastapi\applications.py", line 1054, in __call__
    |     await super().__call__(scope, receive, send)
    |   File "C:\Users\Phenomenal\AppData\Local\Programs\Python\Python312\Lib\site-packages\starlette\applications.py", line 123, in __call__
    |     await self.middleware_stack(scope, receive, send)
    |   File "C:\Users\Phenomenal\AppData\Local\Programs\Python\Python312\Lib\site-packages\starlette\middleware\errors.py", line 186, in __call__
    |     raise exc
    |   File "C:\Users\Phenomenal\AppData\Local\Programs\Python\Python312\Lib\site-packages\starlette\middleware\errors.py", line 164, in __call__
    |     await self.app(scope, receive, _send)
    |   File "C:\Users\Phenomenal\AppData\Local\Programs\Python\Python312\Lib\site-packages\starlette\middleware\base.py", line 189, in __call__
    |     with collapse_excgroups():
    |   File "C:\Users\Phenomenal\AppData\Local\Programs\Python\Python312\Lib\contextlib.py", line 155, in __exit__
    |     self.gen.throw(value)
    |   File "C:\Users\Phenomenal\AppData\Local\Programs\Python\Python312\Lib\site-packages\starlette\_utils.py", line 93, in collapse_excgroups
    |     raise exc
    |   File "C:\Users\Phenomenal\AppData\Local\Programs\Python\Python312\Lib\site-packages\starlette\middleware\base.py", line 191, in __call__
    |     response = await self.dispatch_func(request, call_next)
    |                ^^^^^^^^^^^^^^^^^^^^^^^^^^^^^^^^^^^^^^^^^^^^
    |   File "C:\Users\Phenomenal\Desktop\Pickbook\app\main.py", line 94, in security_headers
    |     response = await call_next(request)
    |                ^^^^^^^^^^^^^^^^^^^^^^^^
    |   File "C:\Users\Phenomenal\AppData\Local\Programs\Python\Python312\Lib\site-packages\starlette\middleware\base.py", line 165, in call_next
    |     raise app_exc
    |   File "C:\Users\Phenomenal\AppData\Local\Programs\Python\Python312\Lib\site-packages\starlette\middleware\base.py", line 151, in coro
    |     await self.app(scope, receive_or_disconnect, send_no_error)
    |   File "C:\Users\Phenomenal\AppData\Local\Programs\Python\Python312\Lib\site-packages\starlette\middleware\cors.py", line 93, in __call__
    |     await self.simple_response(scope, receive, send, request_headers=headers)
    |   File "C:\Users\Phenomenal\AppData\Local\Programs\Python\Python312\Lib\site-packages\starlette\middleware\cors.py", line 148, in simple_response
    |     await self.app(scope, receive, send)
    |   File "C:\Users\Phenomenal\AppData\Local\Programs\Python\Python312\Lib\site-packages\starlette\middleware\exceptions.py", line 65, in __call__
    |     await wrap_app_handling_exceptions(self.app, conn)(scope, receive, send)
    |   File "C:\Users\Phenomenal\AppData\Local\Programs\Python\Python312\Lib\site-packages\starlette\_exception_handler.py", line 64, in wrapped_app
    |     raise exc
    |   File "C:\Users\Phenomenal\AppData\Local\Programs\Python\Python312\Lib\site-packages\starlette\_exception_handler.py", line 53, in wrapped_app
    |     await app(scope, receive, sender)
    |   File "C:\Users\Phenomenal\AppData\Local\Programs\Python\Python312\Lib\site-packages\starlette\routing.py", line 756, in __call__
    |     await self.middleware_stack(scope, receive, send)
    |   File "C:\Users\Phenomenal\AppData\Local\Programs\Python\Python312\Lib\site-packages\starlette\routing.py", line 776, in app
    |     await route.handle(scope, receive, send)
    |   File "C:\Users\Phenomenal\AppData\Local\Programs\Python\Python312\Lib\site-packages\starlette\routing.py", line 297, in handle
    |     await self.app(scope, receive, send)
    |   File "C:\Users\Phenomenal\AppData\Local\Programs\Python\Python312\Lib\site-packages\starlette\routing.py", line 77, in app
    |     await wrap_app_handling_exceptions(app, request)(scope, receive, send)
    |   File "C:\Users\Phenomenal\AppData\Local\Programs\Python\Python312\Lib\site-packages\starlette\_exception_handler.py", line 64, in wrapped_app
    |     raise exc
    |   File "C:\Users\Phenomenal\AppData\Local\Programs\Python\Python312\Lib\site-packages\starlette\_exception_handler.py", line 53, in wrapped_app
    |     await app(scope, receive, sender)
    |   File "C:\Users\Phenomenal\AppData\Local\Programs\Python\Python312\Lib\site-packages\starlette\routing.py", line 72, in app
    |     response = await func(request)
    |                ^^^^^^^^^^^^^^^^^^^
    |   File "C:\Users\Phenomenal\AppData\Local\Programs\Python\Python312\Lib\site-packages\fastapi\routing.py", line 278, in app
    |     raw_response = await run_endpoint_function(
    |                    ^^^^^^^^^^^^^^^^^^^^^^^^^^^^
    |   File "C:\Users\Phenomenal\AppData\Local\Programs\Python\Python312\Lib\site-packages\fastapi\routing.py", line 193, in run_endpoint_function
    |     return await run_in_threadpool(dependant.call, **values)
    |            ^^^^^^^^^^^^^^^^^^^^^^^^^^^^^^^^^^^^^^^^^^^^^^^^^
    |   File "C:\Users\Phenomenal\AppData\Local\Programs\Python\Python312\Lib\site-packages\starlette\concurrency.py", line 42, in run_in_threadpool
    |     return await anyio.to_thread.run_sync(func, *args)
    |            ^^^^^^^^^^^^^^^^^^^^^^^^^^^^^^^^^^^^^^^^^^^
    |   File "C:\Users\Phenomenal\AppData\Local\Programs\Python\Python312\Lib\site-packages\anyio\to_thread.py", line 63, in run_sync
    |     return await get_async_backend().run_sync_in_worker_thread(
    |            ^^^^^^^^^^^^^^^^^^^^^^^^^^^^^^^^^^^^^^^^^^^^^^^^^^^^
    |   File "C:\Users\Phenomenal\AppData\Local\Programs\Python\Python312\Lib\site-packages\anyio\_backends\_asyncio.py", line 2518, in run_sync_in_worker_thread
    |     return await future
    |            ^^^^^^^^^^^^
    |   File "C:\Users\Phenomenal\AppData\Local\Programs\Python\Python312\Lib\site-packages\anyio\_backends\_asyncio.py", line 1002, in run
    |     result = context.run(func, *args)
    |              ^^^^^^^^^^^^^^^^^^^^^^^^
    |   File "C:\Users\Phenomenal\AppData\Local\Programs\Python\Python312\Lib\site-packages\slowapi\extension.py", line 766, in sync_wrapper
    |     response = func(*args, **kwargs)
    |                ^^^^^^^^^^^^^^^^^^^^^
    |   File "C:\Users\Phenomenal\Desktop\Pickbook\app\admin\routes.py", line 351, in create_announcement
    |     return _announcement_row(row)
    |            ^^^^^^^^^^^^^^^^^^^^^^
    |   File "C:\Users\Phenomenal\Desktop\Pickbook\app\admin\routes.py", line 209, in _announcement_row
    |     row.publish_at <= _now()
    | TypeError: can't compare offset-naive and offset-aware datetimes
    +------------------------------------

During handling of the above exception, another exception occurred:

Traceback (most recent call last):
  File "C:\Users\Phenomenal\AppData\Local\Programs\Python\Python312\Lib\site-packages\uvicorn\protocols\http\httptools_impl.py", line 411, in run_asgi
    result = await app(  # type: ignore[func-returns-value]
             ^^^^^^^^^^^^^^^^^^^^^^^^^^^^^^^^^^^^^^^^^^^^^^
  File "C:\Users\Phenomenal\AppData\Local\Programs\Python\Python312\Lib\site-packages\uvicorn\middleware\proxy_headers.py", line 69, in __call__
    return await self.app(scope, receive, send)
           ^^^^^^^^^^^^^^^^^^^^^^^^^^^^^^^^^^^^
  File "C:\Users\Phenomenal\AppData\Local\Programs\Python\Python312\Lib\site-packages\fastapi\applications.py", line 1054, in __call__
    await super().__call__(scope, receive, send)
  File "C:\Users\Phenomenal\AppData\Local\Programs\Python\Python312\Lib\site-packages\starlette\applications.py", line 123, in __call__
    await self.middleware_stack(scope, receive, send)
  File "C:\Users\Phenomenal\AppData\Local\Programs\Python\Python312\Lib\site-packages\starlette\middleware\errors.py", line 186, in __call__
    raise exc
  File "C:\Users\Phenomenal\AppData\Local\Programs\Python\Python312\Lib\site-packages\starlette\middleware\errors.py", line 164, in __call__
    await self.app(scope, receive, _send)
  File "C:\Users\Phenomenal\AppData\Local\Programs\Python\Python312\Lib\site-packages\starlette\middleware\base.py", line 189, in __call__
    with collapse_excgroups():
  File "C:\Users\Phenomenal\AppData\Local\Programs\Python\Python312\Lib\contextlib.py", line 155, in __exit__
    self.gen.throw(value)
  File "C:\Users\Phenomenal\AppData\Local\Programs\Python\Python312\Lib\site-packages\starlette\_utils.py", line 93, in collapse_excgroups
    raise exc
  File "C:\Users\Phenomenal\AppData\Local\Programs\Python\Python312\Lib\site-packages\starlette\middleware\base.py", line 191, in __call__
    response = await self.dispatch_func(request, call_next)
               ^^^^^^^^^^^^^^^^^^^^^^^^^^^^^^^^^^^^^^^^^^^^
  File "C:\Users\Phenomenal\Desktop\Pickbook\app\main.py", line 94, in security_headers
    response = await call_next(request)
               ^^^^^^^^^^^^^^^^^^^^^^^^
  File "C:\Users\Phenomenal\AppData\Local\Programs\Python\Python312\Lib\site-packages\starlette\middleware\base.py", line 165, in call_next
    raise app_exc
  File "C:\Users\Phenomenal\AppData\Local\Programs\Python\Python312\Lib\site-packages\starlette\middleware\base.py", line 151, in coro
    await self.app(scope, receive_or_disconnect, send_no_error)
  File "C:\Users\Phenomenal\AppData\Local\Programs\Python\Python312\Lib\site-packages\starlette\middleware\cors.py", line 93, in __call__
    await self.simple_response(scope, receive, send, request_headers=headers)
  File "C:\Users\Phenomenal\AppData\Local\Programs\Python\Python312\Lib\site-packages\starlette\middleware\cors.py", line 148, in simple_response
    await self.app(scope, receive, send)
  File "C:\Users\Phenomenal\AppData\Local\Programs\Python\Python312\Lib\site-packages\starlette\middleware\exceptions.py", line 65, in __call__
    await wrap_app_handling_exceptions(self.app, conn)(scope, receive, send)
  File "C:\Users\Phenomenal\AppData\Local\Programs\Python\Python312\Lib\site-packages\starlette\_exception_handler.py", line 64, in wrapped_app
    raise exc
  File "C:\Users\Phenomenal\AppData\Local\Programs\Python\Python312\Lib\site-packages\starlette\_exception_handler.py", line 53, in wrapped_app
    await app(scope, receive, sender)
  File "C:\Users\Phenomenal\AppData\Local\Programs\Python\Python312\Lib\site-packages\starlette\routing.py", line 756, in __call__
    await self.middleware_stack(scope, receive, send)
  File "C:\Users\Phenomenal\AppData\Local\Programs\Python\Python312\Lib\site-packages\starlette\routing.py", line 776, in app
    await route.handle(scope, receive, send)
  File "C:\Users\Phenomenal\AppData\Local\Programs\Python\Python312\Lib\site-packages\starlette\routing.py", line 297, in handle
    await self.app(scope, receive, send)
  File "C:\Users\Phenomenal\AppData\Local\Programs\Python\Python312\Lib\site-packages\starlette\routing.py", line 77, in app
    await wrap_app_handling_exceptions(app, request)(scope, receive, send)
  File "C:\Users\Phenomenal\AppData\Local\Programs\Python\Python312\Lib\site-packages\starlette\_exception_handler.py", line 64, in wrapped_app
    raise exc
  File "C:\Users\Phenomenal\AppData\Local\Programs\Python\Python312\Lib\site-packages\starlette\_exception_handler.py", line 53, in wrapped_app
    await app(scope, receive, sender)
  File "C:\Users\Phenomenal\AppData\Local\Programs\Python\Python312\Lib\site-packages\starlette\routing.py", line 72, in app
    response = await func(request)
               ^^^^^^^^^^^^^^^^^^^
  File "C:\Users\Phenomenal\AppData\Local\Programs\Python\Python312\Lib\site-packages\fastapi\routing.py", line 278, in app
    raw_response = await run_endpoint_function(
                   ^^^^^^^^^^^^^^^^^^^^^^^^^^^^
  File "C:\Users\Phenomenal\AppData\Local\Programs\Python\Python312\Lib\site-packages\fastapi\routing.py", line 193, in run_endpoint_function
    return await run_in_threadpool(dependant.call, **values)
           ^^^^^^^^^^^^^^^^^^^^^^^^^^^^^^^^^^^^^^^^^^^^^^^^^
  File "C:\Users\Phenomenal\AppData\Local\Programs\Python\Python312\Lib\site-packages\starlette\concurrency.py", line 42, in run_in_threadpool
    return await anyio.to_thread.run_sync(func, *args)
           ^^^^^^^^^^^^^^^^^^^^^^^^^^^^^^^^^^^^^^^^^^^
  File "C:\Users\Phenomenal\AppData\Local\Programs\Python\Python312\Lib\site-packages\anyio\to_thread.py", line 63, in run_sync
    return await get_async_backend().run_sync_in_worker_thread(
           ^^^^^^^^^^^^^^^^^^^^^^^^^^^^^^^^^^^^^^^^^^^^^^^^^^^^
  File "C:\Users\Phenomenal\AppData\Local\Programs\Python\Python312\Lib\site-packages\anyio\_backends\_asyncio.py", line 2518, in run_sync_in_worker_thread
    return await future
           ^^^^^^^^^^^^
  File "C:\Users\Phenomenal\AppData\Local\Programs\Python\Python312\Lib\site-packages\anyio\_backends\_asyncio.py", line 1002, in run
    result = context.run(func, *args)
             ^^^^^^^^^^^^^^^^^^^^^^^^
  File "C:\Users\Phenomenal\AppData\Local\Programs\Python\Python312\Lib\site-packages\slowapi\extension.py", line 766, in sync_wrapper
    response = func(*args, **kwargs)
               ^^^^^^^^^^^^^^^^^^^^^
  File "C:\Users\Phenomenal\Desktop\Pickbook\app\admin\routes.py", line 351, in create_announcement
    return _announcement_row(row)
           ^^^^^^^^^^^^^^^^^^^^^^
  File "C:\Users\Phenomenal\Desktop\Pickbook\app\admin\routes.py", line 209, in _announcement_row
    row.publish_at <= _now()
TypeError: can't compare offset-naive and offset-aware datetimes
ERROR:    Exception in ASGI application
  + Exception Group Traceback (most recent call last):
  |   File "C:\Users\Phenomenal\AppData\Local\Programs\Python\Python312\Lib\site-packages\starlette\_utils.py", line 87, in collapse_excgroups
  |     yield
  |   File "C:\Users\Phenomenal\AppData\Local\Programs\Python\Python312\Lib\site-packages\starlette\middleware\base.py", line 190, in __call__
  |     async with anyio.create_task_group() as task_group:
  |   File "C:\Users\Phenomenal\AppData\Local\Programs\Python\Python312\Lib\site-packages\anyio\_backends\_asyncio.py", line 799, in __aexit__
  |     raise BaseExceptionGroup(
  | ExceptionGroup: unhandled errors in a TaskGroup (1 sub-exception)
  +-+---------------- 1 ----------------
    | Traceback (most recent call last):
    |   File "C:\Users\Phenomenal\AppData\Local\Programs\Python\Python312\Lib\site-packages\uvicorn\protocols\http\httptools_impl.py", line 411, in run_asgi
    |     result = await app(  # type: ignore[func-returns-value]
    |              ^^^^^^^^^^^^^^^^^^^^^^^^^^^^^^^^^^^^^^^^^^^^^^
    |   File "C:\Users\Phenomenal\AppData\Local\Programs\Python\Python312\Lib\site-packages\uvicorn\middleware\proxy_headers.py", line 69, in __call__
    |     return await self.app(scope, receive, send)
    |            ^^^^^^^^^^^^^^^^^^^^^^^^^^^^^^^^^^^^
    |   File "C:\Users\Phenomenal\AppData\Local\Programs\Python\Python312\Lib\site-packages\fastapi\applications.py", line 1054, in __call__
    |     await super().__call__(scope, receive, send)
    |   File "C:\Users\Phenomenal\AppData\Local\Programs\Python\Python312\Lib\site-packages\starlette\applications.py", line 123, in __call__
    |     await self.middleware_stack(scope, receive, send)
    |   File "C:\Users\Phenomenal\AppData\Local\Programs\Python\Python312\Lib\site-packages\starlette\middleware\errors.py", line 186, in __call__
    |     raise exc
    |   File "C:\Users\Phenomenal\AppData\Local\Programs\Python\Python312\Lib\site-packages\starlette\middleware\errors.py", line 164, in __call__
    |     await self.app(scope, receive, _send)
    |   File "C:\Users\Phenomenal\AppData\Local\Programs\Python\Python312\Lib\site-packages\starlette\middleware\base.py", line 189, in __call__
    |     with collapse_excgroups():
    |   File "C:\Users\Phenomenal\AppData\Local\Programs\Python\Python312\Lib\contextlib.py", line 155, in __exit__
    |     self.gen.throw(value)
    |   File "C:\Users\Phenomenal\AppData\Local\Programs\Python\Python312\Lib\site-packages\starlette\_utils.py", line 93, in collapse_excgroups
    |     raise exc
    |   File "C:\Users\Phenomenal\AppData\Local\Programs\Python\Python312\Lib\site-packages\starlette\middleware\base.py", line 191, in __call__
    |     response = await self.dispatch_func(request, call_next)
    |                ^^^^^^^^^^^^^^^^^^^^^^^^^^^^^^^^^^^^^^^^^^^^
    |   File "C:\Users\Phenomenal\Desktop\Pickbook\app\main.py", line 94, in security_headers
    |     response = await call_next(request)
    |                ^^^^^^^^^^^^^^^^^^^^^^^^
    |   File "C:\Users\Phenomenal\AppData\Local\Programs\Python\Python312\Lib\site-packages\starlette\middleware\base.py", line 165, in call_next
    |     raise app_exc
    |   File "C:\Users\Phenomenal\AppData\Local\Programs\Python\Python312\Lib\site-packages\starlette\middleware\base.py", line 151, in coro
    |     await self.app(scope, receive_or_disconnect, send_no_error)
    |   File "C:\Users\Phenomenal\AppData\Local\Programs\Python\Python312\Lib\site-packages\starlette\middleware\cors.py", line 93, in __call__
    |     await self.simple_response(scope, receive, send, request_headers=headers)
    |   File "C:\Users\Phenomenal\AppData\Local\Programs\Python\Python312\Lib\site-packages\starlette\middleware\cors.py", line 148, in simple_response
    |     await self.app(scope, receive, send)
    |   File "C:\Users\Phenomenal\AppData\Local\Programs\Python\Python312\Lib\site-packages\starlette\middleware\exceptions.py", line 65, in __call__
    |     await wrap_app_handling_exceptions(self.app, conn)(scope, receive, send)
    |   File "C:\Users\Phenomenal\AppData\Local\Programs\Python\Python312\Lib\site-packages\starlette\_exception_handler.py", line 64, in wrapped_app
    |     raise exc
    |   File "C:\Users\Phenomenal\AppData\Local\Programs\Python\Python312\Lib\site-packages\starlette\_exception_handler.py", line 53, in wrapped_app
    |     await app(scope, receive, sender)
    |   File "C:\Users\Phenomenal\AppData\Local\Programs\Python\Python312\Lib\site-packages\starlette\routing.py", line 756, in __call__
    |     await self.middleware_stack(scope, receive, send)
    |   File "C:\Users\Phenomenal\AppData\Local\Programs\Python\Python312\Lib\site-packages\starlette\routing.py", line 776, in app
    |     await route.handle(scope, receive, send)
    |   File "C:\Users\Phenomenal\AppData\Local\Programs\Python\Python312\Lib\site-packages\starlette\routing.py", line 297, in handle
    |     await self.app(scope, receive, send)
    |   File "C:\Users\Phenomenal\AppData\Local\Programs\Python\Python312\Lib\site-packages\starlette\routing.py", line 77, in app
    |     await wrap_app_handling_exceptions(app, request)(scope, receive, send)
    |   File "C:\Users\Phenomenal\AppData\Local\Programs\Python\Python312\Lib\site-packages\starlette\_exception_handler.py", line 64, in wrapped_app
    |     raise exc
    |   File "C:\Users\Phenomenal\AppData\Local\Programs\Python\Python312\Lib\site-packages\starlette\_exception_handler.py", line 53, in wrapped_app
    |     await app(scope, receive, sender)
    |   File "C:\Users\Phenomenal\AppData\Local\Programs\Python\Python312\Lib\site-packages\starlette\routing.py", line 72, in app
    |     response = await func(request)
    |                ^^^^^^^^^^^^^^^^^^^
    |   File "C:\Users\Phenomenal\AppData\Local\Programs\Python\Python312\Lib\site-packages\fastapi\routing.py", line 278, in app
    |     raw_response = await run_endpoint_function(
    |                    ^^^^^^^^^^^^^^^^^^^^^^^^^^^^
    |   File "C:\Users\Phenomenal\AppData\Local\Programs\Python\Python312\Lib\site-packages\fastapi\routing.py", line 193, in run_endpoint_function
    |     return await run_in_threadpool(dependant.call, **values)
    |            ^^^^^^^^^^^^^^^^^^^^^^^^^^^^^^^^^^^^^^^^^^^^^^^^^
    |   File "C:\Users\Phenomenal\AppData\Local\Programs\Python\Python312\Lib\site-packages\starlette\concurrency.py", line 42, in run_in_threadpool
    |     return await anyio.to_thread.run_sync(func, *args)
    |            ^^^^^^^^^^^^^^^^^^^^^^^^^^^^^^^^^^^^^^^^^^^
    |   File "C:\Users\Phenomenal\AppData\Local\Programs\Python\Python312\Lib\site-packages\anyio\to_thread.py", line 63, in run_sync
    |     return await get_async_backend().run_sync_in_worker_thread(
    |            ^^^^^^^^^^^^^^^^^^^^^^^^^^^^^^^^^^^^^^^^^^^^^^^^^^^^
    |   File "C:\Users\Phenomenal\AppData\Local\Programs\Python\Python312\Lib\site-packages\anyio\_backends\_asyncio.py", line 2518, in run_sync_in_worker_thread
    |     return await future
    |            ^^^^^^^^^^^^
    |   File "C:\Users\Phenomenal\AppData\Local\Programs\Python\Python312\Lib\site-packages\anyio\_backends\_asyncio.py", line 1002, in run
    |     result = context.run(func, *args)
    |              ^^^^^^^^^^^^^^^^^^^^^^^^
    |   File "C:\Users\Phenomenal\AppData\Local\Programs\Python\Python312\Lib\site-packages\slowapi\extension.py", line 766, in sync_wrapper
    |     response = func(*args, **kwargs)
    |                ^^^^^^^^^^^^^^^^^^^^^
    |   File "C:\Users\Phenomenal\Desktop\Pickbook\app\admin\routes.py", line 351, in create_announcement
    |     return _announcement_row(row)
    |            ^^^^^^^^^^^^^^^^^^^^^^
    |   File "C:\Users\Phenomenal\Desktop\Pickbook\app\admin\routes.py", line 209, in _announcement_row
    |     row.publish_at <= _now()
    | TypeError: can't compare offset-naive and offset-aware datetimes
    +------------------------------------

During handling of the above exception, another exception occurred:

Traceback (most recent call last):
  File "C:\Users\Phenomenal\AppData\Local\Programs\Python\Python312\Lib\site-packages\uvicorn\protocols\http\httptools_impl.py", line 411, in run_asgi
    result = await app(  # type: ignore[func-returns-value]
             ^^^^^^^^^^^^^^^^^^^^^^^^^^^^^^^^^^^^^^^^^^^^^^
  File "C:\Users\Phenomenal\AppData\Local\Programs\Python\Python312\Lib\site-packages\uvicorn\middleware\proxy_headers.py", line 69, in __call__
    return await self.app(scope, receive, send)
           ^^^^^^^^^^^^^^^^^^^^^^^^^^^^^^^^^^^^
  File "C:\Users\Phenomenal\AppData\Local\Programs\Python\Python312\Lib\site-packages\fastapi\applications.py", line 1054, in __call__
    await super().__call__(scope, receive, send)
  File "C:\Users\Phenomenal\AppData\Local\Programs\Python\Python312\Lib\site-packages\starlette\applications.py", line 123, in __call__
    await self.middleware_stack(scope, receive, send)
  File "C:\Users\Phenomenal\AppData\Local\Programs\Python\Python312\Lib\site-packages\starlette\middleware\errors.py", line 186, in __call__
    raise exc
  File "C:\Users\Phenomenal\AppData\Local\Programs\Python\Python312\Lib\site-packages\starlette\middleware\errors.py", line 164, in __call__
    await self.app(scope, receive, _send)
  File "C:\Users\Phenomenal\AppData\Local\Programs\Python\Python312\Lib\site-packages\starlette\middleware\base.py", line 189, in __call__
    with collapse_excgroups():
  File "C:\Users\Phenomenal\AppData\Local\Programs\Python\Python312\Lib\contextlib.py", line 155, in __exit__
    self.gen.throw(value)
  File "C:\Users\Phenomenal\AppData\Local\Programs\Python\Python312\Lib\site-packages\starlette\_utils.py", line 93, in collapse_excgroups
    raise exc
  File "C:\Users\Phenomenal\AppData\Local\Programs\Python\Python312\Lib\site-packages\starlette\middleware\base.py", line 191, in __call__
    response = await self.dispatch_func(request, call_next)
               ^^^^^^^^^^^^^^^^^^^^^^^^^^^^^^^^^^^^^^^^^^^^
  File "C:\Users\Phenomenal\Desktop\Pickbook\app\main.py", line 94, in security_headers
    response = await call_next(request)
               ^^^^^^^^^^^^^^^^^^^^^^^^
  File "C:\Users\Phenomenal\AppData\Local\Programs\Python\Python312\Lib\site-packages\starlette\middleware\base.py", line 165, in call_next
    raise app_exc
  File "C:\Users\Phenomenal\AppData\Local\Programs\Python\Python312\Lib\site-packages\starlette\middleware\base.py", line 151, in coro
    await self.app(scope, receive_or_disconnect, send_no_error)
  File "C:\Users\Phenomenal\AppData\Local\Programs\Python\Python312\Lib\site-packages\starlette\middleware\cors.py", line 93, in __call__
    await self.simple_response(scope, receive, send, request_headers=headers)
  File "C:\Users\Phenomenal\AppData\Local\Programs\Python\Python312\Lib\site-packages\starlette\middleware\cors.py", line 148, in simple_response
    await self.app(scope, receive, send)
  File "C:\Users\Phenomenal\AppData\Local\Programs\Python\Python312\Lib\site-packages\starlette\middleware\exceptions.py", line 65, in __call__
    await wrap_app_handling_exceptions(self.app, conn)(scope, receive, send)
  File "C:\Users\Phenomenal\AppData\Local\Programs\Python\Python312\Lib\site-packages\starlette\_exception_handler.py", line 64, in wrapped_app
    raise exc
  File "C:\Users\Phenomenal\AppData\Local\Programs\Python\Python312\Lib\site-packages\starlette\_exception_handler.py", line 53, in wrapped_app
    await app(scope, receive, sender)
  File "C:\Users\Phenomenal\AppData\Local\Programs\Python\Python312\Lib\site-packages\starlette\routing.py", line 756, in __call__
    await self.middleware_stack(scope, receive, send)
  File "C:\Users\Phenomenal\AppData\Local\Programs\Python\Python312\Lib\site-packages\starlette\routing.py", line 776, in app
    await route.handle(scope, receive, send)
  File "C:\Users\Phenomenal\AppData\Local\Programs\Python\Python312\Lib\site-packages\starlette\routing.py", line 297, in handle
    await self.app(scope, receive, send)
  File "C:\Users\Phenomenal\AppData\Local\Programs\Python\Python312\Lib\site-packages\starlette\routing.py", line 77, in app
    await wrap_app_handling_exceptions(app, request)(scope, receive, send)
  File "C:\Users\Phenomenal\AppData\Local\Programs\Python\Python312\Lib\site-packages\starlette\_exception_handler.py", line 64, in wrapped_app
    raise exc
  File "C:\Users\Phenomenal\AppData\Local\Programs\Python\Python312\Lib\site-packages\starlette\_exception_handler.py", line 53, in wrapped_app
    await app(scope, receive, sender)
  File "C:\Users\Phenomenal\AppData\Local\Programs\Python\Python312\Lib\site-packages\starlette\routing.py", line 72, in app
    response = await func(request)
               ^^^^^^^^^^^^^^^^^^^
  File "C:\Users\Phenomenal\AppData\Local\Programs\Python\Python312\Lib\site-packages\fastapi\routing.py", line 278, in app
    raw_response = await run_endpoint_function(
                   ^^^^^^^^^^^^^^^^^^^^^^^^^^^^
  File "C:\Users\Phenomenal\AppData\Local\Programs\Python\Python312\Lib\site-packages\fastapi\routing.py", line 193, in run_endpoint_function
    return await run_in_threadpool(dependant.call, **values)
           ^^^^^^^^^^^^^^^^^^^^^^^^^^^^^^^^^^^^^^^^^^^^^^^^^
  File "C:\Users\Phenomenal\AppData\Local\Programs\Python\Python312\Lib\site-packages\starlette\concurrency.py", line 42, in run_in_threadpool
    return await anyio.to_thread.run_sync(func, *args)
           ^^^^^^^^^^^^^^^^^^^^^^^^^^^^^^^^^^^^^^^^^^^
  File "C:\Users\Phenomenal\AppData\Local\Programs\Python\Python312\Lib\site-packages\anyio\to_thread.py", line 63, in run_sync
    return await get_async_backend().run_sync_in_worker_thread(
           ^^^^^^^^^^^^^^^^^^^^^^^^^^^^^^^^^^^^^^^^^^^^^^^^^^^^
  File "C:\Users\Phenomenal\AppData\Local\Programs\Python\Python312\Lib\site-packages\anyio\_backends\_asyncio.py", line 2518, in run_sync_in_worker_thread
    return await future
           ^^^^^^^^^^^^
  File "C:\Users\Phenomenal\AppData\Local\Programs\Python\Python312\Lib\site-packages\anyio\_backends\_asyncio.py", line 1002, in run
    result = context.run(func, *args)
             ^^^^^^^^^^^^^^^^^^^^^^^^
  File "C:\Users\Phenomenal\AppData\Local\Programs\Python\Python312\Lib\site-packages\slowapi\extension.py", line 766, in sync_wrapper
    response = func(*args, **kwargs)
               ^^^^^^^^^^^^^^^^^^^^^
  File "C:\Users\Phenomenal\Desktop\Pickbook\app\admin\routes.py", line 351, in create_announcement
    return _announcement_row(row)
           ^^^^^^^^^^^^^^^^^^^^^^
  File "C:\Users\Phenomenal\Desktop\Pickbook\app\admin\routes.py", line 209, in _announcement_row
    row.publish_at <= _now()
TypeError: can't compare offset-naive and offset-aware datetimes
ERROR:    Exception in ASGI application
  + Exception Group Traceback (most recent call last):
  |   File "C:\Users\Phenomenal\AppData\Local\Programs\Python\Python312\Lib\site-packages\starlette\_utils.py", line 87, in collapse_excgroups
  |     yield
  |   File "C:\Users\Phenomenal\AppData\Local\Programs\Python\Python312\Lib\site-packages\starlette\middleware\base.py", line 190, in __call__
  |     async with anyio.create_task_group() as task_group:
  |   File "C:\Users\Phenomenal\AppData\Local\Programs\Python\Python312\Lib\site-packages\anyio\_backends\_asyncio.py", line 799, in __aexit__
  |     raise BaseExceptionGroup(
  | ExceptionGroup: unhandled errors in a TaskGroup (1 sub-exception)
  +-+---------------- 1 ----------------
    | Traceback (most recent call last):
    |   File "C:\Users\Phenomenal\AppData\Local\Programs\Python\Python312\Lib\site-packages\uvicorn\protocols\http\httptools_impl.py", line 411, in run_asgi
    |     result = await app(  # type: ignore[func-returns-value]
    |              ^^^^^^^^^^^^^^^^^^^^^^^^^^^^^^^^^^^^^^^^^^^^^^
    |   File "C:\Users\Phenomenal\AppData\Local\Programs\Python\Python312\Lib\site-packages\uvicorn\middleware\proxy_headers.py", line 69, in __call__
    |     return await self.app(scope, receive, send)
    |            ^^^^^^^^^^^^^^^^^^^^^^^^^^^^^^^^^^^^
    |   File "C:\Users\Phenomenal\AppData\Local\Programs\Python\Python312\Lib\site-packages\fastapi\applications.py", line 1054, in __call__
    |     await super().__call__(scope, receive, send)
    |   File "C:\Users\Phenomenal\AppData\Local\Programs\Python\Python312\Lib\site-packages\starlette\applications.py", line 123, in __call__
    |     await self.middleware_stack(scope, receive, send)
    |   File "C:\Users\Phenomenal\AppData\Local\Programs\Python\Python312\Lib\site-packages\starlette\middleware\errors.py", line 186, in __call__
    |     raise exc
    |   File "C:\Users\Phenomenal\AppData\Local\Programs\Python\Python312\Lib\site-packages\starlette\middleware\errors.py", line 164, in __call__
    |     await self.app(scope, receive, _send)
    |   File "C:\Users\Phenomenal\AppData\Local\Programs\Python\Python312\Lib\site-packages\starlette\middleware\base.py", line 189, in __call__
    |     with collapse_excgroups():
    |   File "C:\Users\Phenomenal\AppData\Local\Programs\Python\Python312\Lib\contextlib.py", line 155, in __exit__
    |     self.gen.throw(value)
    |   File "C:\Users\Phenomenal\AppData\Local\Programs\Python\Python312\Lib\site-packages\starlette\_utils.py", line 93, in collapse_excgroups
    |     raise exc
    |   File "C:\Users\Phenomenal\AppData\Local\Programs\Python\Python312\Lib\site-packages\starlette\middleware\base.py", line 191, in __call__
    |     response = await self.dispatch_func(request, call_next)
    |                ^^^^^^^^^^^^^^^^^^^^^^^^^^^^^^^^^^^^^^^^^^^^
    |   File "C:\Users\Phenomenal\Desktop\Pickbook\app\main.py", line 94, in security_headers
    |     response = await call_next(request)
    |                ^^^^^^^^^^^^^^^^^^^^^^^^
    |   File "C:\Users\Phenomenal\AppData\Local\Programs\Python\Python312\Lib\site-packages\starlette\middleware\base.py", line 165, in call_next
    |     raise app_exc
    |   File "C:\Users\Phenomenal\AppData\Local\Programs\Python\Python312\Lib\site-packages\starlette\middleware\base.py", line 151, in coro
    |     await self.app(scope, receive_or_disconnect, send_no_error)
    |   File "C:\Users\Phenomenal\AppData\Local\Programs\Python\Python312\Lib\site-packages\starlette\middleware\cors.py", line 93, in __call__
    |     await self.simple_response(scope, receive, send, request_headers=headers)
    |   File "C:\Users\Phenomenal\AppData\Local\Programs\Python\Python312\Lib\site-packages\starlette\middleware\cors.py", line 148, in simple_response
    |     await self.app(scope, receive, send)
    |   File "C:\Users\Phenomenal\AppData\Local\Programs\Python\Python312\Lib\site-packages\starlette\middleware\exceptions.py", line 65, in __call__
    |     await wrap_app_handling_exceptions(self.app, conn)(scope, receive, send)
    |   File "C:\Users\Phenomenal\AppData\Local\Programs\Python\Python312\Lib\site-packages\starlette\_exception_handler.py", line 64, in wrapped_app
    |     raise exc
    |   File "C:\Users\Phenomenal\AppData\Local\Programs\Python\Python312\Lib\site-packages\starlette\_exception_handler.py", line 53, in wrapped_app
    |     await app(scope, receive, sender)
    |   File "C:\Users\Phenomenal\AppData\Local\Programs\Python\Python312\Lib\site-packages\starlette\routing.py", line 756, in __call__
    |     await self.middleware_stack(scope, receive, send)
    |   File "C:\Users\Phenomenal\AppData\Local\Programs\Python\Python312\Lib\site-packages\starlette\routing.py", line 776, in app
    |     await route.handle(scope, receive, send)
    |   File "C:\Users\Phenomenal\AppData\Local\Programs\Python\Python312\Lib\site-packages\starlette\routing.py", line 297, in handle
    |     await self.app(scope, receive, send)
    |   File "C:\Users\Phenomenal\AppData\Local\Programs\Python\Python312\Lib\site-packages\starlette\routing.py", line 77, in app
    |     await wrap_app_handling_exceptions(app, request)(scope, receive, send)
    |   File "C:\Users\Phenomenal\AppData\Local\Programs\Python\Python312\Lib\site-packages\starlette\_exception_handler.py", line 64, in wrapped_app
    |     raise exc
    |   File "C:\Users\Phenomenal\AppData\Local\Programs\Python\Python312\Lib\site-packages\starlette\_exception_handler.py", line 53, in wrapped_app
    |     await app(scope, receive, sender)
    |   File "C:\Users\Phenomenal\AppData\Local\Programs\Python\Python312\Lib\site-packages\starlette\routing.py", line 72, in app
    |     response = await func(request)
    |                ^^^^^^^^^^^^^^^^^^^
    |   File "C:\Users\Phenomenal\AppData\Local\Programs\Python\Python312\Lib\site-packages\fastapi\routing.py", line 278, in app
    |     raw_response = await run_endpoint_function(
    |                    ^^^^^^^^^^^^^^^^^^^^^^^^^^^^
    |   File "C:\Users\Phenomenal\AppData\Local\Programs\Python\Python312\Lib\site-packages\fastapi\routing.py", line 193, in run_endpoint_function
    |     return await run_in_threadpool(dependant.call, **values)
    |            ^^^^^^^^^^^^^^^^^^^^^^^^^^^^^^^^^^^^^^^^^^^^^^^^^
    |   File "C:\Users\Phenomenal\AppData\Local\Programs\Python\Python312\Lib\site-packages\starlette\concurrency.py", line 42, in run_in_threadpool
    |     return await anyio.to_thread.run_sync(func, *args)
    |            ^^^^^^^^^^^^^^^^^^^^^^^^^^^^^^^^^^^^^^^^^^^
    |   File "C:\Users\Phenomenal\AppData\Local\Programs\Python\Python312\Lib\site-packages\anyio\to_thread.py", line 63, in run_sync
    |     return await get_async_backend().run_sync_in_worker_thread(
    |            ^^^^^^^^^^^^^^^^^^^^^^^^^^^^^^^^^^^^^^^^^^^^^^^^^^^^
    |   File "C:\Users\Phenomenal\AppData\Local\Programs\Python\Python312\Lib\site-packages\anyio\_backends\_asyncio.py", line 2518, in run_sync_in_worker_thread
    |     return await future
    |            ^^^^^^^^^^^^
    |   File "C:\Users\Phenomenal\AppData\Local\Programs\Python\Python312\Lib\site-packages\anyio\_backends\_asyncio.py", line 1002, in run
    |     result = context.run(func, *args)
    |              ^^^^^^^^^^^^^^^^^^^^^^^^
    |   File "C:\Users\Phenomenal\AppData\Local\Programs\Python\Python312\Lib\site-packages\slowapi\extension.py", line 766, in sync_wrapper
    |     response = func(*args, **kwargs)
    |                ^^^^^^^^^^^^^^^^^^^^^
    |   File "C:\Users\Phenomenal\Desktop\Pickbook\app\admin\routes.py", line 351, in create_announcement
    |     return _announcement_row(row)
    |            ^^^^^^^^^^^^^^^^^^^^^^
    |   File "C:\Users\Phenomenal\Desktop\Pickbook\app\admin\routes.py", line 209, in _announcement_row
    |     row.publish_at <= _now()
    | TypeError: can't compare offset-naive and offset-aware datetimes
    +------------------------------------

During handling of the above exception, another exception occurred:

Traceback (most recent call last):
  File "C:\Users\Phenomenal\AppData\Local\Programs\Python\Python312\Lib\site-packages\uvicorn\protocols\http\httptools_impl.py", line 411, in run_asgi
    result = await app(  # type: ignore[func-returns-value]
             ^^^^^^^^^^^^^^^^^^^^^^^^^^^^^^^^^^^^^^^^^^^^^^
  File "C:\Users\Phenomenal\AppData\Local\Programs\Python\Python312\Lib\site-packages\uvicorn\middleware\proxy_headers.py", line 69, in __call__
    return await self.app(scope, receive, send)
           ^^^^^^^^^^^^^^^^^^^^^^^^^^^^^^^^^^^^
  File "C:\Users\Phenomenal\AppData\Local\Programs\Python\Python312\Lib\site-packages\fastapi\applications.py", line 1054, in __call__
    await super().__call__(scope, receive, send)
  File "C:\Users\Phenomenal\AppData\Local\Programs\Python\Python312\Lib\site-packages\starlette\applications.py", line 123, in __call__
    await self.middleware_stack(scope, receive, send)
  File "C:\Users\Phenomenal\AppData\Local\Programs\Python\Python312\Lib\site-packages\starlette\middleware\errors.py", line 186, in __call__
    raise exc
  File "C:\Users\Phenomenal\AppData\Local\Programs\Python\Python312\Lib\site-packages\starlette\middleware\errors.py", line 164, in __call__
    await self.app(scope, receive, _send)
  File "C:\Users\Phenomenal\AppData\Local\Programs\Python\Python312\Lib\site-packages\starlette\middleware\base.py", line 189, in __call__
    with collapse_excgroups():
  File "C:\Users\Phenomenal\AppData\Local\Programs\Python\Python312\Lib\contextlib.py", line 155, in __exit__
    self.gen.throw(value)
  File "C:\Users\Phenomenal\AppData\Local\Programs\Python\Python312\Lib\site-packages\starlette\_utils.py", line 93, in collapse_excgroups
    raise exc
  File "C:\Users\Phenomenal\AppData\Local\Programs\Python\Python312\Lib\site-packages\starlette\middleware\base.py", line 191, in __call__
    response = await self.dispatch_func(request, call_next)
               ^^^^^^^^^^^^^^^^^^^^^^^^^^^^^^^^^^^^^^^^^^^^
  File "C:\Users\Phenomenal\Desktop\Pickbook\app\main.py", line 94, in security_headers
    response = await call_next(request)
               ^^^^^^^^^^^^^^^^^^^^^^^^
  File "C:\Users\Phenomenal\AppData\Local\Programs\Python\Python312\Lib\site-packages\starlette\middleware\base.py", line 165, in call_next
    raise app_exc
  File "C:\Users\Phenomenal\AppData\Local\Programs\Python\Python312\Lib\site-packages\starlette\middleware\base.py", line 151, in coro
    await self.app(scope, receive_or_disconnect, send_no_error)
  File "C:\Users\Phenomenal\AppData\Local\Programs\Python\Python312\Lib\site-packages\starlette\middleware\cors.py", line 93, in __call__
    await self.simple_response(scope, receive, send, request_headers=headers)
  File "C:\Users\Phenomenal\AppData\Local\Programs\Python\Python312\Lib\site-packages\starlette\middleware\cors.py", line 148, in simple_response
    await self.app(scope, receive, send)
  File "C:\Users\Phenomenal\AppData\Local\Programs\Python\Python312\Lib\site-packages\starlette\middleware\exceptions.py", line 65, in __call__
    await wrap_app_handling_exceptions(self.app, conn)(scope, receive, send)
  File "C:\Users\Phenomenal\AppData\Local\Programs\Python\Python312\Lib\site-packages\starlette\_exception_handler.py", line 64, in wrapped_app
    raise exc
  File "C:\Users\Phenomenal\AppData\Local\Programs\Python\Python312\Lib\site-packages\starlette\_exception_handler.py", line 53, in wrapped_app
    await app(scope, receive, sender)
  File "C:\Users\Phenomenal\AppData\Local\Programs\Python\Python312\Lib\site-packages\starlette\routing.py", line 756, in __call__
    await self.middleware_stack(scope, receive, send)
  File "C:\Users\Phenomenal\AppData\Local\Programs\Python\Python312\Lib\site-packages\starlette\routing.py", line 776, in app
    await route.handle(scope, receive, send)
  File "C:\Users\Phenomenal\AppData\Local\Programs\Python\Python312\Lib\site-packages\starlette\routing.py", line 297, in handle
    await self.app(scope, receive, send)
  File "C:\Users\Phenomenal\AppData\Local\Programs\Python\Python312\Lib\site-packages\starlette\routing.py", line 77, in app
    await wrap_app_handling_exceptions(app, request)(scope, receive, send)
  File "C:\Users\Phenomenal\AppData\Local\Programs\Python\Python312\Lib\site-packages\starlette\_exception_handler.py", line 64, in wrapped_app
    raise exc
  File "C:\Users\Phenomenal\AppData\Local\Programs\Python\Python312\Lib\site-packages\starlette\_exception_handler.py", line 53, in wrapped_app
    await app(scope, receive, sender)
  File "C:\Users\Phenomenal\AppData\Local\Programs\Python\Python312\Lib\site-packages\starlette\routing.py", line 72, in app
    response = await func(request)
               ^^^^^^^^^^^^^^^^^^^
  File "C:\Users\Phenomenal\AppData\Local\Programs\Python\Python312\Lib\site-packages\fastapi\routing.py", line 278, in app
    raw_response = await run_endpoint_function(
                   ^^^^^^^^^^^^^^^^^^^^^^^^^^^^
  File "C:\Users\Phenomenal\AppData\Local\Programs\Python\Python312\Lib\site-packages\fastapi\routing.py", line 193, in run_endpoint_function
    return await run_in_threadpool(dependant.call, **values)
           ^^^^^^^^^^^^^^^^^^^^^^^^^^^^^^^^^^^^^^^^^^^^^^^^^
  File "C:\Users\Phenomenal\AppData\Local\Programs\Python\Python312\Lib\site-packages\starlette\concurrency.py", line 42, in run_in_threadpool
    return await anyio.to_thread.run_sync(func, *args)
           ^^^^^^^^^^^^^^^^^^^^^^^^^^^^^^^^^^^^^^^^^^^
  File "C:\Users\Phenomenal\AppData\Local\Programs\Python\Python312\Lib\site-packages\anyio\to_thread.py", line 63, in run_sync
    return await get_async_backend().run_sync_in_worker_thread(
           ^^^^^^^^^^^^^^^^^^^^^^^^^^^^^^^^^^^^^^^^^^^^^^^^^^^^
  File "C:\Users\Phenomenal\AppData\Local\Programs\Python\Python312\Lib\site-packages\anyio\_backends\_asyncio.py", line 2518, in run_sync_in_worker_thread
    return await future
           ^^^^^^^^^^^^
  File "C:\Users\Phenomenal\AppData\Local\Programs\Python\Python312\Lib\site-packages\anyio\_backends\_asyncio.py", line 1002, in run
    result = context.run(func, *args)
             ^^^^^^^^^^^^^^^^^^^^^^^^
  File "C:\Users\Phenomenal\AppData\Local\Programs\Python\Python312\Lib\site-packages\slowapi\extension.py", line 766, in sync_wrapper
    response = func(*args, **kwargs)
               ^^^^^^^^^^^^^^^^^^^^^
  File "C:\Users\Phenomenal\Desktop\Pickbook\app\admin\routes.py", line 351, in create_announcement
    return _announcement_row(row)
           ^^^^^^^^^^^^^^^^^^^^^^
  File "C:\Users\Phenomenal\Desktop\Pickbook\app\admin\routes.py", line 209, in _announcement_row
    row.publish_at <= _now()
TypeError: can't compare offset-naive and offset-aware datetimes
ERROR:    Exception in ASGI application
  + Exception Group Traceback (most recent call last):
  |   File "C:\Users\Phenomenal\AppData\Local\Programs\Python\Python312\Lib\site-packages\starlette\_utils.py", line 87, in collapse_excgroups
  |     yield
  |   File "C:\Users\Phenomenal\AppData\Local\Programs\Python\Python312\Lib\site-packages\starlette\middleware\base.py", line 190, in __call__
  |     async with anyio.create_task_group() as task_group:
  |   File "C:\Users\Phenomenal\AppData\Local\Programs\Python\Python312\Lib\site-packages\anyio\_backends\_asyncio.py", line 799, in __aexit__
  |     raise BaseExceptionGroup(
  | ExceptionGroup: unhandled errors in a TaskGroup (1 sub-exception)
  +-+---------------- 1 ----------------
    | Traceback (most recent call last):
    |   File "C:\Users\Phenomenal\AppData\Local\Programs\Python\Python312\Lib\site-packages\uvicorn\protocols\http\httptools_impl.py", line 411, in run_asgi
    |     result = await app(  # type: ignore[func-returns-value]
    |              ^^^^^^^^^^^^^^^^^^^^^^^^^^^^^^^^^^^^^^^^^^^^^^
    |   File "C:\Users\Phenomenal\AppData\Local\Programs\Python\Python312\Lib\site-packages\uvicorn\middleware\proxy_headers.py", line 69, in __call__
    |     return await self.app(scope, receive, send)
    |            ^^^^^^^^^^^^^^^^^^^^^^^^^^^^^^^^^^^^
    |   File "C:\Users\Phenomenal\AppData\Local\Programs\Python\Python312\Lib\site-packages\fastapi\applications.py", line 1054, in __call__
    |     await super().__call__(scope, receive, send)
    |   File "C:\Users\Phenomenal\AppData\Local\Programs\Python\Python312\Lib\site-packages\starlette\applications.py", line 123, in __call__
    |     await self.middleware_stack(scope, receive, send)
    |   File "C:\Users\Phenomenal\AppData\Local\Programs\Python\Python312\Lib\site-packages\starlette\middleware\errors.py", line 186, in __call__
    |     raise exc
    |   File "C:\Users\Phenomenal\AppData\Local\Programs\Python\Python312\Lib\site-packages\starlette\middleware\errors.py", line 164, in __call__
    |     await self.app(scope, receive, _send)
    |   File "C:\Users\Phenomenal\AppData\Local\Programs\Python\Python312\Lib\site-packages\starlette\middleware\base.py", line 189, in __call__
    |     with collapse_excgroups():
    |   File "C:\Users\Phenomenal\AppData\Local\Programs\Python\Python312\Lib\contextlib.py", line 155, in __exit__
    |     self.gen.throw(value)
    |   File "C:\Users\Phenomenal\AppData\Local\Programs\Python\Python312\Lib\site-packages\starlette\_utils.py", line 93, in collapse_excgroups
    |     raise exc
    |   File "C:\Users\Phenomenal\AppData\Local\Programs\Python\Python312\Lib\site-packages\starlette\middleware\base.py", line 191, in __call__
    |     response = await self.dispatch_func(request, call_next)
    |                ^^^^^^^^^^^^^^^^^^^^^^^^^^^^^^^^^^^^^^^^^^^^
    |   File "C:\Users\Phenomenal\Desktop\Pickbook\app\main.py", line 94, in security_headers
    |     response = await call_next(request)
    |                ^^^^^^^^^^^^^^^^^^^^^^^^
    |   File "C:\Users\Phenomenal\AppData\Local\Programs\Python\Python312\Lib\site-packages\starlette\middleware\base.py", line 165, in call_next
    |     raise app_exc
    |   File "C:\Users\Phenomenal\AppData\Local\Programs\Python\Python312\Lib\site-packages\starlette\middleware\base.py", line 151, in coro
    |     await self.app(scope, receive_or_disconnect, send_no_error)
    |   File "C:\Users\Phenomenal\AppData\Local\Programs\Python\Python312\Lib\site-packages\starlette\middleware\cors.py", line 93, in __call__
    |     await self.simple_response(scope, receive, send, request_headers=headers)
    |   File "C:\Users\Phenomenal\AppData\Local\Programs\Python\Python312\Lib\site-packages\starlette\middleware\cors.py", line 148, in simple_response
    |     await self.app(scope, receive, send)
    |   File "C:\Users\Phenomenal\AppData\Local\Programs\Python\Python312\Lib\site-packages\starlette\middleware\exceptions.py", line 65, in __call__
    |     await wrap_app_handling_exceptions(self.app, conn)(scope, receive, send)
    |   File "C:\Users\Phenomenal\AppData\Local\Programs\Python\Python312\Lib\site-packages\starlette\_exception_handler.py", line 64, in wrapped_app
    |     raise exc
    |   File "C:\Users\Phenomenal\AppData\Local\Programs\Python\Python312\Lib\site-packages\starlette\_exception_handler.py", line 53, in wrapped_app
    |     await app(scope, receive, sender)
    |   File "C:\Users\Phenomenal\AppData\Local\Programs\Python\Python312\Lib\site-packages\starlette\routing.py", line 756, in __call__
    |     await self.middleware_stack(scope, receive, send)
    |   File "C:\Users\Phenomenal\AppData\Local\Programs\Python\Python312\Lib\site-packages\starlette\routing.py", line 776, in app
    |     await route.handle(scope, receive, send)
    |   File "C:\Users\Phenomenal\AppData\Local\Programs\Python\Python312\Lib\site-packages\starlette\routing.py", line 297, in handle
    |     await self.app(scope, receive, send)
    |   File "C:\Users\Phenomenal\AppData\Local\Programs\Python\Python312\Lib\site-packages\starlette\routing.py", line 77, in app
    |     await wrap_app_handling_exceptions(app, request)(scope, receive, send)
    |   File "C:\Users\Phenomenal\AppData\Local\Programs\Python\Python312\Lib\site-packages\starlette\_exception_handler.py", line 64, in wrapped_app
    |     raise exc
    |   File "C:\Users\Phenomenal\AppData\Local\Programs\Python\Python312\Lib\site-packages\starlette\_exception_handler.py", line 53, in wrapped_app
    |     await app(scope, receive, sender)
    |   File "C:\Users\Phenomenal\AppData\Local\Programs\Python\Python312\Lib\site-packages\starlette\routing.py", line 72, in app
    |     response = await func(request)
    |                ^^^^^^^^^^^^^^^^^^^
    |   File "C:\Users\Phenomenal\AppData\Local\Programs\Python\Python312\Lib\site-packages\fastapi\routing.py", line 278, in app
    |     raw_response = await run_endpoint_function(
    |                    ^^^^^^^^^^^^^^^^^^^^^^^^^^^^
    |   File "C:\Users\Phenomenal\AppData\Local\Programs\Python\Python312\Lib\site-packages\fastapi\routing.py", line 193, in run_endpoint_function
    |     return await run_in_threadpool(dependant.call, **values)
    |            ^^^^^^^^^^^^^^^^^^^^^^^^^^^^^^^^^^^^^^^^^^^^^^^^^
    |   File "C:\Users\Phenomenal\AppData\Local\Programs\Python\Python312\Lib\site-packages\starlette\concurrency.py", line 42, in run_in_threadpool
    |     return await anyio.to_thread.run_sync(func, *args)
    |            ^^^^^^^^^^^^^^^^^^^^^^^^^^^^^^^^^^^^^^^^^^^
    |   File "C:\Users\Phenomenal\AppData\Local\Programs\Python\Python312\Lib\site-packages\anyio\to_thread.py", line 63, in run_sync
    |     return await get_async_backend().run_sync_in_worker_thread(
    |            ^^^^^^^^^^^^^^^^^^^^^^^^^^^^^^^^^^^^^^^^^^^^^^^^^^^^
    |   File "C:\Users\Phenomenal\AppData\Local\Programs\Python\Python312\Lib\site-packages\anyio\_backends\_asyncio.py", line 2518, in run_sync_in_worker_thread
    |     return await future
    |            ^^^^^^^^^^^^
    |   File "C:\Users\Phenomenal\AppData\Local\Programs\Python\Python312\Lib\site-packages\anyio\_backends\_asyncio.py", line 1002, in run
    |     result = context.run(func, *args)
    |              ^^^^^^^^^^^^^^^^^^^^^^^^
    |   File "C:\Users\Phenomenal\AppData\Local\Programs\Python\Python312\Lib\site-packages\slowapi\extension.py", line 766, in sync_wrapper
    |     response = func(*args, **kwargs)
    |                ^^^^^^^^^^^^^^^^^^^^^
    |   File "C:\Users\Phenomenal\Desktop\Pickbook\app\admin\routes.py", line 351, in create_announcement
    |     return _announcement_row(row)
    |            ^^^^^^^^^^^^^^^^^^^^^^
    |   File "C:\Users\Phenomenal\Desktop\Pickbook\app\admin\routes.py", line 209, in _announcement_row
    |     row.publish_at <= _now()
    | TypeError: can't compare offset-naive and offset-aware datetimes
    +------------------------------------

During handling of the above exception, another exception occurred:

Traceback (most recent call last):
  File "C:\Users\Phenomenal\AppData\Local\Programs\Python\Python312\Lib\site-packages\uvicorn\protocols\http\httptools_impl.py", line 411, in run_asgi
    result = await app(  # type: ignore[func-returns-value]
             ^^^^^^^^^^^^^^^^^^^^^^^^^^^^^^^^^^^^^^^^^^^^^^
  File "C:\Users\Phenomenal\AppData\Local\Programs\Python\Python312\Lib\site-packages\uvicorn\middleware\proxy_headers.py", line 69, in __call__
    return await self.app(scope, receive, send)
           ^^^^^^^^^^^^^^^^^^^^^^^^^^^^^^^^^^^^
  File "C:\Users\Phenomenal\AppData\Local\Programs\Python\Python312\Lib\site-packages\fastapi\applications.py", line 1054, in __call__
    await super().__call__(scope, receive, send)
  File "C:\Users\Phenomenal\AppData\Local\Programs\Python\Python312\Lib\site-packages\starlette\applications.py", line 123, in __call__
    await self.middleware_stack(scope, receive, send)
  File "C:\Users\Phenomenal\AppData\Local\Programs\Python\Python312\Lib\site-packages\starlette\middleware\errors.py", line 186, in __call__
    raise exc
  File "C:\Users\Phenomenal\AppData\Local\Programs\Python\Python312\Lib\site-packages\starlette\middleware\errors.py", line 164, in __call__
    await self.app(scope, receive, _send)
  File "C:\Users\Phenomenal\AppData\Local\Programs\Python\Python312\Lib\site-packages\starlette\middleware\base.py", line 189, in __call__
    with collapse_excgroups():
  File "C:\Users\Phenomenal\AppData\Local\Programs\Python\Python312\Lib\contextlib.py", line 155, in __exit__
    self.gen.throw(value)
  File "C:\Users\Phenomenal\AppData\Local\Programs\Python\Python312\Lib\site-packages\starlette\_utils.py", line 93, in collapse_excgroups
    raise exc
  File "C:\Users\Phenomenal\AppData\Local\Programs\Python\Python312\Lib\site-packages\starlette\middleware\base.py", line 191, in __call__
    response = await self.dispatch_func(request, call_next)
               ^^^^^^^^^^^^^^^^^^^^^^^^^^^^^^^^^^^^^^^^^^^^
  File "C:\Users\Phenomenal\Desktop\Pickbook\app\main.py", line 94, in security_headers
    response = await call_next(request)
               ^^^^^^^^^^^^^^^^^^^^^^^^
  File "C:\Users\Phenomenal\AppData\Local\Programs\Python\Python312\Lib\site-packages\starlette\middleware\base.py", line 165, in call_next
    raise app_exc
  File "C:\Users\Phenomenal\AppData\Local\Programs\Python\Python312\Lib\site-packages\starlette\middleware\base.py", line 151, in coro
    await self.app(scope, receive_or_disconnect, send_no_error)
  File "C:\Users\Phenomenal\AppData\Local\Programs\Python\Python312\Lib\site-packages\starlette\middleware\cors.py", line 93, in __call__
    await self.simple_response(scope, receive, send, request_headers=headers)
  File "C:\Users\Phenomenal\AppData\Local\Programs\Python\Python312\Lib\site-packages\starlette\middleware\cors.py", line 148, in simple_response
    await self.app(scope, receive, send)
  File "C:\Users\Phenomenal\AppData\Local\Programs\Python\Python312\Lib\site-packages\starlette\middleware\exceptions.py", line 65, in __call__
    await wrap_app_handling_exceptions(self.app, conn)(scope, receive, send)
  File "C:\Users\Phenomenal\AppData\Local\Programs\Python\Python312\Lib\site-packages\starlette\_exception_handler.py", line 64, in wrapped_app
    raise exc
  File "C:\Users\Phenomenal\AppData\Local\Programs\Python\Python312\Lib\site-packages\starlette\_exception_handler.py", line 53, in wrapped_app
    await app(scope, receive, sender)
  File "C:\Users\Phenomenal\AppData\Local\Programs\Python\Python312\Lib\site-packages\starlette\routing.py", line 756, in __call__
    await self.middleware_stack(scope, receive, send)
  File "C:\Users\Phenomenal\AppData\Local\Programs\Python\Python312\Lib\site-packages\starlette\routing.py", line 776, in app
    await route.handle(scope, receive, send)
  File "C:\Users\Phenomenal\AppData\Local\Programs\Python\Python312\Lib\site-packages\starlette\routing.py", line 297, in handle
    await self.app(scope, receive, send)
  File "C:\Users\Phenomenal\AppData\Local\Programs\Python\Python312\Lib\site-packages\starlette\routing.py", line 77, in app
    await wrap_app_handling_exceptions(app, request)(scope, receive, send)
  File "C:\Users\Phenomenal\AppData\Local\Programs\Python\Python312\Lib\site-packages\starlette\_exception_handler.py", line 64, in wrapped_app
    raise exc
  File "C:\Users\Phenomenal\AppData\Local\Programs\Python\Python312\Lib\site-packages\starlette\_exception_handler.py", line 53, in wrapped_app
    await app(scope, receive, sender)
  File "C:\Users\Phenomenal\AppData\Local\Programs\Python\Python312\Lib\site-packages\starlette\routing.py", line 72, in app
    response = await func(request)
               ^^^^^^^^^^^^^^^^^^^
  File "C:\Users\Phenomenal\AppData\Local\Programs\Python\Python312\Lib\site-packages\fastapi\routing.py", line 278, in app
    raw_response = await run_endpoint_function(
                   ^^^^^^^^^^^^^^^^^^^^^^^^^^^^
  File "C:\Users\Phenomenal\AppData\Local\Programs\Python\Python312\Lib\site-packages\fastapi\routing.py", line 193, in run_endpoint_function
    return await run_in_threadpool(dependant.call, **values)
           ^^^^^^^^^^^^^^^^^^^^^^^^^^^^^^^^^^^^^^^^^^^^^^^^^
  File "C:\Users\Phenomenal\AppData\Local\Programs\Python\Python312\Lib\site-packages\starlette\concurrency.py", line 42, in run_in_threadpool
    return await anyio.to_thread.run_sync(func, *args)
           ^^^^^^^^^^^^^^^^^^^^^^^^^^^^^^^^^^^^^^^^^^^
  File "C:\Users\Phenomenal\AppData\Local\Programs\Python\Python312\Lib\site-packages\anyio\to_thread.py", line 63, in run_sync
    return await get_async_backend().run_sync_in_worker_thread(
           ^^^^^^^^^^^^^^^^^^^^^^^^^^^^^^^^^^^^^^^^^^^^^^^^^^^^
  File "C:\Users\Phenomenal\AppData\Local\Programs\Python\Python312\Lib\site-packages\anyio\_backends\_asyncio.py", line 2518, in run_sync_in_worker_thread
    return await future
           ^^^^^^^^^^^^
  File "C:\Users\Phenomenal\AppData\Local\Programs\Python\Python312\Lib\site-packages\anyio\_backends\_asyncio.py", line 1002, in run
    result = context.run(func, *args)
             ^^^^^^^^^^^^^^^^^^^^^^^^
  File "C:\Users\Phenomenal\AppData\Local\Programs\Python\Python312\Lib\site-packages\slowapi\extension.py", line 766, in sync_wrapper
    response = func(*args, **kwargs)
               ^^^^^^^^^^^^^^^^^^^^^
  File "C:\Users\Phenomenal\Desktop\Pickbook\app\admin\routes.py", line 351, in create_announcement
    return _announcement_row(row)
           ^^^^^^^^^^^^^^^^^^^^^^
  File "C:\Users\Phenomenal\Desktop\Pickbook\app\admin\routes.py", line 209, in _announcement_row
    row.publish_at <= _now()
TypeError: can't compare offset-naive and offset-aware datetimes
ERROR:    Exception in ASGI application
  + Exception Group Traceback (most recent call last):
  |   File "C:\Users\Phenomenal\AppData\Local\Programs\Python\Python312\Lib\site-packages\starlette\_utils.py", line 87, in collapse_excgroups
  |     yield
  |   File "C:\Users\Phenomenal\AppData\Local\Programs\Python\Python312\Lib\site-packages\starlette\middleware\base.py", line 190, in __call__
  |     async with anyio.create_task_group() as task_group:
  |   File "C:\Users\Phenomenal\AppData\Local\Programs\Python\Python312\Lib\site-packages\anyio\_backends\_asyncio.py", line 799, in __aexit__
  |     raise BaseExceptionGroup(
  | ExceptionGroup: unhandled errors in a TaskGroup (1 sub-exception)
  +-+---------------- 1 ----------------
    | Traceback (most recent call last):
    |   File "C:\Users\Phenomenal\AppData\Local\Programs\Python\Python312\Lib\site-packages\uvicorn\protocols\http\httptools_impl.py", line 411, in run_asgi
    |     result = await app(  # type: ignore[func-returns-value]
    |              ^^^^^^^^^^^^^^^^^^^^^^^^^^^^^^^^^^^^^^^^^^^^^^
    |   File "C:\Users\Phenomenal\AppData\Local\Programs\Python\Python312\Lib\site-packages\uvicorn\middleware\proxy_headers.py", line 69, in __call__
    |     return await self.app(scope, receive, send)
    |            ^^^^^^^^^^^^^^^^^^^^^^^^^^^^^^^^^^^^
    |   File "C:\Users\Phenomenal\AppData\Local\Programs\Python\Python312\Lib\site-packages\fastapi\applications.py", line 1054, in __call__
    |     await super().__call__(scope, receive, send)
    |   File "C:\Users\Phenomenal\AppData\Local\Programs\Python\Python312\Lib\site-packages\starlette\applications.py", line 123, in __call__
    |     await self.middleware_stack(scope, receive, send)
    |   File "C:\Users\Phenomenal\AppData\Local\Programs\Python\Python312\Lib\site-packages\starlette\middleware\errors.py", line 186, in __call__
    |     raise exc
    |   File "C:\Users\Phenomenal\AppData\Local\Programs\Python\Python312\Lib\site-packages\starlette\middleware\errors.py", line 164, in __call__
    |     await self.app(scope, receive, _send)
    |   File "C:\Users\Phenomenal\AppData\Local\Programs\Python\Python312\Lib\site-packages\starlette\middleware\base.py", line 189, in __call__
    |     with collapse_excgroups():
    |   File "C:\Users\Phenomenal\AppData\Local\Programs\Python\Python312\Lib\contextlib.py", line 155, in __exit__
    |     self.gen.throw(value)
    |   File "C:\Users\Phenomenal\AppData\Local\Programs\Python\Python312\Lib\site-packages\starlette\_utils.py", line 93, in collapse_excgroups
    |     raise exc
    |   File "C:\Users\Phenomenal\AppData\Local\Programs\Python\Python312\Lib\site-packages\starlette\middleware\base.py", line 191, in __call__
    |     response = await self.dispatch_func(request, call_next)
    |                ^^^^^^^^^^^^^^^^^^^^^^^^^^^^^^^^^^^^^^^^^^^^
    |   File "C:\Users\Phenomenal\Desktop\Pickbook\app\main.py", line 94, in security_headers
    |     response = await call_next(request)
    |                ^^^^^^^^^^^^^^^^^^^^^^^^
    |   File "C:\Users\Phenomenal\AppData\Local\Programs\Python\Python312\Lib\site-packages\starlette\middleware\base.py", line 165, in call_next
    |     raise app_exc
    |   File "C:\Users\Phenomenal\AppData\Local\Programs\Python\Python312\Lib\site-packages\starlette\middleware\base.py", line 151, in coro
    |     await self.app(scope, receive_or_disconnect, send_no_error)
    |   File "C:\Users\Phenomenal\AppData\Local\Programs\Python\Python312\Lib\site-packages\starlette\middleware\cors.py", line 93, in __call__
    |     await self.simple_response(scope, receive, send, request_headers=headers)
    |   File "C:\Users\Phenomenal\AppData\Local\Programs\Python\Python312\Lib\site-packages\starlette\middleware\cors.py", line 148, in simple_response
    |     await self.app(scope, receive, send)
    |   File "C:\Users\Phenomenal\AppData\Local\Programs\Python\Python312\Lib\site-packages\starlette\middleware\exceptions.py", line 65, in __call__
    |     await wrap_app_handling_exceptions(self.app, conn)(scope, receive, send)
    |   File "C:\Users\Phenomenal\AppData\Local\Programs\Python\Python312\Lib\site-packages\starlette\_exception_handler.py", line 64, in wrapped_app
    |     raise exc
    |   File "C:\Users\Phenomenal\AppData\Local\Programs\Python\Python312\Lib\site-packages\starlette\_exception_handler.py", line 53, in wrapped_app
    |     await app(scope, receive, sender)
    |   File "C:\Users\Phenomenal\AppData\Local\Programs\Python\Python312\Lib\site-packages\starlette\routing.py", line 756, in __call__
    |     await self.middleware_stack(scope, receive, send)
    |   File "C:\Users\Phenomenal\AppData\Local\Programs\Python\Python312\Lib\site-packages\starlette\routing.py", line 776, in app
    |     await route.handle(scope, receive, send)
    |   File "C:\Users\Phenomenal\AppData\Local\Programs\Python\Python312\Lib\site-packages\starlette\routing.py", line 297, in handle
    |     await self.app(scope, receive, send)
    |   File "C:\Users\Phenomenal\AppData\Local\Programs\Python\Python312\Lib\site-packages\starlette\routing.py", line 77, in app
    |     await wrap_app_handling_exceptions(app, request)(scope, receive, send)
    |   File "C:\Users\Phenomenal\AppData\Local\Programs\Python\Python312\Lib\site-packages\starlette\_exception_handler.py", line 64, in wrapped_app
    |     raise exc
    |   File "C:\Users\Phenomenal\AppData\Local\Programs\Python\Python312\Lib\site-packages\starlette\_exception_handler.py", line 53, in wrapped_app
    |     await app(scope, receive, sender)
    |   File "C:\Users\Phenomenal\AppData\Local\Programs\Python\Python312\Lib\site-packages\starlette\routing.py", line 72, in app
    |     response = await func(request)
    |                ^^^^^^^^^^^^^^^^^^^
    |   File "C:\Users\Phenomenal\AppData\Local\Programs\Python\Python312\Lib\site-packages\fastapi\routing.py", line 278, in app
    |     raw_response = await run_endpoint_function(
    |                    ^^^^^^^^^^^^^^^^^^^^^^^^^^^^
    |   File "C:\Users\Phenomenal\AppData\Local\Programs\Python\Python312\Lib\site-packages\fastapi\routing.py", line 193, in run_endpoint_function
    |     return await run_in_threadpool(dependant.call, **values)
    |            ^^^^^^^^^^^^^^^^^^^^^^^^^^^^^^^^^^^^^^^^^^^^^^^^^
    |   File "C:\Users\Phenomenal\AppData\Local\Programs\Python\Python312\Lib\site-packages\starlette\concurrency.py", line 42, in run_in_threadpool
    |     return await anyio.to_thread.run_sync(func, *args)
    |            ^^^^^^^^^^^^^^^^^^^^^^^^^^^^^^^^^^^^^^^^^^^
    |   File "C:\Users\Phenomenal\AppData\Local\Programs\Python\Python312\Lib\site-packages\anyio\to_thread.py", line 63, in run_sync
    |     return await get_async_backend().run_sync_in_worker_thread(
    |            ^^^^^^^^^^^^^^^^^^^^^^^^^^^^^^^^^^^^^^^^^^^^^^^^^^^^
    |   File "C:\Users\Phenomenal\AppData\Local\Programs\Python\Python312\Lib\site-packages\anyio\_backends\_asyncio.py", line 2518, in run_sync_in_worker_thread
    |     return await future
    |            ^^^^^^^^^^^^
    |   File "C:\Users\Phenomenal\AppData\Local\Programs\Python\Python312\Lib\site-packages\anyio\_backends\_asyncio.py", line 1002, in run
    |     result = context.run(func, *args)
    |              ^^^^^^^^^^^^^^^^^^^^^^^^
    |   File "C:\Users\Phenomenal\AppData\Local\Programs\Python\Python312\Lib\site-packages\slowapi\extension.py", line 766, in sync_wrapper
    |     response = func(*args, **kwargs)
    |                ^^^^^^^^^^^^^^^^^^^^^
    |   File "C:\Users\Phenomenal\Desktop\Pickbook\app\admin\routes.py", line 351, in create_announcement
    |     return _announcement_row(row)
    |            ^^^^^^^^^^^^^^^^^^^^^^
    |   File "C:\Users\Phenomenal\Desktop\Pickbook\app\admin\routes.py", line 209, in _announcement_row
    |     row.publish_at <= _now()
    | TypeError: can't compare offset-naive and offset-aware datetimes
    +------------------------------------

During handling of the above exception, another exception occurred:

Traceback (most recent call last):
  File "C:\Users\Phenomenal\AppData\Local\Programs\Python\Python312\Lib\site-packages\uvicorn\protocols\http\httptools_impl.py", line 411, in run_asgi
    result = await app(  # type: ignore[func-returns-value]
             ^^^^^^^^^^^^^^^^^^^^^^^^^^^^^^^^^^^^^^^^^^^^^^
  File "C:\Users\Phenomenal\AppData\Local\Programs\Python\Python312\Lib\site-packages\uvicorn\middleware\proxy_headers.py", line 69, in __call__
    return await self.app(scope, receive, send)
           ^^^^^^^^^^^^^^^^^^^^^^^^^^^^^^^^^^^^
  File "C:\Users\Phenomenal\AppData\Local\Programs\Python\Python312\Lib\site-packages\fastapi\applications.py", line 1054, in __call__
    await super().__call__(scope, receive, send)
  File "C:\Users\Phenomenal\AppData\Local\Programs\Python\Python312\Lib\site-packages\starlette\applications.py", line 123, in __call__
    await self.middleware_stack(scope, receive, send)
  File "C:\Users\Phenomenal\AppData\Local\Programs\Python\Python312\Lib\site-packages\starlette\middleware\errors.py", line 186, in __call__
    raise exc
  File "C:\Users\Phenomenal\AppData\Local\Programs\Python\Python312\Lib\site-packages\starlette\middleware\errors.py", line 164, in __call__
    await self.app(scope, receive, _send)
  File "C:\Users\Phenomenal\AppData\Local\Programs\Python\Python312\Lib\site-packages\starlette\middleware\base.py", line 189, in __call__
    with collapse_excgroups():
  File "C:\Users\Phenomenal\AppData\Local\Programs\Python\Python312\Lib\contextlib.py", line 155, in __exit__
    self.gen.throw(value)
  File "C:\Users\Phenomenal\AppData\Local\Programs\Python\Python312\Lib\site-packages\starlette\_utils.py", line 93, in collapse_excgroups
    raise exc
  File "C:\Users\Phenomenal\AppData\Local\Programs\Python\Python312\Lib\site-packages\starlette\middleware\base.py", line 191, in __call__
    response = await self.dispatch_func(request, call_next)
               ^^^^^^^^^^^^^^^^^^^^^^^^^^^^^^^^^^^^^^^^^^^^
  File "C:\Users\Phenomenal\Desktop\Pickbook\app\main.py", line 94, in security_headers
    response = await call_next(request)
               ^^^^^^^^^^^^^^^^^^^^^^^^
  File "C:\Users\Phenomenal\AppData\Local\Programs\Python\Python312\Lib\site-packages\starlette\middleware\base.py", line 165, in call_next
    raise app_exc
  File "C:\Users\Phenomenal\AppData\Local\Programs\Python\Python312\Lib\site-packages\starlette\middleware\base.py", line 151, in coro
    await self.app(scope, receive_or_disconnect, send_no_error)
  File "C:\Users\Phenomenal\AppData\Local\Programs\Python\Python312\Lib\site-packages\starlette\middleware\cors.py", line 93, in __call__
    await self.simple_response(scope, receive, send, request_headers=headers)
  File "C:\Users\Phenomenal\AppData\Local\Programs\Python\Python312\Lib\site-packages\starlette\middleware\cors.py", line 148, in simple_response
    await self.app(scope, receive, send)
  File "C:\Users\Phenomenal\AppData\Local\Programs\Python\Python312\Lib\site-packages\starlette\middleware\exceptions.py", line 65, in __call__
    await wrap_app_handling_exceptions(self.app, conn)(scope, receive, send)
  File "C:\Users\Phenomenal\AppData\Local\Programs\Python\Python312\Lib\site-packages\starlette\_exception_handler.py", line 64, in wrapped_app
    raise exc
  File "C:\Users\Phenomenal\AppData\Local\Programs\Python\Python312\Lib\site-packages\starlette\_exception_handler.py", line 53, in wrapped_app
    await app(scope, receive, sender)
  File "C:\Users\Phenomenal\AppData\Local\Programs\Python\Python312\Lib\site-packages\starlette\routing.py", line 756, in __call__
    await self.middleware_stack(scope, receive, send)
  File "C:\Users\Phenomenal\AppData\Local\Programs\Python\Python312\Lib\site-packages\starlette\routing.py", line 776, in app
    await route.handle(scope, receive, send)
  File "C:\Users\Phenomenal\AppData\Local\Programs\Python\Python312\Lib\site-packages\starlette\routing.py", line 297, in handle
    await self.app(scope, receive, send)
  File "C:\Users\Phenomenal\AppData\Local\Programs\Python\Python312\Lib\site-packages\starlette\routing.py", line 77, in app
    await wrap_app_handling_exceptions(app, request)(scope, receive, send)
  File "C:\Users\Phenomenal\AppData\Local\Programs\Python\Python312\Lib\site-packages\starlette\_exception_handler.py", line 64, in wrapped_app
    raise exc
  File "C:\Users\Phenomenal\AppData\Local\Programs\Python\Python312\Lib\site-packages\starlette\_exception_handler.py", line 53, in wrapped_app
    await app(scope, receive, sender)
  File "C:\Users\Phenomenal\AppData\Local\Programs\Python\Python312\Lib\site-packages\starlette\routing.py", line 72, in app
    response = await func(request)
               ^^^^^^^^^^^^^^^^^^^
  File "C:\Users\Phenomenal\AppData\Local\Programs\Python\Python312\Lib\site-packages\fastapi\routing.py", line 278, in app
    raw_response = await run_endpoint_function(
                   ^^^^^^^^^^^^^^^^^^^^^^^^^^^^
  File "C:\Users\Phenomenal\AppData\Local\Programs\Python\Python312\Lib\site-packages\fastapi\routing.py", line 193, in run_endpoint_function
    return await run_in_threadpool(dependant.call, **values)
           ^^^^^^^^^^^^^^^^^^^^^^^^^^^^^^^^^^^^^^^^^^^^^^^^^
  File "C:\Users\Phenomenal\AppData\Local\Programs\Python\Python312\Lib\site-packages\starlette\concurrency.py", line 42, in run_in_threadpool
    return await anyio.to_thread.run_sync(func, *args)
           ^^^^^^^^^^^^^^^^^^^^^^^^^^^^^^^^^^^^^^^^^^^
  File "C:\Users\Phenomenal\AppData\Local\Programs\Python\Python312\Lib\site-packages\anyio\to_thread.py", line 63, in run_sync
    return await get_async_backend().run_sync_in_worker_thread(
           ^^^^^^^^^^^^^^^^^^^^^^^^^^^^^^^^^^^^^^^^^^^^^^^^^^^^
  File "C:\Users\Phenomenal\AppData\Local\Programs\Python\Python312\Lib\site-packages\anyio\_backends\_asyncio.py", line 2518, in run_sync_in_worker_thread
    return await future
           ^^^^^^^^^^^^
  File "C:\Users\Phenomenal\AppData\Local\Programs\Python\Python312\Lib\site-packages\anyio\_backends\_asyncio.py", line 1002, in run
    result = context.run(func, *args)
             ^^^^^^^^^^^^^^^^^^^^^^^^
  File "C:\Users\Phenomenal\AppData\Local\Programs\Python\Python312\Lib\site-packages\slowapi\extension.py", line 766, in sync_wrapper
    response = func(*args, **kwargs)
               ^^^^^^^^^^^^^^^^^^^^^
  File "C:\Users\Phenomenal\Desktop\Pickbook\app\admin\routes.py", line 351, in create_announcement
    return _announcement_row(row)
           ^^^^^^^^^^^^^^^^^^^^^^
  File "C:\Users\Phenomenal\Desktop\Pickbook\app\admin\routes.py", line 209, in _announcement_row
    row.publish_at <= _now()
TypeError: can't compare offset-naive and offset-aware datetimes
ERROR:    Exception in ASGI application
  + Exception Group Traceback (most recent call last):
  |   File "C:\Users\Phenomenal\AppData\Local\Programs\Python\Python312\Lib\site-packages\starlette\_utils.py", line 87, in collapse_excgroups
  |     yield
  |   File "C:\Users\Phenomenal\AppData\Local\Programs\Python\Python312\Lib\site-packages\starlette\middleware\base.py", line 190, in __call__
  |     async with anyio.create_task_group() as task_group:
  |   File "C:\Users\Phenomenal\AppData\Local\Programs\Python\Python312\Lib\site-packages\anyio\_backends\_asyncio.py", line 799, in __aexit__
  |     raise BaseExceptionGroup(
  | ExceptionGroup: unhandled errors in a TaskGroup (1 sub-exception)
  +-+---------------- 1 ----------------
    | Traceback (most recent call last):
    |   File "C:\Users\Phenomenal\AppData\Local\Programs\Python\Python312\Lib\site-packages\uvicorn\protocols\http\httptools_impl.py", line 411, in run_asgi
    |     result = await app(  # type: ignore[func-returns-value]
    |              ^^^^^^^^^^^^^^^^^^^^^^^^^^^^^^^^^^^^^^^^^^^^^^
    |   File "C:\Users\Phenomenal\AppData\Local\Programs\Python\Python312\Lib\site-packages\uvicorn\middleware\proxy_headers.py", line 69, in __call__
    |     return await self.app(scope, receive, send)
    |            ^^^^^^^^^^^^^^^^^^^^^^^^^^^^^^^^^^^^
    |   File "C:\Users\Phenomenal\AppData\Local\Programs\Python\Python312\Lib\site-packages\fastapi\applications.py", line 1054, in __call__
    |     await super().__call__(scope, receive, send)
    |   File "C:\Users\Phenomenal\AppData\Local\Programs\Python\Python312\Lib\site-packages\starlette\applications.py", line 123, in __call__
    |     await self.middleware_stack(scope, receive, send)
    |   File "C:\Users\Phenomenal\AppData\Local\Programs\Python\Python312\Lib\site-packages\starlette\middleware\errors.py", line 186, in __call__
    |     raise exc
    |   File "C:\Users\Phenomenal\AppData\Local\Programs\Python\Python312\Lib\site-packages\starlette\middleware\errors.py", line 164, in __call__
    |     await self.app(scope, receive, _send)
    |   File "C:\Users\Phenomenal\AppData\Local\Programs\Python\Python312\Lib\site-packages\starlette\middleware\base.py", line 189, in __call__
    |     with collapse_excgroups():
    |   File "C:\Users\Phenomenal\AppData\Local\Programs\Python\Python312\Lib\contextlib.py", line 155, in __exit__
    |     self.gen.throw(value)
    |   File "C:\Users\Phenomenal\AppData\Local\Programs\Python\Python312\Lib\site-packages\starlette\_utils.py", line 93, in collapse_excgroups
    |     raise exc
    |   File "C:\Users\Phenomenal\AppData\Local\Programs\Python\Python312\Lib\site-packages\starlette\middleware\base.py", line 191, in __call__
    |     response = await self.dispatch_func(request, call_next)
    |                ^^^^^^^^^^^^^^^^^^^^^^^^^^^^^^^^^^^^^^^^^^^^
    |   File "C:\Users\Phenomenal\Desktop\Pickbook\app\main.py", line 94, in security_headers
    |     response = await call_next(request)
    |                ^^^^^^^^^^^^^^^^^^^^^^^^
    |   File "C:\Users\Phenomenal\AppData\Local\Programs\Python\Python312\Lib\site-packages\starlette\middleware\base.py", line 165, in call_next
    |     raise app_exc
    |   File "C:\Users\Phenomenal\AppData\Local\Programs\Python\Python312\Lib\site-packages\starlette\middleware\base.py", line 151, in coro
    |     await self.app(scope, receive_or_disconnect, send_no_error)
    |   File "C:\Users\Phenomenal\AppData\Local\Programs\Python\Python312\Lib\site-packages\starlette\middleware\cors.py", line 93, in __call__
    |     await self.simple_response(scope, receive, send, request_headers=headers)
    |   File "C:\Users\Phenomenal\AppData\Local\Programs\Python\Python312\Lib\site-packages\starlette\middleware\cors.py", line 148, in simple_response
    |     await self.app(scope, receive, send)
    |   File "C:\Users\Phenomenal\AppData\Local\Programs\Python\Python312\Lib\site-packages\starlette\middleware\exceptions.py", line 65, in __call__
    |     await wrap_app_handling_exceptions(self.app, conn)(scope, receive, send)
    |   File "C:\Users\Phenomenal\AppData\Local\Programs\Python\Python312\Lib\site-packages\starlette\_exception_handler.py", line 64, in wrapped_app
    |     raise exc
    |   File "C:\Users\Phenomenal\AppData\Local\Programs\Python\Python312\Lib\site-packages\starlette\_exception_handler.py", line 53, in wrapped_app
    |     await app(scope, receive, sender)
    |   File "C:\Users\Phenomenal\AppData\Local\Programs\Python\Python312\Lib\site-packages\starlette\routing.py", line 756, in __call__
    |     await self.middleware_stack(scope, receive, send)
    |   File "C:\Users\Phenomenal\AppData\Local\Programs\Python\Python312\Lib\site-packages\starlette\routing.py", line 776, in app
    |     await route.handle(scope, receive, send)
    |   File "C:\Users\Phenomenal\AppData\Local\Programs\Python\Python312\Lib\site-packages\starlette\routing.py", line 297, in handle
    |     await self.app(scope, receive, send)
    |   File "C:\Users\Phenomenal\AppData\Local\Programs\Python\Python312\Lib\site-packages\starlette\routing.py", line 77, in app
    |     await wrap_app_handling_exceptions(app, request)(scope, receive, send)
    |   File "C:\Users\Phenomenal\AppData\Local\Programs\Python\Python312\Lib\site-packages\starlette\_exception_handler.py", line 64, in wrapped_app
    |     raise exc
    |   File "C:\Users\Phenomenal\AppData\Local\Programs\Python\Python312\Lib\site-packages\starlette\_exception_handler.py", line 53, in wrapped_app
    |     await app(scope, receive, sender)
    |   File "C:\Users\Phenomenal\AppData\Local\Programs\Python\Python312\Lib\site-packages\starlette\routing.py", line 72, in app
    |     response = await func(request)
    |                ^^^^^^^^^^^^^^^^^^^
    |   File "C:\Users\Phenomenal\AppData\Local\Programs\Python\Python312\Lib\site-packages\fastapi\routing.py", line 278, in app
    |     raw_response = await run_endpoint_function(
    |                    ^^^^^^^^^^^^^^^^^^^^^^^^^^^^
    |   File "C:\Users\Phenomenal\AppData\Local\Programs\Python\Python312\Lib\site-packages\fastapi\routing.py", line 193, in run_endpoint_function
    |     return await run_in_threadpool(dependant.call, **values)
    |            ^^^^^^^^^^^^^^^^^^^^^^^^^^^^^^^^^^^^^^^^^^^^^^^^^
    |   File "C:\Users\Phenomenal\AppData\Local\Programs\Python\Python312\Lib\site-packages\starlette\concurrency.py", line 42, in run_in_threadpool
    |     return await anyio.to_thread.run_sync(func, *args)
    |            ^^^^^^^^^^^^^^^^^^^^^^^^^^^^^^^^^^^^^^^^^^^
    |   File "C:\Users\Phenomenal\AppData\Local\Programs\Python\Python312\Lib\site-packages\anyio\to_thread.py", line 63, in run_sync
    |     return await get_async_backend().run_sync_in_worker_thread(
    |            ^^^^^^^^^^^^^^^^^^^^^^^^^^^^^^^^^^^^^^^^^^^^^^^^^^^^
    |   File "C:\Users\Phenomenal\AppData\Local\Programs\Python\Python312\Lib\site-packages\anyio\_backends\_asyncio.py", line 2518, in run_sync_in_worker_thread
    |     return await future
    |            ^^^^^^^^^^^^
    |   File "C:\Users\Phenomenal\AppData\Local\Programs\Python\Python312\Lib\site-packages\anyio\_backends\_asyncio.py", line 1002, in run
    |     result = context.run(func, *args)
    |              ^^^^^^^^^^^^^^^^^^^^^^^^
    |   File "C:\Users\Phenomenal\AppData\Local\Programs\Python\Python312\Lib\site-packages\slowapi\extension.py", line 766, in sync_wrapper
    |     response = func(*args, **kwargs)
    |                ^^^^^^^^^^^^^^^^^^^^^
    |   File "C:\Users\Phenomenal\Desktop\Pickbook\app\admin\routes.py", line 351, in create_announcement
    |     return _announcement_row(row)
    |            ^^^^^^^^^^^^^^^^^^^^^^
    |   File "C:\Users\Phenomenal\Desktop\Pickbook\app\admin\routes.py", line 209, in _announcement_row
    |     row.publish_at <= _now()
    | TypeError: can't compare offset-naive and offset-aware datetimes
    +------------------------------------

During handling of the above exception, another exception occurred:

Traceback (most recent call last):
  File "C:\Users\Phenomenal\AppData\Local\Programs\Python\Python312\Lib\site-packages\uvicorn\protocols\http\httptools_impl.py", line 411, in run_asgi
    result = await app(  # type: ignore[func-returns-value]
             ^^^^^^^^^^^^^^^^^^^^^^^^^^^^^^^^^^^^^^^^^^^^^^
  File "C:\Users\Phenomenal\AppData\Local\Programs\Python\Python312\Lib\site-packages\uvicorn\middleware\proxy_headers.py", line 69, in __call__
    return await self.app(scope, receive, send)
           ^^^^^^^^^^^^^^^^^^^^^^^^^^^^^^^^^^^^
  File "C:\Users\Phenomenal\AppData\Local\Programs\Python\Python312\Lib\site-packages\fastapi\applications.py", line 1054, in __call__
    await super().__call__(scope, receive, send)
  File "C:\Users\Phenomenal\AppData\Local\Programs\Python\Python312\Lib\site-packages\starlette\applications.py", line 123, in __call__
    await self.middleware_stack(scope, receive, send)
  File "C:\Users\Phenomenal\AppData\Local\Programs\Python\Python312\Lib\site-packages\starlette\middleware\errors.py", line 186, in __call__
    raise exc
  File "C:\Users\Phenomenal\AppData\Local\Programs\Python\Python312\Lib\site-packages\starlette\middleware\errors.py", line 164, in __call__
    await self.app(scope, receive, _send)
  File "C:\Users\Phenomenal\AppData\Local\Programs\Python\Python312\Lib\site-packages\starlette\middleware\base.py", line 189, in __call__
    with collapse_excgroups():
  File "C:\Users\Phenomenal\AppData\Local\Programs\Python\Python312\Lib\contextlib.py", line 155, in __exit__
    self.gen.throw(value)
  File "C:\Users\Phenomenal\AppData\Local\Programs\Python\Python312\Lib\site-packages\starlette\_utils.py", line 93, in collapse_excgroups
    raise exc
  File "C:\Users\Phenomenal\AppData\Local\Programs\Python\Python312\Lib\site-packages\starlette\middleware\base.py", line 191, in __call__
    response = await self.dispatch_func(request, call_next)
               ^^^^^^^^^^^^^^^^^^^^^^^^^^^^^^^^^^^^^^^^^^^^
  File "C:\Users\Phenomenal\Desktop\Pickbook\app\main.py", line 94, in security_headers
    response = await call_next(request)
               ^^^^^^^^^^^^^^^^^^^^^^^^
  File "C:\Users\Phenomenal\AppData\Local\Programs\Python\Python312\Lib\site-packages\starlette\middleware\base.py", line 165, in call_next
    raise app_exc
  File "C:\Users\Phenomenal\AppData\Local\Programs\Python\Python312\Lib\site-packages\starlette\middleware\base.py", line 151, in coro
    await self.app(scope, receive_or_disconnect, send_no_error)
  File "C:\Users\Phenomenal\AppData\Local\Programs\Python\Python312\Lib\site-packages\starlette\middleware\cors.py", line 93, in __call__
    await self.simple_response(scope, receive, send, request_headers=headers)
  File "C:\Users\Phenomenal\AppData\Local\Programs\Python\Python312\Lib\site-packages\starlette\middleware\cors.py", line 148, in simple_response
    await self.app(scope, receive, send)
  File "C:\Users\Phenomenal\AppData\Local\Programs\Python\Python312\Lib\site-packages\starlette\middleware\exceptions.py", line 65, in __call__
    await wrap_app_handling_exceptions(self.app, conn)(scope, receive, send)
  File "C:\Users\Phenomenal\AppData\Local\Programs\Python\Python312\Lib\site-packages\starlette\_exception_handler.py", line 64, in wrapped_app
    raise exc
  File "C:\Users\Phenomenal\AppData\Local\Programs\Python\Python312\Lib\site-packages\starlette\_exception_handler.py", line 53, in wrapped_app
    await app(scope, receive, sender)
  File "C:\Users\Phenomenal\AppData\Local\Programs\Python\Python312\Lib\site-packages\starlette\routing.py", line 756, in __call__
    await self.middleware_stack(scope, receive, send)
  File "C:\Users\Phenomenal\AppData\Local\Programs\Python\Python312\Lib\site-packages\starlette\routing.py", line 776, in app
    await route.handle(scope, receive, send)
  File "C:\Users\Phenomenal\AppData\Local\Programs\Python\Python312\Lib\site-packages\starlette\routing.py", line 297, in handle
    await self.app(scope, receive, send)
  File "C:\Users\Phenomenal\AppData\Local\Programs\Python\Python312\Lib\site-packages\starlette\routing.py", line 77, in app
    await wrap_app_handling_exceptions(app, request)(scope, receive, send)
  File "C:\Users\Phenomenal\AppData\Local\Programs\Python\Python312\Lib\site-packages\starlette\_exception_handler.py", line 64, in wrapped_app
    raise exc
  File "C:\Users\Phenomenal\AppData\Local\Programs\Python\Python312\Lib\site-packages\starlette\_exception_handler.py", line 53, in wrapped_app
    await app(scope, receive, sender)
  File "C:\Users\Phenomenal\AppData\Local\Programs\Python\Python312\Lib\site-packages\starlette\routing.py", line 72, in app
    response = await func(request)
               ^^^^^^^^^^^^^^^^^^^
  File "C:\Users\Phenomenal\AppData\Local\Programs\Python\Python312\Lib\site-packages\fastapi\routing.py", line 278, in app
    raw_response = await run_endpoint_function(
                   ^^^^^^^^^^^^^^^^^^^^^^^^^^^^
  File "C:\Users\Phenomenal\AppData\Local\Programs\Python\Python312\Lib\site-packages\fastapi\routing.py", line 193, in run_endpoint_function
    return await run_in_threadpool(dependant.call, **values)
           ^^^^^^^^^^^^^^^^^^^^^^^^^^^^^^^^^^^^^^^^^^^^^^^^^
  File "C:\Users\Phenomenal\AppData\Local\Programs\Python\Python312\Lib\site-packages\starlette\concurrency.py", line 42, in run_in_threadpool
    return await anyio.to_thread.run_sync(func, *args)
           ^^^^^^^^^^^^^^^^^^^^^^^^^^^^^^^^^^^^^^^^^^^
  File "C:\Users\Phenomenal\AppData\Local\Programs\Python\Python312\Lib\site-packages\anyio\to_thread.py", line 63, in run_sync
    return await get_async_backend().run_sync_in_worker_thread(
           ^^^^^^^^^^^^^^^^^^^^^^^^^^^^^^^^^^^^^^^^^^^^^^^^^^^^
  File "C:\Users\Phenomenal\AppData\Local\Programs\Python\Python312\Lib\site-packages\anyio\_backends\_asyncio.py", line 2518, in run_sync_in_worker_thread
    return await future
           ^^^^^^^^^^^^
  File "C:\Users\Phenomenal\AppData\Local\Programs\Python\Python312\Lib\site-packages\anyio\_backends\_asyncio.py", line 1002, in run
    result = context.run(func, *args)
             ^^^^^^^^^^^^^^^^^^^^^^^^
  File "C:\Users\Phenomenal\AppData\Local\Programs\Python\Python312\Lib\site-packages\slowapi\extension.py", line 766, in sync_wrapper
    response = func(*args, **kwargs)
               ^^^^^^^^^^^^^^^^^^^^^
  File "C:\Users\Phenomenal\Desktop\Pickbook\app\admin\routes.py", line 351, in create_announcement
    return _announcement_row(row)
           ^^^^^^^^^^^^^^^^^^^^^^
  File "C:\Users\Phenomenal\Desktop\Pickbook\app\admin\routes.py", line 209, in _announcement_row
    row.publish_at <= _now()
TypeError: can't compare offset-naive and offset-aware datetimes
ERROR:    Exception in ASGI application
  + Exception Group Traceback (most recent call last):
  |   File "C:\Users\Phenomenal\AppData\Local\Programs\Python\Python312\Lib\site-packages\starlette\_utils.py", line 87, in collapse_excgroups
  |     yield
  |   File "C:\Users\Phenomenal\AppData\Local\Programs\Python\Python312\Lib\site-packages\starlette\middleware\base.py", line 190, in __call__
  |     async with anyio.create_task_group() as task_group:
  |   File "C:\Users\Phenomenal\AppData\Local\Programs\Python\Python312\Lib\site-packages\anyio\_backends\_asyncio.py", line 799, in __aexit__
  |     raise BaseExceptionGroup(
  | ExceptionGroup: unhandled errors in a TaskGroup (1 sub-exception)
  +-+---------------- 1 ----------------
    | Traceback (most recent call last):
    |   File "C:\Users\Phenomenal\AppData\Local\Programs\Python\Python312\Lib\site-packages\uvicorn\protocols\http\httptools_impl.py", line 411, in run_asgi
    |     result = await app(  # type: ignore[func-returns-value]
    |              ^^^^^^^^^^^^^^^^^^^^^^^^^^^^^^^^^^^^^^^^^^^^^^
    |   File "C:\Users\Phenomenal\AppData\Local\Programs\Python\Python312\Lib\site-packages\uvicorn\middleware\proxy_headers.py", line 69, in __call__
    |     return await self.app(scope, receive, send)
    |            ^^^^^^^^^^^^^^^^^^^^^^^^^^^^^^^^^^^^
    |   File "C:\Users\Phenomenal\AppData\Local\Programs\Python\Python312\Lib\site-packages\fastapi\applications.py", line 1054, in __call__
    |     await super().__call__(scope, receive, send)
    |   File "C:\Users\Phenomenal\AppData\Local\Programs\Python\Python312\Lib\site-packages\starlette\applications.py", line 123, in __call__
    |     await self.middleware_stack(scope, receive, send)
    |   File "C:\Users\Phenomenal\AppData\Local\Programs\Python\Python312\Lib\site-packages\starlette\middleware\errors.py", line 186, in __call__
    |     raise exc
    |   File "C:\Users\Phenomenal\AppData\Local\Programs\Python\Python312\Lib\site-packages\starlette\middleware\errors.py", line 164, in __call__
    |     await self.app(scope, receive, _send)
    |   File "C:\Users\Phenomenal\AppData\Local\Programs\Python\Python312\Lib\site-packages\starlette\middleware\base.py", line 189, in __call__
    |     with collapse_excgroups():
    |   File "C:\Users\Phenomenal\AppData\Local\Programs\Python\Python312\Lib\contextlib.py", line 155, in __exit__
    |     self.gen.throw(value)
    |   File "C:\Users\Phenomenal\AppData\Local\Programs\Python\Python312\Lib\site-packages\starlette\_utils.py", line 93, in collapse_excgroups
    |     raise exc
    |   File "C:\Users\Phenomenal\AppData\Local\Programs\Python\Python312\Lib\site-packages\starlette\middleware\base.py", line 191, in __call__
    |     response = await self.dispatch_func(request, call_next)
    |                ^^^^^^^^^^^^^^^^^^^^^^^^^^^^^^^^^^^^^^^^^^^^
    |   File "C:\Users\Phenomenal\Desktop\Pickbook\app\main.py", line 94, in security_headers
    |     response = await call_next(request)
    |                ^^^^^^^^^^^^^^^^^^^^^^^^
    |   File "C:\Users\Phenomenal\AppData\Local\Programs\Python\Python312\Lib\site-packages\starlette\middleware\base.py", line 165, in call_next
    |     raise app_exc
    |   File "C:\Users\Phenomenal\AppData\Local\Programs\Python\Python312\Lib\site-packages\starlette\middleware\base.py", line 151, in coro
    |     await self.app(scope, receive_or_disconnect, send_no_error)
    |   File "C:\Users\Phenomenal\AppData\Local\Programs\Python\Python312\Lib\site-packages\starlette\middleware\cors.py", line 93, in __call__
    |     await self.simple_response(scope, receive, send, request_headers=headers)
    |   File "C:\Users\Phenomenal\AppData\Local\Programs\Python\Python312\Lib\site-packages\starlette\middleware\cors.py", line 148, in simple_response
    |     await self.app(scope, receive, send)
    |   File "C:\Users\Phenomenal\AppData\Local\Programs\Python\Python312\Lib\site-packages\starlette\middleware\exceptions.py", line 65, in __call__
    |     await wrap_app_handling_exceptions(self.app, conn)(scope, receive, send)
    |   File "C:\Users\Phenomenal\AppData\Local\Programs\Python\Python312\Lib\site-packages\starlette\_exception_handler.py", line 64, in wrapped_app
    |     raise exc
    |   File "C:\Users\Phenomenal\AppData\Local\Programs\Python\Python312\Lib\site-packages\starlette\_exception_handler.py", line 53, in wrapped_app
    |     await app(scope, receive, sender)
    |   File "C:\Users\Phenomenal\AppData\Local\Programs\Python\Python312\Lib\site-packages\starlette\routing.py", line 756, in __call__
    |     await self.middleware_stack(scope, receive, send)
    |   File "C:\Users\Phenomenal\AppData\Local\Programs\Python\Python312\Lib\site-packages\starlette\routing.py", line 776, in app
    |     await route.handle(scope, receive, send)
    |   File "C:\Users\Phenomenal\AppData\Local\Programs\Python\Python312\Lib\site-packages\starlette\routing.py", line 297, in handle
    |     await self.app(scope, receive, send)
    |   File "C:\Users\Phenomenal\AppData\Local\Programs\Python\Python312\Lib\site-packages\starlette\routing.py", line 77, in app
    |     await wrap_app_handling_exceptions(app, request)(scope, receive, send)
    |   File "C:\Users\Phenomenal\AppData\Local\Programs\Python\Python312\Lib\site-packages\starlette\_exception_handler.py", line 64, in wrapped_app
    |     raise exc
    |   File "C:\Users\Phenomenal\AppData\Local\Programs\Python\Python312\Lib\site-packages\starlette\_exception_handler.py", line 53, in wrapped_app
    |     await app(scope, receive, sender)
    |   File "C:\Users\Phenomenal\AppData\Local\Programs\Python\Python312\Lib\site-packages\starlette\routing.py", line 72, in app
    |     response = await func(request)
    |                ^^^^^^^^^^^^^^^^^^^
    |   File "C:\Users\Phenomenal\AppData\Local\Programs\Python\Python312\Lib\site-packages\fastapi\routing.py", line 278, in app
    |     raw_response = await run_endpoint_function(
    |                    ^^^^^^^^^^^^^^^^^^^^^^^^^^^^
    |   File "C:\Users\Phenomenal\AppData\Local\Programs\Python\Python312\Lib\site-packages\fastapi\routing.py", line 193, in run_endpoint_function
    |     return await run_in_threadpool(dependant.call, **values)
    |            ^^^^^^^^^^^^^^^^^^^^^^^^^^^^^^^^^^^^^^^^^^^^^^^^^
    |   File "C:\Users\Phenomenal\AppData\Local\Programs\Python\Python312\Lib\site-packages\starlette\concurrency.py", line 42, in run_in_threadpool
    |     return await anyio.to_thread.run_sync(func, *args)
    |            ^^^^^^^^^^^^^^^^^^^^^^^^^^^^^^^^^^^^^^^^^^^
    |   File "C:\Users\Phenomenal\AppData\Local\Programs\Python\Python312\Lib\site-packages\anyio\to_thread.py", line 63, in run_sync
    |     return await get_async_backend().run_sync_in_worker_thread(
    |            ^^^^^^^^^^^^^^^^^^^^^^^^^^^^^^^^^^^^^^^^^^^^^^^^^^^^
    |   File "C:\Users\Phenomenal\AppData\Local\Programs\Python\Python312\Lib\site-packages\anyio\_backends\_asyncio.py", line 2518, in run_sync_in_worker_thread
    |     return await future
    |            ^^^^^^^^^^^^
    |   File "C:\Users\Phenomenal\AppData\Local\Programs\Python\Python312\Lib\site-packages\anyio\_backends\_asyncio.py", line 1002, in run
    |     result = context.run(func, *args)
    |              ^^^^^^^^^^^^^^^^^^^^^^^^
    |   File "C:\Users\Phenomenal\AppData\Local\Programs\Python\Python312\Lib\site-packages\slowapi\extension.py", line 766, in sync_wrapper
    |     response = func(*args, **kwargs)
    |                ^^^^^^^^^^^^^^^^^^^^^
    |   File "C:\Users\Phenomenal\Desktop\Pickbook\app\admin\routes.py", line 351, in create_announcement
    |     return _announcement_row(row)
    |            ^^^^^^^^^^^^^^^^^^^^^^
    |   File "C:\Users\Phenomenal\Desktop\Pickbook\app\admin\routes.py", line 209, in _announcement_row
    |     row.publish_at <= _now()
    | TypeError: can't compare offset-naive and offset-aware datetimes
    +------------------------------------

During handling of the above exception, another exception occurred:

Traceback (most recent call last):
  File "C:\Users\Phenomenal\AppData\Local\Programs\Python\Python312\Lib\site-packages\uvicorn\protocols\http\httptools_impl.py", line 411, in run_asgi
    result = await app(  # type: ignore[func-returns-value]
             ^^^^^^^^^^^^^^^^^^^^^^^^^^^^^^^^^^^^^^^^^^^^^^
  File "C:\Users\Phenomenal\AppData\Local\Programs\Python\Python312\Lib\site-packages\uvicorn\middleware\proxy_headers.py", line 69, in __call__
    return await self.app(scope, receive, send)
           ^^^^^^^^^^^^^^^^^^^^^^^^^^^^^^^^^^^^
  File "C:\Users\Phenomenal\AppData\Local\Programs\Python\Python312\Lib\site-packages\fastapi\applications.py", line 1054, in __call__
    await super().__call__(scope, receive, send)
  File "C:\Users\Phenomenal\AppData\Local\Programs\Python\Python312\Lib\site-packages\starlette\applications.py", line 123, in __call__
    await self.middleware_stack(scope, receive, send)
  File "C:\Users\Phenomenal\AppData\Local\Programs\Python\Python312\Lib\site-packages\starlette\middleware\errors.py", line 186, in __call__
    raise exc
  File "C:\Users\Phenomenal\AppData\Local\Programs\Python\Python312\Lib\site-packages\starlette\middleware\errors.py", line 164, in __call__
    await self.app(scope, receive, _send)
  File "C:\Users\Phenomenal\AppData\Local\Programs\Python\Python312\Lib\site-packages\starlette\middleware\base.py", line 189, in __call__
    with collapse_excgroups():
  File "C:\Users\Phenomenal\AppData\Local\Programs\Python\Python312\Lib\contextlib.py", line 155, in __exit__
    self.gen.throw(value)
  File "C:\Users\Phenomenal\AppData\Local\Programs\Python\Python312\Lib\site-packages\starlette\_utils.py", line 93, in collapse_excgroups
    raise exc
  File "C:\Users\Phenomenal\AppData\Local\Programs\Python\Python312\Lib\site-packages\starlette\middleware\base.py", line 191, in __call__
    response = await self.dispatch_func(request, call_next)
               ^^^^^^^^^^^^^^^^^^^^^^^^^^^^^^^^^^^^^^^^^^^^
  File "C:\Users\Phenomenal\Desktop\Pickbook\app\main.py", line 94, in security_headers
    response = await call_next(request)
               ^^^^^^^^^^^^^^^^^^^^^^^^
  File "C:\Users\Phenomenal\AppData\Local\Programs\Python\Python312\Lib\site-packages\starlette\middleware\base.py", line 165, in call_next
    raise app_exc
  File "C:\Users\Phenomenal\AppData\Local\Programs\Python\Python312\Lib\site-packages\starlette\middleware\base.py", line 151, in coro
    await self.app(scope, receive_or_disconnect, send_no_error)
  File "C:\Users\Phenomenal\AppData\Local\Programs\Python\Python312\Lib\site-packages\starlette\middleware\cors.py", line 93, in __call__
    await self.simple_response(scope, receive, send, request_headers=headers)
  File "C:\Users\Phenomenal\AppData\Local\Programs\Python\Python312\Lib\site-packages\starlette\middleware\cors.py", line 148, in simple_response
    await self.app(scope, receive, send)
  File "C:\Users\Phenomenal\AppData\Local\Programs\Python\Python312\Lib\site-packages\starlette\middleware\exceptions.py", line 65, in __call__
    await wrap_app_handling_exceptions(self.app, conn)(scope, receive, send)
  File "C:\Users\Phenomenal\AppData\Local\Programs\Python\Python312\Lib\site-packages\starlette\_exception_handler.py", line 64, in wrapped_app
    raise exc
  File "C:\Users\Phenomenal\AppData\Local\Programs\Python\Python312\Lib\site-packages\starlette\_exception_handler.py", line 53, in wrapped_app
    await app(scope, receive, sender)
  File "C:\Users\Phenomenal\AppData\Local\Programs\Python\Python312\Lib\site-packages\starlette\routing.py", line 756, in __call__
    await self.middleware_stack(scope, receive, send)
  File "C:\Users\Phenomenal\AppData\Local\Programs\Python\Python312\Lib\site-packages\starlette\routing.py", line 776, in app
    await route.handle(scope, receive, send)
  File "C:\Users\Phenomenal\AppData\Local\Programs\Python\Python312\Lib\site-packages\starlette\routing.py", line 297, in handle
    await self.app(scope, receive, send)
  File "C:\Users\Phenomenal\AppData\Local\Programs\Python\Python312\Lib\site-packages\starlette\routing.py", line 77, in app
    await wrap_app_handling_exceptions(app, request)(scope, receive, send)
  File "C:\Users\Phenomenal\AppData\Local\Programs\Python\Python312\Lib\site-packages\starlette\_exception_handler.py", line 64, in wrapped_app
    raise exc
  File "C:\Users\Phenomenal\AppData\Local\Programs\Python\Python312\Lib\site-packages\starlette\_exception_handler.py", line 53, in wrapped_app
    await app(scope, receive, sender)
  File "C:\Users\Phenomenal\AppData\Local\Programs\Python\Python312\Lib\site-packages\starlette\routing.py", line 72, in app
    response = await func(request)
               ^^^^^^^^^^^^^^^^^^^
  File "C:\Users\Phenomenal\AppData\Local\Programs\Python\Python312\Lib\site-packages\fastapi\routing.py", line 278, in app
    raw_response = await run_endpoint_function(
                   ^^^^^^^^^^^^^^^^^^^^^^^^^^^^
  File "C:\Users\Phenomenal\AppData\Local\Programs\Python\Python312\Lib\site-packages\fastapi\routing.py", line 193, in run_endpoint_function
    return await run_in_threadpool(dependant.call, **values)
           ^^^^^^^^^^^^^^^^^^^^^^^^^^^^^^^^^^^^^^^^^^^^^^^^^
  File "C:\Users\Phenomenal\AppData\Local\Programs\Python\Python312\Lib\site-packages\starlette\concurrency.py", line 42, in run_in_threadpool
    return await anyio.to_thread.run_sync(func, *args)
           ^^^^^^^^^^^^^^^^^^^^^^^^^^^^^^^^^^^^^^^^^^^
  File "C:\Users\Phenomenal\AppData\Local\Programs\Python\Python312\Lib\site-packages\anyio\to_thread.py", line 63, in run_sync
    return await get_async_backend().run_sync_in_worker_thread(
           ^^^^^^^^^^^^^^^^^^^^^^^^^^^^^^^^^^^^^^^^^^^^^^^^^^^^
  File "C:\Users\Phenomenal\AppData\Local\Programs\Python\Python312\Lib\site-packages\anyio\_backends\_asyncio.py", line 2518, in run_sync_in_worker_thread
    return await future
           ^^^^^^^^^^^^
  File "C:\Users\Phenomenal\AppData\Local\Programs\Python\Python312\Lib\site-packages\anyio\_backends\_asyncio.py", line 1002, in run
    result = context.run(func, *args)
             ^^^^^^^^^^^^^^^^^^^^^^^^
  File "C:\Users\Phenomenal\AppData\Local\Programs\Python\Python312\Lib\site-packages\slowapi\extension.py", line 766, in sync_wrapper
    response = func(*args, **kwargs)
               ^^^^^^^^^^^^^^^^^^^^^
  File "C:\Users\Phenomenal\Desktop\Pickbook\app\admin\routes.py", line 351, in create_announcement
    return _announcement_row(row)
           ^^^^^^^^^^^^^^^^^^^^^^
  File "C:\Users\Phenomenal\Desktop\Pickbook\app\admin\routes.py", line 209, in _announcement_row
    row.publish_at <= _now()
TypeError: can't compare offset-naive and offset-aware datetimes
ERROR:    Exception in ASGI application
  + Exception Group Traceback (most recent call last):
  |   File "C:\Users\Phenomenal\AppData\Local\Programs\Python\Python312\Lib\site-packages\starlette\_utils.py", line 87, in collapse_excgroups
  |     yield
  |   File "C:\Users\Phenomenal\AppData\Local\Programs\Python\Python312\Lib\site-packages\starlette\middleware\base.py", line 190, in __call__
  |     async with anyio.create_task_group() as task_group:
  |   File "C:\Users\Phenomenal\AppData\Local\Programs\Python\Python312\Lib\site-packages\anyio\_backends\_asyncio.py", line 799, in __aexit__
  |     raise BaseExceptionGroup(
  | ExceptionGroup: unhandled errors in a TaskGroup (1 sub-exception)
  +-+---------------- 1 ----------------
    | Traceback (most recent call last):
    |   File "C:\Users\Phenomenal\AppData\Local\Programs\Python\Python312\Lib\site-packages\uvicorn\protocols\http\httptools_impl.py", line 411, in run_asgi
    |     result = await app(  # type: ignore[func-returns-value]
    |              ^^^^^^^^^^^^^^^^^^^^^^^^^^^^^^^^^^^^^^^^^^^^^^
    |   File "C:\Users\Phenomenal\AppData\Local\Programs\Python\Python312\Lib\site-packages\uvicorn\middleware\proxy_headers.py", line 69, in __call__
    |     return await self.app(scope, receive, send)
    |            ^^^^^^^^^^^^^^^^^^^^^^^^^^^^^^^^^^^^
    |   File "C:\Users\Phenomenal\AppData\Local\Programs\Python\Python312\Lib\site-packages\fastapi\applications.py", line 1054, in __call__
    |     await super().__call__(scope, receive, send)
    |   File "C:\Users\Phenomenal\AppData\Local\Programs\Python\Python312\Lib\site-packages\starlette\applications.py", line 123, in __call__
    |     await self.middleware_stack(scope, receive, send)
    |   File "C:\Users\Phenomenal\AppData\Local\Programs\Python\Python312\Lib\site-packages\starlette\middleware\errors.py", line 186, in __call__
    |     raise exc
    |   File "C:\Users\Phenomenal\AppData\Local\Programs\Python\Python312\Lib\site-packages\starlette\middleware\errors.py", line 164, in __call__
    |     await self.app(scope, receive, _send)
    |   File "C:\Users\Phenomenal\AppData\Local\Programs\Python\Python312\Lib\site-packages\starlette\middleware\base.py", line 189, in __call__
    |     with collapse_excgroups():
    |   File "C:\Users\Phenomenal\AppData\Local\Programs\Python\Python312\Lib\contextlib.py", line 155, in __exit__
    |     self.gen.throw(value)
    |   File "C:\Users\Phenomenal\AppData\Local\Programs\Python\Python312\Lib\site-packages\starlette\_utils.py", line 93, in collapse_excgroups
    |     raise exc
    |   File "C:\Users\Phenomenal\AppData\Local\Programs\Python\Python312\Lib\site-packages\starlette\middleware\base.py", line 191, in __call__
    |     response = await self.dispatch_func(request, call_next)
    |                ^^^^^^^^^^^^^^^^^^^^^^^^^^^^^^^^^^^^^^^^^^^^
    |   File "C:\Users\Phenomenal\Desktop\Pickbook\app\main.py", line 94, in security_headers
    |     response = await call_next(request)
    |                ^^^^^^^^^^^^^^^^^^^^^^^^
    |   File "C:\Users\Phenomenal\AppData\Local\Programs\Python\Python312\Lib\site-packages\starlette\middleware\base.py", line 165, in call_next
    |     raise app_exc
    |   File "C:\Users\Phenomenal\AppData\Local\Programs\Python\Python312\Lib\site-packages\starlette\middleware\base.py", line 151, in coro
    |     await self.app(scope, receive_or_disconnect, send_no_error)
    |   File "C:\Users\Phenomenal\AppData\Local\Programs\Python\Python312\Lib\site-packages\starlette\middleware\cors.py", line 93, in __call__
    |     await self.simple_response(scope, receive, send, request_headers=headers)
    |   File "C:\Users\Phenomenal\AppData\Local\Programs\Python\Python312\Lib\site-packages\starlette\middleware\cors.py", line 148, in simple_response
    |     await self.app(scope, receive, send)
    |   File "C:\Users\Phenomenal\AppData\Local\Programs\Python\Python312\Lib\site-packages\starlette\middleware\exceptions.py", line 65, in __call__
    |     await wrap_app_handling_exceptions(self.app, conn)(scope, receive, send)
    |   File "C:\Users\Phenomenal\AppData\Local\Programs\Python\Python312\Lib\site-packages\starlette\_exception_handler.py", line 64, in wrapped_app
    |     raise exc
    |   File "C:\Users\Phenomenal\AppData\Local\Programs\Python\Python312\Lib\site-packages\starlette\_exception_handler.py", line 53, in wrapped_app
    |     await app(scope, receive, sender)
    |   File "C:\Users\Phenomenal\AppData\Local\Programs\Python\Python312\Lib\site-packages\starlette\routing.py", line 756, in __call__
    |     await self.middleware_stack(scope, receive, send)
    |   File "C:\Users\Phenomenal\AppData\Local\Programs\Python\Python312\Lib\site-packages\starlette\routing.py", line 776, in app
    |     await route.handle(scope, receive, send)
    |   File "C:\Users\Phenomenal\AppData\Local\Programs\Python\Python312\Lib\site-packages\starlette\routing.py", line 297, in handle
    |     await self.app(scope, receive, send)
    |   File "C:\Users\Phenomenal\AppData\Local\Programs\Python\Python312\Lib\site-packages\starlette\routing.py", line 77, in app
    |     await wrap_app_handling_exceptions(app, request)(scope, receive, send)
    |   File "C:\Users\Phenomenal\AppData\Local\Programs\Python\Python312\Lib\site-packages\starlette\_exception_handler.py", line 64, in wrapped_app
    |     raise exc
    |   File "C:\Users\Phenomenal\AppData\Local\Programs\Python\Python312\Lib\site-packages\starlette\_exception_handler.py", line 53, in wrapped_app
    |     await app(scope, receive, sender)
    |   File "C:\Users\Phenomenal\AppData\Local\Programs\Python\Python312\Lib\site-packages\starlette\routing.py", line 72, in app
    |     response = await func(request)
    |                ^^^^^^^^^^^^^^^^^^^
    |   File "C:\Users\Phenomenal\AppData\Local\Programs\Python\Python312\Lib\site-packages\fastapi\routing.py", line 278, in app
    |     raw_response = await run_endpoint_function(
    |                    ^^^^^^^^^^^^^^^^^^^^^^^^^^^^
    |   File "C:\Users\Phenomenal\AppData\Local\Programs\Python\Python312\Lib\site-packages\fastapi\routing.py", line 193, in run_endpoint_function
    |     return await run_in_threadpool(dependant.call, **values)
    |            ^^^^^^^^^^^^^^^^^^^^^^^^^^^^^^^^^^^^^^^^^^^^^^^^^
    |   File "C:\Users\Phenomenal\AppData\Local\Programs\Python\Python312\Lib\site-packages\starlette\concurrency.py", line 42, in run_in_threadpool
    |     return await anyio.to_thread.run_sync(func, *args)
    |            ^^^^^^^^^^^^^^^^^^^^^^^^^^^^^^^^^^^^^^^^^^^
    |   File "C:\Users\Phenomenal\AppData\Local\Programs\Python\Python312\Lib\site-packages\anyio\to_thread.py", line 63, in run_sync
    |     return await get_async_backend().run_sync_in_worker_thread(
    |            ^^^^^^^^^^^^^^^^^^^^^^^^^^^^^^^^^^^^^^^^^^^^^^^^^^^^
    |   File "C:\Users\Phenomenal\AppData\Local\Programs\Python\Python312\Lib\site-packages\anyio\_backends\_asyncio.py", line 2518, in run_sync_in_worker_thread
    |     return await future
    |            ^^^^^^^^^^^^
    |   File "C:\Users\Phenomenal\AppData\Local\Programs\Python\Python312\Lib\site-packages\anyio\_backends\_asyncio.py", line 1002, in run
    |     result = context.run(func, *args)
    |              ^^^^^^^^^^^^^^^^^^^^^^^^
    |   File "C:\Users\Phenomenal\AppData\Local\Programs\Python\Python312\Lib\site-packages\slowapi\extension.py", line 766, in sync_wrapper
    |     response = func(*args, **kwargs)
    |                ^^^^^^^^^^^^^^^^^^^^^
    |   File "C:\Users\Phenomenal\Desktop\Pickbook\app\admin\routes.py", line 351, in create_announcement
    |     return _announcement_row(row)
    |            ^^^^^^^^^^^^^^^^^^^^^^
    |   File "C:\Users\Phenomenal\Desktop\Pickbook\app\admin\routes.py", line 209, in _announcement_row
    |     row.publish_at <= _now()
    | TypeError: can't compare offset-naive and offset-aware datetimes
    +------------------------------------

During handling of the above exception, another exception occurred:

Traceback (most recent call last):
  File "C:\Users\Phenomenal\AppData\Local\Programs\Python\Python312\Lib\site-packages\uvicorn\protocols\http\httptools_impl.py", line 411, in run_asgi
    result = await app(  # type: ignore[func-returns-value]
             ^^^^^^^^^^^^^^^^^^^^^^^^^^^^^^^^^^^^^^^^^^^^^^
  File "C:\Users\Phenomenal\AppData\Local\Programs\Python\Python312\Lib\site-packages\uvicorn\middleware\proxy_headers.py", line 69, in __call__
    return await self.app(scope, receive, send)
           ^^^^^^^^^^^^^^^^^^^^^^^^^^^^^^^^^^^^
  File "C:\Users\Phenomenal\AppData\Local\Programs\Python\Python312\Lib\site-packages\fastapi\applications.py", line 1054, in __call__
    await super().__call__(scope, receive, send)
  File "C:\Users\Phenomenal\AppData\Local\Programs\Python\Python312\Lib\site-packages\starlette\applications.py", line 123, in __call__
    await self.middleware_stack(scope, receive, send)
  File "C:\Users\Phenomenal\AppData\Local\Programs\Python\Python312\Lib\site-packages\starlette\middleware\errors.py", line 186, in __call__
    raise exc
  File "C:\Users\Phenomenal\AppData\Local\Programs\Python\Python312\Lib\site-packages\starlette\middleware\errors.py", line 164, in __call__
    await self.app(scope, receive, _send)
  File "C:\Users\Phenomenal\AppData\Local\Programs\Python\Python312\Lib\site-packages\starlette\middleware\base.py", line 189, in __call__
    with collapse_excgroups():
  File "C:\Users\Phenomenal\AppData\Local\Programs\Python\Python312\Lib\contextlib.py", line 155, in __exit__
    self.gen.throw(value)
  File "C:\Users\Phenomenal\AppData\Local\Programs\Python\Python312\Lib\site-packages\starlette\_utils.py", line 93, in collapse_excgroups
    raise exc
  File "C:\Users\Phenomenal\AppData\Local\Programs\Python\Python312\Lib\site-packages\starlette\middleware\base.py", line 191, in __call__
    response = await self.dispatch_func(request, call_next)
               ^^^^^^^^^^^^^^^^^^^^^^^^^^^^^^^^^^^^^^^^^^^^
  File "C:\Users\Phenomenal\Desktop\Pickbook\app\main.py", line 94, in security_headers
    response = await call_next(request)
               ^^^^^^^^^^^^^^^^^^^^^^^^
  File "C:\Users\Phenomenal\AppData\Local\Programs\Python\Python312\Lib\site-packages\starlette\middleware\base.py", line 165, in call_next
    raise app_exc
  File "C:\Users\Phenomenal\AppData\Local\Programs\Python\Python312\Lib\site-packages\starlette\middleware\base.py", line 151, in coro
    await self.app(scope, receive_or_disconnect, send_no_error)
  File "C:\Users\Phenomenal\AppData\Local\Programs\Python\Python312\Lib\site-packages\starlette\middleware\cors.py", line 93, in __call__
    await self.simple_response(scope, receive, send, request_headers=headers)
  File "C:\Users\Phenomenal\AppData\Local\Programs\Python\Python312\Lib\site-packages\starlette\middleware\cors.py", line 148, in simple_response
    await self.app(scope, receive, send)
  File "C:\Users\Phenomenal\AppData\Local\Programs\Python\Python312\Lib\site-packages\starlette\middleware\exceptions.py", line 65, in __call__
    await wrap_app_handling_exceptions(self.app, conn)(scope, receive, send)
  File "C:\Users\Phenomenal\AppData\Local\Programs\Python\Python312\Lib\site-packages\starlette\_exception_handler.py", line 64, in wrapped_app
    raise exc
  File "C:\Users\Phenomenal\AppData\Local\Programs\Python\Python312\Lib\site-packages\starlette\_exception_handler.py", line 53, in wrapped_app
    await app(scope, receive, sender)
  File "C:\Users\Phenomenal\AppData\Local\Programs\Python\Python312\Lib\site-packages\starlette\routing.py", line 756, in __call__
    await self.middleware_stack(scope, receive, send)
  File "C:\Users\Phenomenal\AppData\Local\Programs\Python\Python312\Lib\site-packages\starlette\routing.py", line 776, in app
    await route.handle(scope, receive, send)
  File "C:\Users\Phenomenal\AppData\Local\Programs\Python\Python312\Lib\site-packages\starlette\routing.py", line 297, in handle
    await self.app(scope, receive, send)
  File "C:\Users\Phenomenal\AppData\Local\Programs\Python\Python312\Lib\site-packages\starlette\routing.py", line 77, in app
    await wrap_app_handling_exceptions(app, request)(scope, receive, send)
  File "C:\Users\Phenomenal\AppData\Local\Programs\Python\Python312\Lib\site-packages\starlette\_exception_handler.py", line 64, in wrapped_app
    raise exc
  File "C:\Users\Phenomenal\AppData\Local\Programs\Python\Python312\Lib\site-packages\starlette\_exception_handler.py", line 53, in wrapped_app
    await app(scope, receive, sender)
  File "C:\Users\Phenomenal\AppData\Local\Programs\Python\Python312\Lib\site-packages\starlette\routing.py", line 72, in app
    response = await func(request)
               ^^^^^^^^^^^^^^^^^^^
  File "C:\Users\Phenomenal\AppData\Local\Programs\Python\Python312\Lib\site-packages\fastapi\routing.py", line 278, in app
    raw_response = await run_endpoint_function(
                   ^^^^^^^^^^^^^^^^^^^^^^^^^^^^
  File "C:\Users\Phenomenal\AppData\Local\Programs\Python\Python312\Lib\site-packages\fastapi\routing.py", line 193, in run_endpoint_function
    return await run_in_threadpool(dependant.call, **values)
           ^^^^^^^^^^^^^^^^^^^^^^^^^^^^^^^^^^^^^^^^^^^^^^^^^
  File "C:\Users\Phenomenal\AppData\Local\Programs\Python\Python312\Lib\site-packages\starlette\concurrency.py", line 42, in run_in_threadpool
    return await anyio.to_thread.run_sync(func, *args)
           ^^^^^^^^^^^^^^^^^^^^^^^^^^^^^^^^^^^^^^^^^^^
  File "C:\Users\Phenomenal\AppData\Local\Programs\Python\Python312\Lib\site-packages\anyio\to_thread.py", line 63, in run_sync
    return await get_async_backend().run_sync_in_worker_thread(
           ^^^^^^^^^^^^^^^^^^^^^^^^^^^^^^^^^^^^^^^^^^^^^^^^^^^^
  File "C:\Users\Phenomenal\AppData\Local\Programs\Python\Python312\Lib\site-packages\anyio\_backends\_asyncio.py", line 2518, in run_sync_in_worker_thread
    return await future
           ^^^^^^^^^^^^
  File "C:\Users\Phenomenal\AppData\Local\Programs\Python\Python312\Lib\site-packages\anyio\_backends\_asyncio.py", line 1002, in run
    result = context.run(func, *args)
             ^^^^^^^^^^^^^^^^^^^^^^^^
  File "C:\Users\Phenomenal\AppData\Local\Programs\Python\Python312\Lib\site-packages\slowapi\extension.py", line 766, in sync_wrapper
    response = func(*args, **kwargs)
               ^^^^^^^^^^^^^^^^^^^^^
  File "C:\Users\Phenomenal\Desktop\Pickbook\app\admin\routes.py", line 351, in create_announcement
    return _announcement_row(row)
           ^^^^^^^^^^^^^^^^^^^^^^
  File "C:\Users\Phenomenal\Desktop\Pickbook\app\admin\routes.py", line 209, in _announcement_row
    row.publish_at <= _now()
TypeError: can't compare offset-naive and offset-aware datetimes
ERROR:    Exception in ASGI application
  + Exception Group Traceback (most recent call last):
  |   File "C:\Users\Phenomenal\AppData\Local\Programs\Python\Python312\Lib\site-packages\starlette\_utils.py", line 87, in collapse_excgroups
  |     yield
  |   File "C:\Users\Phenomenal\AppData\Local\Programs\Python\Python312\Lib\site-packages\starlette\middleware\base.py", line 190, in __call__
  |     async with anyio.create_task_group() as task_group:
  |   File "C:\Users\Phenomenal\AppData\Local\Programs\Python\Python312\Lib\site-packages\anyio\_backends\_asyncio.py", line 799, in __aexit__
  |     raise BaseExceptionGroup(
  | ExceptionGroup: unhandled errors in a TaskGroup (1 sub-exception)
  +-+---------------- 1 ----------------
    | Traceback (most recent call last):
    |   File "C:\Users\Phenomenal\AppData\Local\Programs\Python\Python312\Lib\site-packages\uvicorn\protocols\http\httptools_impl.py", line 411, in run_asgi
    |     result = await app(  # type: ignore[func-returns-value]
    |              ^^^^^^^^^^^^^^^^^^^^^^^^^^^^^^^^^^^^^^^^^^^^^^
    |   File "C:\Users\Phenomenal\AppData\Local\Programs\Python\Python312\Lib\site-packages\uvicorn\middleware\proxy_headers.py", line 69, in __call__
    |     return await self.app(scope, receive, send)
    |            ^^^^^^^^^^^^^^^^^^^^^^^^^^^^^^^^^^^^
    |   File "C:\Users\Phenomenal\AppData\Local\Programs\Python\Python312\Lib\site-packages\fastapi\applications.py", line 1054, in __call__
    |     await super().__call__(scope, receive, send)
    |   File "C:\Users\Phenomenal\AppData\Local\Programs\Python\Python312\Lib\site-packages\starlette\applications.py", line 123, in __call__
    |     await self.middleware_stack(scope, receive, send)
    |   File "C:\Users\Phenomenal\AppData\Local\Programs\Python\Python312\Lib\site-packages\starlette\middleware\errors.py", line 186, in __call__
    |     raise exc
    |   File "C:\Users\Phenomenal\AppData\Local\Programs\Python\Python312\Lib\site-packages\starlette\middleware\errors.py", line 164, in __call__
    |     await self.app(scope, receive, _send)
    |   File "C:\Users\Phenomenal\AppData\Local\Programs\Python\Python312\Lib\site-packages\starlette\middleware\base.py", line 189, in __call__
    |     with collapse_excgroups():
    |   File "C:\Users\Phenomenal\AppData\Local\Programs\Python\Python312\Lib\contextlib.py", line 155, in __exit__
    |     self.gen.throw(value)
    |   File "C:\Users\Phenomenal\AppData\Local\Programs\Python\Python312\Lib\site-packages\starlette\_utils.py", line 93, in collapse_excgroups
    |     raise exc
    |   File "C:\Users\Phenomenal\AppData\Local\Programs\Python\Python312\Lib\site-packages\starlette\middleware\base.py", line 191, in __call__
    |     response = await self.dispatch_func(request, call_next)
    |                ^^^^^^^^^^^^^^^^^^^^^^^^^^^^^^^^^^^^^^^^^^^^
    |   File "C:\Users\Phenomenal\Desktop\Pickbook\app\main.py", line 94, in security_headers
    |     response = await call_next(request)
    |                ^^^^^^^^^^^^^^^^^^^^^^^^
    |   File "C:\Users\Phenomenal\AppData\Local\Programs\Python\Python312\Lib\site-packages\starlette\middleware\base.py", line 165, in call_next
    |     raise app_exc
    |   File "C:\Users\Phenomenal\AppData\Local\Programs\Python\Python312\Lib\site-packages\starlette\middleware\base.py", line 151, in coro
    |     await self.app(scope, receive_or_disconnect, send_no_error)
    |   File "C:\Users\Phenomenal\AppData\Local\Programs\Python\Python312\Lib\site-packages\starlette\middleware\cors.py", line 93, in __call__
    |     await self.simple_response(scope, receive, send, request_headers=headers)
    |   File "C:\Users\Phenomenal\AppData\Local\Programs\Python\Python312\Lib\site-packages\starlette\middleware\cors.py", line 148, in simple_response
    |     await self.app(scope, receive, send)
    |   File "C:\Users\Phenomenal\AppData\Local\Programs\Python\Python312\Lib\site-packages\starlette\middleware\exceptions.py", line 65, in __call__
    |     await wrap_app_handling_exceptions(self.app, conn)(scope, receive, send)
    |   File "C:\Users\Phenomenal\AppData\Local\Programs\Python\Python312\Lib\site-packages\starlette\_exception_handler.py", line 64, in wrapped_app
    |     raise exc
    |   File "C:\Users\Phenomenal\AppData\Local\Programs\Python\Python312\Lib\site-packages\starlette\_exception_handler.py", line 53, in wrapped_app
    |     await app(scope, receive, sender)
    |   File "C:\Users\Phenomenal\AppData\Local\Programs\Python\Python312\Lib\site-packages\starlette\routing.py", line 756, in __call__
    |     await self.middleware_stack(scope, receive, send)
    |   File "C:\Users\Phenomenal\AppData\Local\Programs\Python\Python312\Lib\site-packages\starlette\routing.py", line 776, in app
    |     await route.handle(scope, receive, send)
    |   File "C:\Users\Phenomenal\AppData\Local\Programs\Python\Python312\Lib\site-packages\starlette\routing.py", line 297, in handle
    |     await self.app(scope, receive, send)
    |   File "C:\Users\Phenomenal\AppData\Local\Programs\Python\Python312\Lib\site-packages\starlette\routing.py", line 77, in app
    |     await wrap_app_handling_exceptions(app, request)(scope, receive, send)
    |   File "C:\Users\Phenomenal\AppData\Local\Programs\Python\Python312\Lib\site-packages\starlette\_exception_handler.py", line 64, in wrapped_app
    |     raise exc
    |   File "C:\Users\Phenomenal\AppData\Local\Programs\Python\Python312\Lib\site-packages\starlette\_exception_handler.py", line 53, in wrapped_app
    |     await app(scope, receive, sender)
    |   File "C:\Users\Phenomenal\AppData\Local\Programs\Python\Python312\Lib\site-packages\starlette\routing.py", line 72, in app
    |     response = await func(request)
    |                ^^^^^^^^^^^^^^^^^^^
    |   File "C:\Users\Phenomenal\AppData\Local\Programs\Python\Python312\Lib\site-packages\fastapi\routing.py", line 278, in app
    |     raw_response = await run_endpoint_function(
    |                    ^^^^^^^^^^^^^^^^^^^^^^^^^^^^
    |   File "C:\Users\Phenomenal\AppData\Local\Programs\Python\Python312\Lib\site-packages\fastapi\routing.py", line 193, in run_endpoint_function
    |     return await run_in_threadpool(dependant.call, **values)
    |            ^^^^^^^^^^^^^^^^^^^^^^^^^^^^^^^^^^^^^^^^^^^^^^^^^
    |   File "C:\Users\Phenomenal\AppData\Local\Programs\Python\Python312\Lib\site-packages\starlette\concurrency.py", line 42, in run_in_threadpool
    |     return await anyio.to_thread.run_sync(func, *args)
    |            ^^^^^^^^^^^^^^^^^^^^^^^^^^^^^^^^^^^^^^^^^^^
    |   File "C:\Users\Phenomenal\AppData\Local\Programs\Python\Python312\Lib\site-packages\anyio\to_thread.py", line 63, in run_sync
    |     return await get_async_backend().run_sync_in_worker_thread(
    |            ^^^^^^^^^^^^^^^^^^^^^^^^^^^^^^^^^^^^^^^^^^^^^^^^^^^^
    |   File "C:\Users\Phenomenal\AppData\Local\Programs\Python\Python312\Lib\site-packages\anyio\_backends\_asyncio.py", line 2518, in run_sync_in_worker_thread
    |     return await future
    |            ^^^^^^^^^^^^
    |   File "C:\Users\Phenomenal\AppData\Local\Programs\Python\Python312\Lib\site-packages\anyio\_backends\_asyncio.py", line 1002, in run
    |     result = context.run(func, *args)
    |              ^^^^^^^^^^^^^^^^^^^^^^^^
    |   File "C:\Users\Phenomenal\AppData\Local\Programs\Python\Python312\Lib\site-packages\slowapi\extension.py", line 766, in sync_wrapper
    |     response = func(*args, **kwargs)
    |                ^^^^^^^^^^^^^^^^^^^^^
    |   File "C:\Users\Phenomenal\Desktop\Pickbook\app\admin\routes.py", line 351, in create_announcement
    |     return _announcement_row(row)
    |            ^^^^^^^^^^^^^^^^^^^^^^
    |   File "C:\Users\Phenomenal\Desktop\Pickbook\app\admin\routes.py", line 209, in _announcement_row
    |     row.publish_at <= _now()
    | TypeError: can't compare offset-naive and offset-aware datetimes
    +------------------------------------

During handling of the above exception, another exception occurred:

Traceback (most recent call last):
  File "C:\Users\Phenomenal\AppData\Local\Programs\Python\Python312\Lib\site-packages\uvicorn\protocols\http\httptools_impl.py", line 411, in run_asgi
    result = await app(  # type: ignore[func-returns-value]
             ^^^^^^^^^^^^^^^^^^^^^^^^^^^^^^^^^^^^^^^^^^^^^^
  File "C:\Users\Phenomenal\AppData\Local\Programs\Python\Python312\Lib\site-packages\uvicorn\middleware\proxy_headers.py", line 69, in __call__
    return await self.app(scope, receive, send)
           ^^^^^^^^^^^^^^^^^^^^^^^^^^^^^^^^^^^^
  File "C:\Users\Phenomenal\AppData\Local\Programs\Python\Python312\Lib\site-packages\fastapi\applications.py", line 1054, in __call__
    await super().__call__(scope, receive, send)
  File "C:\Users\Phenomenal\AppData\Local\Programs\Python\Python312\Lib\site-packages\starlette\applications.py", line 123, in __call__
    await self.middleware_stack(scope, receive, send)
  File "C:\Users\Phenomenal\AppData\Local\Programs\Python\Python312\Lib\site-packages\starlette\middleware\errors.py", line 186, in __call__
    raise exc
  File "C:\Users\Phenomenal\AppData\Local\Programs\Python\Python312\Lib\site-packages\starlette\middleware\errors.py", line 164, in __call__
    await self.app(scope, receive, _send)
  File "C:\Users\Phenomenal\AppData\Local\Programs\Python\Python312\Lib\site-packages\starlette\middleware\base.py", line 189, in __call__
    with collapse_excgroups():
  File "C:\Users\Phenomenal\AppData\Local\Programs\Python\Python312\Lib\contextlib.py", line 155, in __exit__
    self.gen.throw(value)
  File "C:\Users\Phenomenal\AppData\Local\Programs\Python\Python312\Lib\site-packages\starlette\_utils.py", line 93, in collapse_excgroups
    raise exc
  File "C:\Users\Phenomenal\AppData\Local\Programs\Python\Python312\Lib\site-packages\starlette\middleware\base.py", line 191, in __call__
    response = await self.dispatch_func(request, call_next)
               ^^^^^^^^^^^^^^^^^^^^^^^^^^^^^^^^^^^^^^^^^^^^
  File "C:\Users\Phenomenal\Desktop\Pickbook\app\main.py", line 94, in security_headers
    response = await call_next(request)
               ^^^^^^^^^^^^^^^^^^^^^^^^
  File "C:\Users\Phenomenal\AppData\Local\Programs\Python\Python312\Lib\site-packages\starlette\middleware\base.py", line 165, in call_next
    raise app_exc
  File "C:\Users\Phenomenal\AppData\Local\Programs\Python\Python312\Lib\site-packages\starlette\middleware\base.py", line 151, in coro
    await self.app(scope, receive_or_disconnect, send_no_error)
  File "C:\Users\Phenomenal\AppData\Local\Programs\Python\Python312\Lib\site-packages\starlette\middleware\cors.py", line 93, in __call__
    await self.simple_response(scope, receive, send, request_headers=headers)
  File "C:\Users\Phenomenal\AppData\Local\Programs\Python\Python312\Lib\site-packages\starlette\middleware\cors.py", line 148, in simple_response
    await self.app(scope, receive, send)
  File "C:\Users\Phenomenal\AppData\Local\Programs\Python\Python312\Lib\site-packages\starlette\middleware\exceptions.py", line 65, in __call__
    await wrap_app_handling_exceptions(self.app, conn)(scope, receive, send)
  File "C:\Users\Phenomenal\AppData\Local\Programs\Python\Python312\Lib\site-packages\starlette\_exception_handler.py", line 64, in wrapped_app
    raise exc
  File "C:\Users\Phenomenal\AppData\Local\Programs\Python\Python312\Lib\site-packages\starlette\_exception_handler.py", line 53, in wrapped_app
    await app(scope, receive, sender)
  File "C:\Users\Phenomenal\AppData\Local\Programs\Python\Python312\Lib\site-packages\starlette\routing.py", line 756, in __call__
    await self.middleware_stack(scope, receive, send)
  File "C:\Users\Phenomenal\AppData\Local\Programs\Python\Python312\Lib\site-packages\starlette\routing.py", line 776, in app
    await route.handle(scope, receive, send)
  File "C:\Users\Phenomenal\AppData\Local\Programs\Python\Python312\Lib\site-packages\starlette\routing.py", line 297, in handle
    await self.app(scope, receive, send)
  File "C:\Users\Phenomenal\AppData\Local\Programs\Python\Python312\Lib\site-packages\starlette\routing.py", line 77, in app
    await wrap_app_handling_exceptions(app, request)(scope, receive, send)
  File "C:\Users\Phenomenal\AppData\Local\Programs\Python\Python312\Lib\site-packages\starlette\_exception_handler.py", line 64, in wrapped_app
    raise exc
  File "C:\Users\Phenomenal\AppData\Local\Programs\Python\Python312\Lib\site-packages\starlette\_exception_handler.py", line 53, in wrapped_app
    await app(scope, receive, sender)
  File "C:\Users\Phenomenal\AppData\Local\Programs\Python\Python312\Lib\site-packages\starlette\routing.py", line 72, in app
    response = await func(request)
               ^^^^^^^^^^^^^^^^^^^
  File "C:\Users\Phenomenal\AppData\Local\Programs\Python\Python312\Lib\site-packages\fastapi\routing.py", line 278, in app
    raw_response = await run_endpoint_function(
                   ^^^^^^^^^^^^^^^^^^^^^^^^^^^^
  File "C:\Users\Phenomenal\AppData\Local\Programs\Python\Python312\Lib\site-packages\fastapi\routing.py", line 193, in run_endpoint_function
    return await run_in_threadpool(dependant.call, **values)
           ^^^^^^^^^^^^^^^^^^^^^^^^^^^^^^^^^^^^^^^^^^^^^^^^^
  File "C:\Users\Phenomenal\AppData\Local\Programs\Python\Python312\Lib\site-packages\starlette\concurrency.py", line 42, in run_in_threadpool
    return await anyio.to_thread.run_sync(func, *args)
           ^^^^^^^^^^^^^^^^^^^^^^^^^^^^^^^^^^^^^^^^^^^
  File "C:\Users\Phenomenal\AppData\Local\Programs\Python\Python312\Lib\site-packages\anyio\to_thread.py", line 63, in run_sync
    return await get_async_backend().run_sync_in_worker_thread(
           ^^^^^^^^^^^^^^^^^^^^^^^^^^^^^^^^^^^^^^^^^^^^^^^^^^^^
  File "C:\Users\Phenomenal\AppData\Local\Programs\Python\Python312\Lib\site-packages\anyio\_backends\_asyncio.py", line 2518, in run_sync_in_worker_thread
    return await future
           ^^^^^^^^^^^^
  File "C:\Users\Phenomenal\AppData\Local\Programs\Python\Python312\Lib\site-packages\anyio\_backends\_asyncio.py", line 1002, in run
    result = context.run(func, *args)
             ^^^^^^^^^^^^^^^^^^^^^^^^
  File "C:\Users\Phenomenal\AppData\Local\Programs\Python\Python312\Lib\site-packages\slowapi\extension.py", line 766, in sync_wrapper
    response = func(*args, **kwargs)
               ^^^^^^^^^^^^^^^^^^^^^
  File "C:\Users\Phenomenal\Desktop\Pickbook\app\admin\routes.py", line 351, in create_announcement
    return _announcement_row(row)
           ^^^^^^^^^^^^^^^^^^^^^^
  File "C:\Users\Phenomenal\Desktop\Pickbook\app\admin\routes.py", line 209, in _announcement_row
    row.publish_at <= _now()
TypeError: can't compare offset-naive and offset-aware datetimes
ERROR:    Exception in ASGI application
  + Exception Group Traceback (most recent call last):
  |   File "C:\Users\Phenomenal\AppData\Local\Programs\Python\Python312\Lib\site-packages\starlette\_utils.py", line 87, in collapse_excgroups
  |     yield
  |   File "C:\Users\Phenomenal\AppData\Local\Programs\Python\Python312\Lib\site-packages\starlette\middleware\base.py", line 190, in __call__
  |     async with anyio.create_task_group() as task_group:
  |   File "C:\Users\Phenomenal\AppData\Local\Programs\Python\Python312\Lib\site-packages\anyio\_backends\_asyncio.py", line 799, in __aexit__
  |     raise BaseExceptionGroup(
  | ExceptionGroup: unhandled errors in a TaskGroup (1 sub-exception)
  +-+---------------- 1 ----------------
    | Traceback (most recent call last):
    |   File "C:\Users\Phenomenal\AppData\Local\Programs\Python\Python312\Lib\site-packages\uvicorn\protocols\http\httptools_impl.py", line 411, in run_asgi
    |     result = await app(  # type: ignore[func-returns-value]
    |              ^^^^^^^^^^^^^^^^^^^^^^^^^^^^^^^^^^^^^^^^^^^^^^
    |   File "C:\Users\Phenomenal\AppData\Local\Programs\Python\Python312\Lib\site-packages\uvicorn\middleware\proxy_headers.py", line 69, in __call__
    |     return await self.app(scope, receive, send)
    |            ^^^^^^^^^^^^^^^^^^^^^^^^^^^^^^^^^^^^
    |   File "C:\Users\Phenomenal\AppData\Local\Programs\Python\Python312\Lib\site-packages\fastapi\applications.py", line 1054, in __call__
    |     await super().__call__(scope, receive, send)
    |   File "C:\Users\Phenomenal\AppData\Local\Programs\Python\Python312\Lib\site-packages\starlette\applications.py", line 123, in __call__
    |     await self.middleware_stack(scope, receive, send)
    |   File "C:\Users\Phenomenal\AppData\Local\Programs\Python\Python312\Lib\site-packages\starlette\middleware\errors.py", line 186, in __call__
    |     raise exc
    |   File "C:\Users\Phenomenal\AppData\Local\Programs\Python\Python312\Lib\site-packages\starlette\middleware\errors.py", line 164, in __call__
    |     await self.app(scope, receive, _send)
    |   File "C:\Users\Phenomenal\AppData\Local\Programs\Python\Python312\Lib\site-packages\starlette\middleware\base.py", line 189, in __call__
    |     with collapse_excgroups():
    |   File "C:\Users\Phenomenal\AppData\Local\Programs\Python\Python312\Lib\contextlib.py", line 155, in __exit__
    |     self.gen.throw(value)
    |   File "C:\Users\Phenomenal\AppData\Local\Programs\Python\Python312\Lib\site-packages\starlette\_utils.py", line 93, in collapse_excgroups
    |     raise exc
    |   File "C:\Users\Phenomenal\AppData\Local\Programs\Python\Python312\Lib\site-packages\starlette\middleware\base.py", line 191, in __call__
    |     response = await self.dispatch_func(request, call_next)
    |                ^^^^^^^^^^^^^^^^^^^^^^^^^^^^^^^^^^^^^^^^^^^^
    |   File "C:\Users\Phenomenal\Desktop\Pickbook\app\main.py", line 94, in security_headers
    |     response = await call_next(request)
    |                ^^^^^^^^^^^^^^^^^^^^^^^^
    |   File "C:\Users\Phenomenal\AppData\Local\Programs\Python\Python312\Lib\site-packages\starlette\middleware\base.py", line 165, in call_next
    |     raise app_exc
    |   File "C:\Users\Phenomenal\AppData\Local\Programs\Python\Python312\Lib\site-packages\starlette\middleware\base.py", line 151, in coro
    |     await self.app(scope, receive_or_disconnect, send_no_error)
    |   File "C:\Users\Phenomenal\AppData\Local\Programs\Python\Python312\Lib\site-packages\starlette\middleware\cors.py", line 93, in __call__
    |     await self.simple_response(scope, receive, send, request_headers=headers)
    |   File "C:\Users\Phenomenal\AppData\Local\Programs\Python\Python312\Lib\site-packages\starlette\middleware\cors.py", line 148, in simple_response
    |     await self.app(scope, receive, send)
    |   File "C:\Users\Phenomenal\AppData\Local\Programs\Python\Python312\Lib\site-packages\starlette\middleware\exceptions.py", line 65, in __call__
    |     await wrap_app_handling_exceptions(self.app, conn)(scope, receive, send)
    |   File "C:\Users\Phenomenal\AppData\Local\Programs\Python\Python312\Lib\site-packages\starlette\_exception_handler.py", line 64, in wrapped_app
    |     raise exc
    |   File "C:\Users\Phenomenal\AppData\Local\Programs\Python\Python312\Lib\site-packages\starlette\_exception_handler.py", line 53, in wrapped_app
    |     await app(scope, receive, sender)
    |   File "C:\Users\Phenomenal\AppData\Local\Programs\Python\Python312\Lib\site-packages\starlette\routing.py", line 756, in __call__
    |     await self.middleware_stack(scope, receive, send)
    |   File "C:\Users\Phenomenal\AppData\Local\Programs\Python\Python312\Lib\site-packages\starlette\routing.py", line 776, in app
    |     await route.handle(scope, receive, send)
    |   File "C:\Users\Phenomenal\AppData\Local\Programs\Python\Python312\Lib\site-packages\starlette\routing.py", line 297, in handle
    |     await self.app(scope, receive, send)
    |   File "C:\Users\Phenomenal\AppData\Local\Programs\Python\Python312\Lib\site-packages\starlette\routing.py", line 77, in app
    |     await wrap_app_handling_exceptions(app, request)(scope, receive, send)
    |   File "C:\Users\Phenomenal\AppData\Local\Programs\Python\Python312\Lib\site-packages\starlette\_exception_handler.py", line 64, in wrapped_app
    |     raise exc
    |   File "C:\Users\Phenomenal\AppData\Local\Programs\Python\Python312\Lib\site-packages\starlette\_exception_handler.py", line 53, in wrapped_app
    |     await app(scope, receive, sender)
    |   File "C:\Users\Phenomenal\AppData\Local\Programs\Python\Python312\Lib\site-packages\starlette\routing.py", line 72, in app
    |     response = await func(request)
    |                ^^^^^^^^^^^^^^^^^^^
    |   File "C:\Users\Phenomenal\AppData\Local\Programs\Python\Python312\Lib\site-packages\fastapi\routing.py", line 278, in app
    |     raw_response = await run_endpoint_function(
    |                    ^^^^^^^^^^^^^^^^^^^^^^^^^^^^
    |   File "C:\Users\Phenomenal\AppData\Local\Programs\Python\Python312\Lib\site-packages\fastapi\routing.py", line 193, in run_endpoint_function
    |     return await run_in_threadpool(dependant.call, **values)
    |            ^^^^^^^^^^^^^^^^^^^^^^^^^^^^^^^^^^^^^^^^^^^^^^^^^
    |   File "C:\Users\Phenomenal\AppData\Local\Programs\Python\Python312\Lib\site-packages\starlette\concurrency.py", line 42, in run_in_threadpool
    |     return await anyio.to_thread.run_sync(func, *args)
    |            ^^^^^^^^^^^^^^^^^^^^^^^^^^^^^^^^^^^^^^^^^^^
    |   File "C:\Users\Phenomenal\AppData\Local\Programs\Python\Python312\Lib\site-packages\anyio\to_thread.py", line 63, in run_sync
    |     return await get_async_backend().run_sync_in_worker_thread(
    |            ^^^^^^^^^^^^^^^^^^^^^^^^^^^^^^^^^^^^^^^^^^^^^^^^^^^^
    |   File "C:\Users\Phenomenal\AppData\Local\Programs\Python\Python312\Lib\site-packages\anyio\_backends\_asyncio.py", line 2518, in run_sync_in_worker_thread
    |     return await future
    |            ^^^^^^^^^^^^
    |   File "C:\Users\Phenomenal\AppData\Local\Programs\Python\Python312\Lib\site-packages\anyio\_backends\_asyncio.py", line 1002, in run
    |     result = context.run(func, *args)
    |              ^^^^^^^^^^^^^^^^^^^^^^^^
    |   File "C:\Users\Phenomenal\AppData\Local\Programs\Python\Python312\Lib\site-packages\slowapi\extension.py", line 766, in sync_wrapper
    |     response = func(*args, **kwargs)
    |                ^^^^^^^^^^^^^^^^^^^^^
    |   File "C:\Users\Phenomenal\Desktop\Pickbook\app\admin\routes.py", line 351, in create_announcement
    |     return _announcement_row(row)
    |            ^^^^^^^^^^^^^^^^^^^^^^
    |   File "C:\Users\Phenomenal\Desktop\Pickbook\app\admin\routes.py", line 209, in _announcement_row
    |     row.publish_at <= _now()
    | TypeError: can't compare offset-naive and offset-aware datetimes
    +------------------------------------

During handling of the above exception, another exception occurred:

Traceback (most recent call last):
  File "C:\Users\Phenomenal\AppData\Local\Programs\Python\Python312\Lib\site-packages\uvicorn\protocols\http\httptools_impl.py", line 411, in run_asgi
    result = await app(  # type: ignore[func-returns-value]
             ^^^^^^^^^^^^^^^^^^^^^^^^^^^^^^^^^^^^^^^^^^^^^^
  File "C:\Users\Phenomenal\AppData\Local\Programs\Python\Python312\Lib\site-packages\uvicorn\middleware\proxy_headers.py", line 69, in __call__
    return await self.app(scope, receive, send)
           ^^^^^^^^^^^^^^^^^^^^^^^^^^^^^^^^^^^^
  File "C:\Users\Phenomenal\AppData\Local\Programs\Python\Python312\Lib\site-packages\fastapi\applications.py", line 1054, in __call__
    await super().__call__(scope, receive, send)
  File "C:\Users\Phenomenal\AppData\Local\Programs\Python\Python312\Lib\site-packages\starlette\applications.py", line 123, in __call__
    await self.middleware_stack(scope, receive, send)
  File "C:\Users\Phenomenal\AppData\Local\Programs\Python\Python312\Lib\site-packages\starlette\middleware\errors.py", line 186, in __call__
    raise exc
  File "C:\Users\Phenomenal\AppData\Local\Programs\Python\Python312\Lib\site-packages\starlette\middleware\errors.py", line 164, in __call__
    await self.app(scope, receive, _send)
  File "C:\Users\Phenomenal\AppData\Local\Programs\Python\Python312\Lib\site-packages\starlette\middleware\base.py", line 189, in __call__
    with collapse_excgroups():
  File "C:\Users\Phenomenal\AppData\Local\Programs\Python\Python312\Lib\contextlib.py", line 155, in __exit__
    self.gen.throw(value)
  File "C:\Users\Phenomenal\AppData\Local\Programs\Python\Python312\Lib\site-packages\starlette\_utils.py", line 93, in collapse_excgroups
    raise exc
  File "C:\Users\Phenomenal\AppData\Local\Programs\Python\Python312\Lib\site-packages\starlette\middleware\base.py", line 191, in __call__
    response = await self.dispatch_func(request, call_next)
               ^^^^^^^^^^^^^^^^^^^^^^^^^^^^^^^^^^^^^^^^^^^^
  File "C:\Users\Phenomenal\Desktop\Pickbook\app\main.py", line 94, in security_headers
    response = await call_next(request)
               ^^^^^^^^^^^^^^^^^^^^^^^^
  File "C:\Users\Phenomenal\AppData\Local\Programs\Python\Python312\Lib\site-packages\starlette\middleware\base.py", line 165, in call_next
    raise app_exc
  File "C:\Users\Phenomenal\AppData\Local\Programs\Python\Python312\Lib\site-packages\starlette\middleware\base.py", line 151, in coro
    await self.app(scope, receive_or_disconnect, send_no_error)
  File "C:\Users\Phenomenal\AppData\Local\Programs\Python\Python312\Lib\site-packages\starlette\middleware\cors.py", line 93, in __call__
    await self.simple_response(scope, receive, send, request_headers=headers)
  File "C:\Users\Phenomenal\AppData\Local\Programs\Python\Python312\Lib\site-packages\starlette\middleware\cors.py", line 148, in simple_response
    await self.app(scope, receive, send)
  File "C:\Users\Phenomenal\AppData\Local\Programs\Python\Python312\Lib\site-packages\starlette\middleware\exceptions.py", line 65, in __call__
    await wrap_app_handling_exceptions(self.app, conn)(scope, receive, send)
  File "C:\Users\Phenomenal\AppData\Local\Programs\Python\Python312\Lib\site-packages\starlette\_exception_handler.py", line 64, in wrapped_app
    raise exc
  File "C:\Users\Phenomenal\AppData\Local\Programs\Python\Python312\Lib\site-packages\starlette\_exception_handler.py", line 53, in wrapped_app
    await app(scope, receive, sender)
  File "C:\Users\Phenomenal\AppData\Local\Programs\Python\Python312\Lib\site-packages\starlette\routing.py", line 756, in __call__
    await self.middleware_stack(scope, receive, send)
  File "C:\Users\Phenomenal\AppData\Local\Programs\Python\Python312\Lib\site-packages\starlette\routing.py", line 776, in app
    await route.handle(scope, receive, send)
  File "C:\Users\Phenomenal\AppData\Local\Programs\Python\Python312\Lib\site-packages\starlette\routing.py", line 297, in handle
    await self.app(scope, receive, send)
  File "C:\Users\Phenomenal\AppData\Local\Programs\Python\Python312\Lib\site-packages\starlette\routing.py", line 77, in app
    await wrap_app_handling_exceptions(app, request)(scope, receive, send)
  File "C:\Users\Phenomenal\AppData\Local\Programs\Python\Python312\Lib\site-packages\starlette\_exception_handler.py", line 64, in wrapped_app
    raise exc
  File "C:\Users\Phenomenal\AppData\Local\Programs\Python\Python312\Lib\site-packages\starlette\_exception_handler.py", line 53, in wrapped_app
    await app(scope, receive, sender)
  File "C:\Users\Phenomenal\AppData\Local\Programs\Python\Python312\Lib\site-packages\starlette\routing.py", line 72, in app
    response = await func(request)
               ^^^^^^^^^^^^^^^^^^^
  File "C:\Users\Phenomenal\AppData\Local\Programs\Python\Python312\Lib\site-packages\fastapi\routing.py", line 278, in app
    raw_response = await run_endpoint_function(
                   ^^^^^^^^^^^^^^^^^^^^^^^^^^^^
  File "C:\Users\Phenomenal\AppData\Local\Programs\Python\Python312\Lib\site-packages\fastapi\routing.py", line 193, in run_endpoint_function
    return await run_in_threadpool(dependant.call, **values)
           ^^^^^^^^^^^^^^^^^^^^^^^^^^^^^^^^^^^^^^^^^^^^^^^^^
  File "C:\Users\Phenomenal\AppData\Local\Programs\Python\Python312\Lib\site-packages\starlette\concurrency.py", line 42, in run_in_threadpool
    return await anyio.to_thread.run_sync(func, *args)
           ^^^^^^^^^^^^^^^^^^^^^^^^^^^^^^^^^^^^^^^^^^^
  File "C:\Users\Phenomenal\AppData\Local\Programs\Python\Python312\Lib\site-packages\anyio\to_thread.py", line 63, in run_sync
    return await get_async_backend().run_sync_in_worker_thread(
           ^^^^^^^^^^^^^^^^^^^^^^^^^^^^^^^^^^^^^^^^^^^^^^^^^^^^
  File "C:\Users\Phenomenal\AppData\Local\Programs\Python\Python312\Lib\site-packages\anyio\_backends\_asyncio.py", line 2518, in run_sync_in_worker_thread
    return await future
           ^^^^^^^^^^^^
  File "C:\Users\Phenomenal\AppData\Local\Programs\Python\Python312\Lib\site-packages\anyio\_backends\_asyncio.py", line 1002, in run
    result = context.run(func, *args)
             ^^^^^^^^^^^^^^^^^^^^^^^^
  File "C:\Users\Phenomenal\AppData\Local\Programs\Python\Python312\Lib\site-packages\slowapi\extension.py", line 766, in sync_wrapper
    response = func(*args, **kwargs)
               ^^^^^^^^^^^^^^^^^^^^^
  File "C:\Users\Phenomenal\Desktop\Pickbook\app\admin\routes.py", line 351, in create_announcement
    return _announcement_row(row)
           ^^^^^^^^^^^^^^^^^^^^^^
  File "C:\Users\Phenomenal\Desktop\Pickbook\app\admin\routes.py", line 209, in _announcement_row
    row.publish_at <= _now()
TypeError: can't compare offset-naive and offset-aware datetimes
ERROR:    Exception in ASGI application
  + Exception Group Traceback (most recent call last):
  |   File "C:\Users\Phenomenal\AppData\Local\Programs\Python\Python312\Lib\site-packages\starlette\_utils.py", line 87, in collapse_excgroups
  |     yield
  |   File "C:\Users\Phenomenal\AppData\Local\Programs\Python\Python312\Lib\site-packages\starlette\middleware\base.py", line 190, in __call__
  |     async with anyio.create_task_group() as task_group:
  |   File "C:\Users\Phenomenal\AppData\Local\Programs\Python\Python312\Lib\site-packages\anyio\_backends\_asyncio.py", line 799, in __aexit__
  |     raise BaseExceptionGroup(
  | ExceptionGroup: unhandled errors in a TaskGroup (1 sub-exception)
  +-+---------------- 1 ----------------
    | Traceback (most recent call last):
    |   File "C:\Users\Phenomenal\AppData\Local\Programs\Python\Python312\Lib\site-packages\uvicorn\protocols\http\httptools_impl.py", line 411, in run_asgi
    |     result = await app(  # type: ignore[func-returns-value]
    |              ^^^^^^^^^^^^^^^^^^^^^^^^^^^^^^^^^^^^^^^^^^^^^^
    |   File "C:\Users\Phenomenal\AppData\Local\Programs\Python\Python312\Lib\site-packages\uvicorn\middleware\proxy_headers.py", line 69, in __call__
    |     return await self.app(scope, receive, send)
    |            ^^^^^^^^^^^^^^^^^^^^^^^^^^^^^^^^^^^^
    |   File "C:\Users\Phenomenal\AppData\Local\Programs\Python\Python312\Lib\site-packages\fastapi\applications.py", line 1054, in __call__
    |     await super().__call__(scope, receive, send)
    |   File "C:\Users\Phenomenal\AppData\Local\Programs\Python\Python312\Lib\site-packages\starlette\applications.py", line 123, in __call__
    |     await self.middleware_stack(scope, receive, send)
    |   File "C:\Users\Phenomenal\AppData\Local\Programs\Python\Python312\Lib\site-packages\starlette\middleware\errors.py", line 186, in __call__
    |     raise exc
    |   File "C:\Users\Phenomenal\AppData\Local\Programs\Python\Python312\Lib\site-packages\starlette\middleware\errors.py", line 164, in __call__
    |     await self.app(scope, receive, _send)
    |   File "C:\Users\Phenomenal\AppData\Local\Programs\Python\Python312\Lib\site-packages\starlette\middleware\base.py", line 189, in __call__
    |     with collapse_excgroups():
    |   File "C:\Users\Phenomenal\AppData\Local\Programs\Python\Python312\Lib\contextlib.py", line 155, in __exit__
    |     self.gen.throw(value)
    |   File "C:\Users\Phenomenal\AppData\Local\Programs\Python\Python312\Lib\site-packages\starlette\_utils.py", line 93, in collapse_excgroups
    |     raise exc
    |   File "C:\Users\Phenomenal\AppData\Local\Programs\Python\Python312\Lib\site-packages\starlette\middleware\base.py", line 191, in __call__
    |     response = await self.dispatch_func(request, call_next)
    |                ^^^^^^^^^^^^^^^^^^^^^^^^^^^^^^^^^^^^^^^^^^^^
    |   File "C:\Users\Phenomenal\Desktop\Pickbook\app\main.py", line 94, in security_headers
    |     response = await call_next(request)
    |                ^^^^^^^^^^^^^^^^^^^^^^^^
    |   File "C:\Users\Phenomenal\AppData\Local\Programs\Python\Python312\Lib\site-packages\starlette\middleware\base.py", line 165, in call_next
    |     raise app_exc
    |   File "C:\Users\Phenomenal\AppData\Local\Programs\Python\Python312\Lib\site-packages\starlette\middleware\base.py", line 151, in coro
    |     await self.app(scope, receive_or_disconnect, send_no_error)
    |   File "C:\Users\Phenomenal\AppData\Local\Programs\Python\Python312\Lib\site-packages\starlette\middleware\cors.py", line 93, in __call__
    |     await self.simple_response(scope, receive, send, request_headers=headers)
    |   File "C:\Users\Phenomenal\AppData\Local\Programs\Python\Python312\Lib\site-packages\starlette\middleware\cors.py", line 148, in simple_response
    |     await self.app(scope, receive, send)
    |   File "C:\Users\Phenomenal\AppData\Local\Programs\Python\Python312\Lib\site-packages\starlette\middleware\exceptions.py", line 65, in __call__
    |     await wrap_app_handling_exceptions(self.app, conn)(scope, receive, send)
    |   File "C:\Users\Phenomenal\AppData\Local\Programs\Python\Python312\Lib\site-packages\starlette\_exception_handler.py", line 64, in wrapped_app
    |     raise exc
    |   File "C:\Users\Phenomenal\AppData\Local\Programs\Python\Python312\Lib\site-packages\starlette\_exception_handler.py", line 53, in wrapped_app
    |     await app(scope, receive, sender)
    |   File "C:\Users\Phenomenal\AppData\Local\Programs\Python\Python312\Lib\site-packages\starlette\routing.py", line 756, in __call__
    |     await self.middleware_stack(scope, receive, send)
    |   File "C:\Users\Phenomenal\AppData\Local\Programs\Python\Python312\Lib\site-packages\starlette\routing.py", line 776, in app
    |     await route.handle(scope, receive, send)
    |   File "C:\Users\Phenomenal\AppData\Local\Programs\Python\Python312\Lib\site-packages\starlette\routing.py", line 297, in handle
    |     await self.app(scope, receive, send)
    |   File "C:\Users\Phenomenal\AppData\Local\Programs\Python\Python312\Lib\site-packages\starlette\routing.py", line 77, in app
    |     await wrap_app_handling_exceptions(app, request)(scope, receive, send)
    |   File "C:\Users\Phenomenal\AppData\Local\Programs\Python\Python312\Lib\site-packages\starlette\_exception_handler.py", line 64, in wrapped_app
    |     raise exc
    |   File "C:\Users\Phenomenal\AppData\Local\Programs\Python\Python312\Lib\site-packages\starlette\_exception_handler.py", line 53, in wrapped_app
    |     await app(scope, receive, sender)
    |   File "C:\Users\Phenomenal\AppData\Local\Programs\Python\Python312\Lib\site-packages\starlette\routing.py", line 72, in app
    |     response = await func(request)
    |                ^^^^^^^^^^^^^^^^^^^
    |   File "C:\Users\Phenomenal\AppData\Local\Programs\Python\Python312\Lib\site-packages\fastapi\routing.py", line 278, in app
    |     raw_response = await run_endpoint_function(
    |                    ^^^^^^^^^^^^^^^^^^^^^^^^^^^^
    |   File "C:\Users\Phenomenal\AppData\Local\Programs\Python\Python312\Lib\site-packages\fastapi\routing.py", line 193, in run_endpoint_function
    |     return await run_in_threadpool(dependant.call, **values)
    |            ^^^^^^^^^^^^^^^^^^^^^^^^^^^^^^^^^^^^^^^^^^^^^^^^^
    |   File "C:\Users\Phenomenal\AppData\Local\Programs\Python\Python312\Lib\site-packages\starlette\concurrency.py", line 42, in run_in_threadpool
    |     return await anyio.to_thread.run_sync(func, *args)
    |            ^^^^^^^^^^^^^^^^^^^^^^^^^^^^^^^^^^^^^^^^^^^
    |   File "C:\Users\Phenomenal\AppData\Local\Programs\Python\Python312\Lib\site-packages\anyio\to_thread.py", line 63, in run_sync
    |     return await get_async_backend().run_sync_in_worker_thread(
    |            ^^^^^^^^^^^^^^^^^^^^^^^^^^^^^^^^^^^^^^^^^^^^^^^^^^^^
    |   File "C:\Users\Phenomenal\AppData\Local\Programs\Python\Python312\Lib\site-packages\anyio\_backends\_asyncio.py", line 2518, in run_sync_in_worker_thread
    |     return await future
    |            ^^^^^^^^^^^^
    |   File "C:\Users\Phenomenal\AppData\Local\Programs\Python\Python312\Lib\site-packages\anyio\_backends\_asyncio.py", line 1002, in run
    |     result = context.run(func, *args)
    |              ^^^^^^^^^^^^^^^^^^^^^^^^
    |   File "C:\Users\Phenomenal\AppData\Local\Programs\Python\Python312\Lib\site-packages\slowapi\extension.py", line 766, in sync_wrapper
    |     response = func(*args, **kwargs)
    |                ^^^^^^^^^^^^^^^^^^^^^
    |   File "C:\Users\Phenomenal\Desktop\Pickbook\app\admin\routes.py", line 351, in create_announcement
    |     return _announcement_row(row)
    |            ^^^^^^^^^^^^^^^^^^^^^^
    |   File "C:\Users\Phenomenal\Desktop\Pickbook\app\admin\routes.py", line 209, in _announcement_row
    |     row.publish_at <= _now()
    | TypeError: can't compare offset-naive and offset-aware datetimes
    +------------------------------------

During handling of the above exception, another exception occurred:

Traceback (most recent call last):
  File "C:\Users\Phenomenal\AppData\Local\Programs\Python\Python312\Lib\site-packages\uvicorn\protocols\http\httptools_impl.py", line 411, in run_asgi
    result = await app(  # type: ignore[func-returns-value]
             ^^^^^^^^^^^^^^^^^^^^^^^^^^^^^^^^^^^^^^^^^^^^^^
  File "C:\Users\Phenomenal\AppData\Local\Programs\Python\Python312\Lib\site-packages\uvicorn\middleware\proxy_headers.py", line 69, in __call__
    return await self.app(scope, receive, send)
           ^^^^^^^^^^^^^^^^^^^^^^^^^^^^^^^^^^^^
  File "C:\Users\Phenomenal\AppData\Local\Programs\Python\Python312\Lib\site-packages\fastapi\applications.py", line 1054, in __call__
    await super().__call__(scope, receive, send)
  File "C:\Users\Phenomenal\AppData\Local\Programs\Python\Python312\Lib\site-packages\starlette\applications.py", line 123, in __call__
    await self.middleware_stack(scope, receive, send)
  File "C:\Users\Phenomenal\AppData\Local\Programs\Python\Python312\Lib\site-packages\starlette\middleware\errors.py", line 186, in __call__
    raise exc
  File "C:\Users\Phenomenal\AppData\Local\Programs\Python\Python312\Lib\site-packages\starlette\middleware\errors.py", line 164, in __call__
    await self.app(scope, receive, _send)
  File "C:\Users\Phenomenal\AppData\Local\Programs\Python\Python312\Lib\site-packages\starlette\middleware\base.py", line 189, in __call__
    with collapse_excgroups():
  File "C:\Users\Phenomenal\AppData\Local\Programs\Python\Python312\Lib\contextlib.py", line 155, in __exit__
    self.gen.throw(value)
  File "C:\Users\Phenomenal\AppData\Local\Programs\Python\Python312\Lib\site-packages\starlette\_utils.py", line 93, in collapse_excgroups
    raise exc
  File "C:\Users\Phenomenal\AppData\Local\Programs\Python\Python312\Lib\site-packages\starlette\middleware\base.py", line 191, in __call__
    response = await self.dispatch_func(request, call_next)
               ^^^^^^^^^^^^^^^^^^^^^^^^^^^^^^^^^^^^^^^^^^^^
  File "C:\Users\Phenomenal\Desktop\Pickbook\app\main.py", line 94, in security_headers
    response = await call_next(request)
               ^^^^^^^^^^^^^^^^^^^^^^^^
  File "C:\Users\Phenomenal\AppData\Local\Programs\Python\Python312\Lib\site-packages\starlette\middleware\base.py", line 165, in call_next
    raise app_exc
  File "C:\Users\Phenomenal\AppData\Local\Programs\Python\Python312\Lib\site-packages\starlette\middleware\base.py", line 151, in coro
    await self.app(scope, receive_or_disconnect, send_no_error)
  File "C:\Users\Phenomenal\AppData\Local\Programs\Python\Python312\Lib\site-packages\starlette\middleware\cors.py", line 93, in __call__
    await self.simple_response(scope, receive, send, request_headers=headers)
  File "C:\Users\Phenomenal\AppData\Local\Programs\Python\Python312\Lib\site-packages\starlette\middleware\cors.py", line 148, in simple_response
    await self.app(scope, receive, send)
  File "C:\Users\Phenomenal\AppData\Local\Programs\Python\Python312\Lib\site-packages\starlette\middleware\exceptions.py", line 65, in __call__
    await wrap_app_handling_exceptions(self.app, conn)(scope, receive, send)
  File "C:\Users\Phenomenal\AppData\Local\Programs\Python\Python312\Lib\site-packages\starlette\_exception_handler.py", line 64, in wrapped_app
    raise exc
  File "C:\Users\Phenomenal\AppData\Local\Programs\Python\Python312\Lib\site-packages\starlette\_exception_handler.py", line 53, in wrapped_app
    await app(scope, receive, sender)
  File "C:\Users\Phenomenal\AppData\Local\Programs\Python\Python312\Lib\site-packages\starlette\routing.py", line 756, in __call__
    await self.middleware_stack(scope, receive, send)
  File "C:\Users\Phenomenal\AppData\Local\Programs\Python\Python312\Lib\site-packages\starlette\routing.py", line 776, in app
    await route.handle(scope, receive, send)
  File "C:\Users\Phenomenal\AppData\Local\Programs\Python\Python312\Lib\site-packages\starlette\routing.py", line 297, in handle
    await self.app(scope, receive, send)
  File "C:\Users\Phenomenal\AppData\Local\Programs\Python\Python312\Lib\site-packages\starlette\routing.py", line 77, in app
    await wrap_app_handling_exceptions(app, request)(scope, receive, send)
  File "C:\Users\Phenomenal\AppData\Local\Programs\Python\Python312\Lib\site-packages\starlette\_exception_handler.py", line 64, in wrapped_app
    raise exc
  File "C:\Users\Phenomenal\AppData\Local\Programs\Python\Python312\Lib\site-packages\starlette\_exception_handler.py", line 53, in wrapped_app
    await app(scope, receive, sender)
  File "C:\Users\Phenomenal\AppData\Local\Programs\Python\Python312\Lib\site-packages\starlette\routing.py", line 72, in app
    response = await func(request)
               ^^^^^^^^^^^^^^^^^^^
  File "C:\Users\Phenomenal\AppData\Local\Programs\Python\Python312\Lib\site-packages\fastapi\routing.py", line 278, in app
    raw_response = await run_endpoint_function(
                   ^^^^^^^^^^^^^^^^^^^^^^^^^^^^
  File "C:\Users\Phenomenal\AppData\Local\Programs\Python\Python312\Lib\site-packages\fastapi\routing.py", line 193, in run_endpoint_function
    return await run_in_threadpool(dependant.call, **values)
           ^^^^^^^^^^^^^^^^^^^^^^^^^^^^^^^^^^^^^^^^^^^^^^^^^
  File "C:\Users\Phenomenal\AppData\Local\Programs\Python\Python312\Lib\site-packages\starlette\concurrency.py", line 42, in run_in_threadpool
    return await anyio.to_thread.run_sync(func, *args)
           ^^^^^^^^^^^^^^^^^^^^^^^^^^^^^^^^^^^^^^^^^^^
  File "C:\Users\Phenomenal\AppData\Local\Programs\Python\Python312\Lib\site-packages\anyio\to_thread.py", line 63, in run_sync
    return await get_async_backend().run_sync_in_worker_thread(
           ^^^^^^^^^^^^^^^^^^^^^^^^^^^^^^^^^^^^^^^^^^^^^^^^^^^^
  File "C:\Users\Phenomenal\AppData\Local\Programs\Python\Python312\Lib\site-packages\anyio\_backends\_asyncio.py", line 2518, in run_sync_in_worker_thread
    return await future
           ^^^^^^^^^^^^
  File "C:\Users\Phenomenal\AppData\Local\Programs\Python\Python312\Lib\site-packages\anyio\_backends\_asyncio.py", line 1002, in run
    result = context.run(func, *args)
             ^^^^^^^^^^^^^^^^^^^^^^^^
  File "C:\Users\Phenomenal\AppData\Local\Programs\Python\Python312\Lib\site-packages\slowapi\extension.py", line 766, in sync_wrapper
    response = func(*args, **kwargs)
               ^^^^^^^^^^^^^^^^^^^^^
  File "C:\Users\Phenomenal\Desktop\Pickbook\app\admin\routes.py", line 351, in create_announcement
    return _announcement_row(row)
           ^^^^^^^^^^^^^^^^^^^^^^
  File "C:\Users\Phenomenal\Desktop\Pickbook\app\admin\routes.py", line 209, in _announcement_row
    row.publish_at <= _now()
TypeError: can't compare offset-naive and offset-aware datetimes
ERROR:    Exception in ASGI application
  + Exception Group Traceback (most recent call last):
  |   File "C:\Users\Phenomenal\AppData\Local\Programs\Python\Python312\Lib\site-packages\starlette\_utils.py", line 87, in collapse_excgroups
  |     yield
  |   File "C:\Users\Phenomenal\AppData\Local\Programs\Python\Python312\Lib\site-packages\starlette\middleware\base.py", line 190, in __call__
  |     async with anyio.create_task_group() as task_group:
  |   File "C:\Users\Phenomenal\AppData\Local\Programs\Python\Python312\Lib\site-packages\anyio\_backends\_asyncio.py", line 799, in __aexit__
  |     raise BaseExceptionGroup(
  | ExceptionGroup: unhandled errors in a TaskGroup (1 sub-exception)
  +-+---------------- 1 ----------------
    | Traceback (most recent call last):
    |   File "C:\Users\Phenomenal\AppData\Local\Programs\Python\Python312\Lib\site-packages\uvicorn\protocols\http\httptools_impl.py", line 411, in run_asgi
    |     result = await app(  # type: ignore[func-returns-value]
    |              ^^^^^^^^^^^^^^^^^^^^^^^^^^^^^^^^^^^^^^^^^^^^^^
    |   File "C:\Users\Phenomenal\AppData\Local\Programs\Python\Python312\Lib\site-packages\uvicorn\middleware\proxy_headers.py", line 69, in __call__
    |     return await self.app(scope, receive, send)
    |            ^^^^^^^^^^^^^^^^^^^^^^^^^^^^^^^^^^^^
    |   File "C:\Users\Phenomenal\AppData\Local\Programs\Python\Python312\Lib\site-packages\fastapi\applications.py", line 1054, in __call__
    |     await super().__call__(scope, receive, send)
    |   File "C:\Users\Phenomenal\AppData\Local\Programs\Python\Python312\Lib\site-packages\starlette\applications.py", line 123, in __call__
    |     await self.middleware_stack(scope, receive, send)
    |   File "C:\Users\Phenomenal\AppData\Local\Programs\Python\Python312\Lib\site-packages\starlette\middleware\errors.py", line 186, in __call__
    |     raise exc
    |   File "C:\Users\Phenomenal\AppData\Local\Programs\Python\Python312\Lib\site-packages\starlette\middleware\errors.py", line 164, in __call__
    |     await self.app(scope, receive, _send)
    |   File "C:\Users\Phenomenal\AppData\Local\Programs\Python\Python312\Lib\site-packages\starlette\middleware\base.py", line 189, in __call__
    |     with collapse_excgroups():
    |   File "C:\Users\Phenomenal\AppData\Local\Programs\Python\Python312\Lib\contextlib.py", line 155, in __exit__
    |     self.gen.throw(value)
    |   File "C:\Users\Phenomenal\AppData\Local\Programs\Python\Python312\Lib\site-packages\starlette\_utils.py", line 93, in collapse_excgroups
    |     raise exc
    |   File "C:\Users\Phenomenal\AppData\Local\Programs\Python\Python312\Lib\site-packages\starlette\middleware\base.py", line 191, in __call__
    |     response = await self.dispatch_func(request, call_next)
    |                ^^^^^^^^^^^^^^^^^^^^^^^^^^^^^^^^^^^^^^^^^^^^
    |   File "C:\Users\Phenomenal\Desktop\Pickbook\app\main.py", line 94, in security_headers
    |     response = await call_next(request)
    |                ^^^^^^^^^^^^^^^^^^^^^^^^
    |   File "C:\Users\Phenomenal\AppData\Local\Programs\Python\Python312\Lib\site-packages\starlette\middleware\base.py", line 165, in call_next
    |     raise app_exc
    |   File "C:\Users\Phenomenal\AppData\Local\Programs\Python\Python312\Lib\site-packages\starlette\middleware\base.py", line 151, in coro
    |     await self.app(scope, receive_or_disconnect, send_no_error)
    |   File "C:\Users\Phenomenal\AppData\Local\Programs\Python\Python312\Lib\site-packages\starlette\middleware\cors.py", line 93, in __call__
    |     await self.simple_response(scope, receive, send, request_headers=headers)
    |   File "C:\Users\Phenomenal\AppData\Local\Programs\Python\Python312\Lib\site-packages\starlette\middleware\cors.py", line 148, in simple_response
    |     await self.app(scope, receive, send)
    |   File "C:\Users\Phenomenal\AppData\Local\Programs\Python\Python312\Lib\site-packages\starlette\middleware\exceptions.py", line 65, in __call__
    |     await wrap_app_handling_exceptions(self.app, conn)(scope, receive, send)
    |   File "C:\Users\Phenomenal\AppData\Local\Programs\Python\Python312\Lib\site-packages\starlette\_exception_handler.py", line 64, in wrapped_app
    |     raise exc
    |   File "C:\Users\Phenomenal\AppData\Local\Programs\Python\Python312\Lib\site-packages\starlette\_exception_handler.py", line 53, in wrapped_app
    |     await app(scope, receive, sender)
    |   File "C:\Users\Phenomenal\AppData\Local\Programs\Python\Python312\Lib\site-packages\starlette\routing.py", line 756, in __call__
    |     await self.middleware_stack(scope, receive, send)
    |   File "C:\Users\Phenomenal\AppData\Local\Programs\Python\Python312\Lib\site-packages\starlette\routing.py", line 776, in app
    |     await route.handle(scope, receive, send)
    |   File "C:\Users\Phenomenal\AppData\Local\Programs\Python\Python312\Lib\site-packages\starlette\routing.py", line 297, in handle
    |     await self.app(scope, receive, send)
    |   File "C:\Users\Phenomenal\AppData\Local\Programs\Python\Python312\Lib\site-packages\starlette\routing.py", line 77, in app
    |     await wrap_app_handling_exceptions(app, request)(scope, receive, send)
    |   File "C:\Users\Phenomenal\AppData\Local\Programs\Python\Python312\Lib\site-packages\starlette\_exception_handler.py", line 64, in wrapped_app
    |     raise exc
    |   File "C:\Users\Phenomenal\AppData\Local\Programs\Python\Python312\Lib\site-packages\starlette\_exception_handler.py", line 53, in wrapped_app
    |     await app(scope, receive, sender)
    |   File "C:\Users\Phenomenal\AppData\Local\Programs\Python\Python312\Lib\site-packages\starlette\routing.py", line 72, in app
    |     response = await func(request)
    |                ^^^^^^^^^^^^^^^^^^^
    |   File "C:\Users\Phenomenal\AppData\Local\Programs\Python\Python312\Lib\site-packages\fastapi\routing.py", line 278, in app
    |     raw_response = await run_endpoint_function(
    |                    ^^^^^^^^^^^^^^^^^^^^^^^^^^^^
    |   File "C:\Users\Phenomenal\AppData\Local\Programs\Python\Python312\Lib\site-packages\fastapi\routing.py", line 193, in run_endpoint_function
    |     return await run_in_threadpool(dependant.call, **values)
    |            ^^^^^^^^^^^^^^^^^^^^^^^^^^^^^^^^^^^^^^^^^^^^^^^^^
    |   File "C:\Users\Phenomenal\AppData\Local\Programs\Python\Python312\Lib\site-packages\starlette\concurrency.py", line 42, in run_in_threadpool
    |     return await anyio.to_thread.run_sync(func, *args)
    |            ^^^^^^^^^^^^^^^^^^^^^^^^^^^^^^^^^^^^^^^^^^^
    |   File "C:\Users\Phenomenal\AppData\Local\Programs\Python\Python312\Lib\site-packages\anyio\to_thread.py", line 63, in run_sync
    |     return await get_async_backend().run_sync_in_worker_thread(
    |            ^^^^^^^^^^^^^^^^^^^^^^^^^^^^^^^^^^^^^^^^^^^^^^^^^^^^
    |   File "C:\Users\Phenomenal\AppData\Local\Programs\Python\Python312\Lib\site-packages\anyio\_backends\_asyncio.py", line 2518, in run_sync_in_worker_thread
    |     return await future
    |            ^^^^^^^^^^^^
    |   File "C:\Users\Phenomenal\AppData\Local\Programs\Python\Python312\Lib\site-packages\anyio\_backends\_asyncio.py", line 1002, in run
    |     result = context.run(func, *args)
    |              ^^^^^^^^^^^^^^^^^^^^^^^^
    |   File "C:\Users\Phenomenal\AppData\Local\Programs\Python\Python312\Lib\site-packages\slowapi\extension.py", line 766, in sync_wrapper
    |     response = func(*args, **kwargs)
    |                ^^^^^^^^^^^^^^^^^^^^^
    |   File "C:\Users\Phenomenal\Desktop\Pickbook\app\admin\routes.py", line 351, in create_announcement
    |     return _announcement_row(row)
    |            ^^^^^^^^^^^^^^^^^^^^^^
    |   File "C:\Users\Phenomenal\Desktop\Pickbook\app\admin\routes.py", line 209, in _announcement_row
    |     row.publish_at <= _now()
    | TypeError: can't compare offset-naive and offset-aware datetimes
    +------------------------------------

During handling of the above exception, another exception occurred:

Traceback (most recent call last):
  File "C:\Users\Phenomenal\AppData\Local\Programs\Python\Python312\Lib\site-packages\uvicorn\protocols\http\httptools_impl.py", line 411, in run_asgi
    result = await app(  # type: ignore[func-returns-value]
             ^^^^^^^^^^^^^^^^^^^^^^^^^^^^^^^^^^^^^^^^^^^^^^
  File "C:\Users\Phenomenal\AppData\Local\Programs\Python\Python312\Lib\site-packages\uvicorn\middleware\proxy_headers.py", line 69, in __call__
    return await self.app(scope, receive, send)
           ^^^^^^^^^^^^^^^^^^^^^^^^^^^^^^^^^^^^
  File "C:\Users\Phenomenal\AppData\Local\Programs\Python\Python312\Lib\site-packages\fastapi\applications.py", line 1054, in __call__
    await super().__call__(scope, receive, send)
  File "C:\Users\Phenomenal\AppData\Local\Programs\Python\Python312\Lib\site-packages\starlette\applications.py", line 123, in __call__
    await self.middleware_stack(scope, receive, send)
  File "C:\Users\Phenomenal\AppData\Local\Programs\Python\Python312\Lib\site-packages\starlette\middleware\errors.py", line 186, in __call__
    raise exc
  File "C:\Users\Phenomenal\AppData\Local\Programs\Python\Python312\Lib\site-packages\starlette\middleware\errors.py", line 164, in __call__
    await self.app(scope, receive, _send)
  File "C:\Users\Phenomenal\AppData\Local\Programs\Python\Python312\Lib\site-packages\starlette\middleware\base.py", line 189, in __call__
    with collapse_excgroups():
  File "C:\Users\Phenomenal\AppData\Local\Programs\Python\Python312\Lib\contextlib.py", line 155, in __exit__
    self.gen.throw(value)
  File "C:\Users\Phenomenal\AppData\Local\Programs\Python\Python312\Lib\site-packages\starlette\_utils.py", line 93, in collapse_excgroups
    raise exc
  File "C:\Users\Phenomenal\AppData\Local\Programs\Python\Python312\Lib\site-packages\starlette\middleware\base.py", line 191, in __call__
    response = await self.dispatch_func(request, call_next)
               ^^^^^^^^^^^^^^^^^^^^^^^^^^^^^^^^^^^^^^^^^^^^
  File "C:\Users\Phenomenal\Desktop\Pickbook\app\main.py", line 94, in security_headers
    response = await call_next(request)
               ^^^^^^^^^^^^^^^^^^^^^^^^
  File "C:\Users\Phenomenal\AppData\Local\Programs\Python\Python312\Lib\site-packages\starlette\middleware\base.py", line 165, in call_next
    raise app_exc
  File "C:\Users\Phenomenal\AppData\Local\Programs\Python\Python312\Lib\site-packages\starlette\middleware\base.py", line 151, in coro
    await self.app(scope, receive_or_disconnect, send_no_error)
  File "C:\Users\Phenomenal\AppData\Local\Programs\Python\Python312\Lib\site-packages\starlette\middleware\cors.py", line 93, in __call__
    await self.simple_response(scope, receive, send, request_headers=headers)
  File "C:\Users\Phenomenal\AppData\Local\Programs\Python\Python312\Lib\site-packages\starlette\middleware\cors.py", line 148, in simple_response
    await self.app(scope, receive, send)
  File "C:\Users\Phenomenal\AppData\Local\Programs\Python\Python312\Lib\site-packages\starlette\middleware\exceptions.py", line 65, in __call__
    await wrap_app_handling_exceptions(self.app, conn)(scope, receive, send)
  File "C:\Users\Phenomenal\AppData\Local\Programs\Python\Python312\Lib\site-packages\starlette\_exception_handler.py", line 64, in wrapped_app
    raise exc
  File "C:\Users\Phenomenal\AppData\Local\Programs\Python\Python312\Lib\site-packages\starlette\_exception_handler.py", line 53, in wrapped_app
    await app(scope, receive, sender)
  File "C:\Users\Phenomenal\AppData\Local\Programs\Python\Python312\Lib\site-packages\starlette\routing.py", line 756, in __call__
    await self.middleware_stack(scope, receive, send)
  File "C:\Users\Phenomenal\AppData\Local\Programs\Python\Python312\Lib\site-packages\starlette\routing.py", line 776, in app
    await route.handle(scope, receive, send)
  File "C:\Users\Phenomenal\AppData\Local\Programs\Python\Python312\Lib\site-packages\starlette\routing.py", line 297, in handle
    await self.app(scope, receive, send)
  File "C:\Users\Phenomenal\AppData\Local\Programs\Python\Python312\Lib\site-packages\starlette\routing.py", line 77, in app
    await wrap_app_handling_exceptions(app, request)(scope, receive, send)
  File "C:\Users\Phenomenal\AppData\Local\Programs\Python\Python312\Lib\site-packages\starlette\_exception_handler.py", line 64, in wrapped_app
    raise exc
  File "C:\Users\Phenomenal\AppData\Local\Programs\Python\Python312\Lib\site-packages\starlette\_exception_handler.py", line 53, in wrapped_app
    await app(scope, receive, sender)
  File "C:\Users\Phenomenal\AppData\Local\Programs\Python\Python312\Lib\site-packages\starlette\routing.py", line 72, in app
    response = await func(request)
               ^^^^^^^^^^^^^^^^^^^
  File "C:\Users\Phenomenal\AppData\Local\Programs\Python\Python312\Lib\site-packages\fastapi\routing.py", line 278, in app
    raw_response = await run_endpoint_function(
                   ^^^^^^^^^^^^^^^^^^^^^^^^^^^^
  File "C:\Users\Phenomenal\AppData\Local\Programs\Python\Python312\Lib\site-packages\fastapi\routing.py", line 193, in run_endpoint_function
    return await run_in_threadpool(dependant.call, **values)
           ^^^^^^^^^^^^^^^^^^^^^^^^^^^^^^^^^^^^^^^^^^^^^^^^^
  File "C:\Users\Phenomenal\AppData\Local\Programs\Python\Python312\Lib\site-packages\starlette\concurrency.py", line 42, in run_in_threadpool
    return await anyio.to_thread.run_sync(func, *args)
           ^^^^^^^^^^^^^^^^^^^^^^^^^^^^^^^^^^^^^^^^^^^
  File "C:\Users\Phenomenal\AppData\Local\Programs\Python\Python312\Lib\site-packages\anyio\to_thread.py", line 63, in run_sync
    return await get_async_backend().run_sync_in_worker_thread(
           ^^^^^^^^^^^^^^^^^^^^^^^^^^^^^^^^^^^^^^^^^^^^^^^^^^^^
  File "C:\Users\Phenomenal\AppData\Local\Programs\Python\Python312\Lib\site-packages\anyio\_backends\_asyncio.py", line 2518, in run_sync_in_worker_thread
    return await future
           ^^^^^^^^^^^^
  File "C:\Users\Phenomenal\AppData\Local\Programs\Python\Python312\Lib\site-packages\anyio\_backends\_asyncio.py", line 1002, in run
    result = context.run(func, *args)
             ^^^^^^^^^^^^^^^^^^^^^^^^
  File "C:\Users\Phenomenal\AppData\Local\Programs\Python\Python312\Lib\site-packages\slowapi\extension.py", line 766, in sync_wrapper
    response = func(*args, **kwargs)
               ^^^^^^^^^^^^^^^^^^^^^
  File "C:\Users\Phenomenal\Desktop\Pickbook\app\admin\routes.py", line 351, in create_announcement
    return _announcement_row(row)
           ^^^^^^^^^^^^^^^^^^^^^^
  File "C:\Users\Phenomenal\Desktop\Pickbook\app\admin\routes.py", line 209, in _announcement_row
    row.publish_at <= _now()
TypeError: can't compare offset-naive and offset-aware datetimes
ERROR:    Exception in ASGI application
  + Exception Group Traceback (most recent call last):
  |   File "C:\Users\Phenomenal\AppData\Local\Programs\Python\Python312\Lib\site-packages\starlette\_utils.py", line 87, in collapse_excgroups
  |     yield
  |   File "C:\Users\Phenomenal\AppData\Local\Programs\Python\Python312\Lib\site-packages\starlette\middleware\base.py", line 190, in __call__
  |     async with anyio.create_task_group() as task_group:
  |   File "C:\Users\Phenomenal\AppData\Local\Programs\Python\Python312\Lib\site-packages\anyio\_backends\_asyncio.py", line 799, in __aexit__
  |     raise BaseExceptionGroup(
  | ExceptionGroup: unhandled errors in a TaskGroup (1 sub-exception)
  +-+---------------- 1 ----------------
    | Traceback (most recent call last):
    |   File "C:\Users\Phenomenal\AppData\Local\Programs\Python\Python312\Lib\site-packages\uvicorn\protocols\http\httptools_impl.py", line 411, in run_asgi
    |     result = await app(  # type: ignore[func-returns-value]
    |              ^^^^^^^^^^^^^^^^^^^^^^^^^^^^^^^^^^^^^^^^^^^^^^
    |   File "C:\Users\Phenomenal\AppData\Local\Programs\Python\Python312\Lib\site-packages\uvicorn\middleware\proxy_headers.py", line 69, in __call__
    |     return await self.app(scope, receive, send)
    |            ^^^^^^^^^^^^^^^^^^^^^^^^^^^^^^^^^^^^
    |   File "C:\Users\Phenomenal\AppData\Local\Programs\Python\Python312\Lib\site-packages\fastapi\applications.py", line 1054, in __call__
    |     await super().__call__(scope, receive, send)
    |   File "C:\Users\Phenomenal\AppData\Local\Programs\Python\Python312\Lib\site-packages\starlette\applications.py", line 123, in __call__
    |     await self.middleware_stack(scope, receive, send)
    |   File "C:\Users\Phenomenal\AppData\Local\Programs\Python\Python312\Lib\site-packages\starlette\middleware\errors.py", line 186, in __call__
    |     raise exc
    |   File "C:\Users\Phenomenal\AppData\Local\Programs\Python\Python312\Lib\site-packages\starlette\middleware\errors.py", line 164, in __call__
    |     await self.app(scope, receive, _send)
    |   File "C:\Users\Phenomenal\AppData\Local\Programs\Python\Python312\Lib\site-packages\starlette\middleware\base.py", line 189, in __call__
    |     with collapse_excgroups():
    |   File "C:\Users\Phenomenal\AppData\Local\Programs\Python\Python312\Lib\contextlib.py", line 155, in __exit__
    |     self.gen.throw(value)
    |   File "C:\Users\Phenomenal\AppData\Local\Programs\Python\Python312\Lib\site-packages\starlette\_utils.py", line 93, in collapse_excgroups
    |     raise exc
    |   File "C:\Users\Phenomenal\AppData\Local\Programs\Python\Python312\Lib\site-packages\starlette\middleware\base.py", line 191, in __call__
    |     response = await self.dispatch_func(request, call_next)
    |                ^^^^^^^^^^^^^^^^^^^^^^^^^^^^^^^^^^^^^^^^^^^^
    |   File "C:\Users\Phenomenal\Desktop\Pickbook\app\main.py", line 94, in security_headers
    |     response = await call_next(request)
    |                ^^^^^^^^^^^^^^^^^^^^^^^^
    |   File "C:\Users\Phenomenal\AppData\Local\Programs\Python\Python312\Lib\site-packages\starlette\middleware\base.py", line 165, in call_next
    |     raise app_exc
    |   File "C:\Users\Phenomenal\AppData\Local\Programs\Python\Python312\Lib\site-packages\starlette\middleware\base.py", line 151, in coro
    |     await self.app(scope, receive_or_disconnect, send_no_error)
    |   File "C:\Users\Phenomenal\AppData\Local\Programs\Python\Python312\Lib\site-packages\starlette\middleware\cors.py", line 93, in __call__
    |     await self.simple_response(scope, receive, send, request_headers=headers)
    |   File "C:\Users\Phenomenal\AppData\Local\Programs\Python\Python312\Lib\site-packages\starlette\middleware\cors.py", line 148, in simple_response
    |     await self.app(scope, receive, send)
    |   File "C:\Users\Phenomenal\AppData\Local\Programs\Python\Python312\Lib\site-packages\starlette\middleware\exceptions.py", line 65, in __call__
    |     await wrap_app_handling_exceptions(self.app, conn)(scope, receive, send)
    |   File "C:\Users\Phenomenal\AppData\Local\Programs\Python\Python312\Lib\site-packages\starlette\_exception_handler.py", line 64, in wrapped_app
    |     raise exc
    |   File "C:\Users\Phenomenal\AppData\Local\Programs\Python\Python312\Lib\site-packages\starlette\_exception_handler.py", line 53, in wrapped_app
    |     await app(scope, receive, sender)
    |   File "C:\Users\Phenomenal\AppData\Local\Programs\Python\Python312\Lib\site-packages\starlette\routing.py", line 756, in __call__
    |     await self.middleware_stack(scope, receive, send)
    |   File "C:\Users\Phenomenal\AppData\Local\Programs\Python\Python312\Lib\site-packages\starlette\routing.py", line 776, in app
    |     await route.handle(scope, receive, send)
    |   File "C:\Users\Phenomenal\AppData\Local\Programs\Python\Python312\Lib\site-packages\starlette\routing.py", line 297, in handle
    |     await self.app(scope, receive, send)
    |   File "C:\Users\Phenomenal\AppData\Local\Programs\Python\Python312\Lib\site-packages\starlette\routing.py", line 77, in app
    |     await wrap_app_handling_exceptions(app, request)(scope, receive, send)
    |   File "C:\Users\Phenomenal\AppData\Local\Programs\Python\Python312\Lib\site-packages\starlette\_exception_handler.py", line 64, in wrapped_app
    |     raise exc
    |   File "C:\Users\Phenomenal\AppData\Local\Programs\Python\Python312\Lib\site-packages\starlette\_exception_handler.py", line 53, in wrapped_app
    |     await app(scope, receive, sender)
    |   File "C:\Users\Phenomenal\AppData\Local\Programs\Python\Python312\Lib\site-packages\starlette\routing.py", line 72, in app
    |     response = await func(request)
    |                ^^^^^^^^^^^^^^^^^^^
    |   File "C:\Users\Phenomenal\AppData\Local\Programs\Python\Python312\Lib\site-packages\fastapi\routing.py", line 278, in app
    |     raw_response = await run_endpoint_function(
    |                    ^^^^^^^^^^^^^^^^^^^^^^^^^^^^
    |   File "C:\Users\Phenomenal\AppData\Local\Programs\Python\Python312\Lib\site-packages\fastapi\routing.py", line 193, in run_endpoint_function
    |     return await run_in_threadpool(dependant.call, **values)
    |            ^^^^^^^^^^^^^^^^^^^^^^^^^^^^^^^^^^^^^^^^^^^^^^^^^
    |   File "C:\Users\Phenomenal\AppData\Local\Programs\Python\Python312\Lib\site-packages\starlette\concurrency.py", line 42, in run_in_threadpool
    |     return await anyio.to_thread.run_sync(func, *args)
    |            ^^^^^^^^^^^^^^^^^^^^^^^^^^^^^^^^^^^^^^^^^^^
    |   File "C:\Users\Phenomenal\AppData\Local\Programs\Python\Python312\Lib\site-packages\anyio\to_thread.py", line 63, in run_sync
    |     return await get_async_backend().run_sync_in_worker_thread(
    |            ^^^^^^^^^^^^^^^^^^^^^^^^^^^^^^^^^^^^^^^^^^^^^^^^^^^^
    |   File "C:\Users\Phenomenal\AppData\Local\Programs\Python\Python312\Lib\site-packages\anyio\_backends\_asyncio.py", line 2518, in run_sync_in_worker_thread
    |     return await future
    |            ^^^^^^^^^^^^
    |   File "C:\Users\Phenomenal\AppData\Local\Programs\Python\Python312\Lib\site-packages\anyio\_backends\_asyncio.py", line 1002, in run
    |     result = context.run(func, *args)
    |              ^^^^^^^^^^^^^^^^^^^^^^^^
    |   File "C:\Users\Phenomenal\AppData\Local\Programs\Python\Python312\Lib\site-packages\slowapi\extension.py", line 766, in sync_wrapper
    |     response = func(*args, **kwargs)
    |                ^^^^^^^^^^^^^^^^^^^^^
    |   File "C:\Users\Phenomenal\Desktop\Pickbook\app\admin\routes.py", line 351, in create_announcement
    |     return _announcement_row(row)
    |            ^^^^^^^^^^^^^^^^^^^^^^
    |   File "C:\Users\Phenomenal\Desktop\Pickbook\app\admin\routes.py", line 209, in _announcement_row
    |     row.publish_at <= _now()
    | TypeError: can't compare offset-naive and offset-aware datetimes
    +------------------------------------

During handling of the above exception, another exception occurred:

Traceback (most recent call last):
  File "C:\Users\Phenomenal\AppData\Local\Programs\Python\Python312\Lib\site-packages\uvicorn\protocols\http\httptools_impl.py", line 411, in run_asgi
    result = await app(  # type: ignore[func-returns-value]
             ^^^^^^^^^^^^^^^^^^^^^^^^^^^^^^^^^^^^^^^^^^^^^^
  File "C:\Users\Phenomenal\AppData\Local\Programs\Python\Python312\Lib\site-packages\uvicorn\middleware\proxy_headers.py", line 69, in __call__
    return await self.app(scope, receive, send)
           ^^^^^^^^^^^^^^^^^^^^^^^^^^^^^^^^^^^^
  File "C:\Users\Phenomenal\AppData\Local\Programs\Python\Python312\Lib\site-packages\fastapi\applications.py", line 1054, in __call__
    await super().__call__(scope, receive, send)
  File "C:\Users\Phenomenal\AppData\Local\Programs\Python\Python312\Lib\site-packages\starlette\applications.py", line 123, in __call__
    await self.middleware_stack(scope, receive, send)
  File "C:\Users\Phenomenal\AppData\Local\Programs\Python\Python312\Lib\site-packages\starlette\middleware\errors.py", line 186, in __call__
    raise exc
  File "C:\Users\Phenomenal\AppData\Local\Programs\Python\Python312\Lib\site-packages\starlette\middleware\errors.py", line 164, in __call__
    await self.app(scope, receive, _send)
  File "C:\Users\Phenomenal\AppData\Local\Programs\Python\Python312\Lib\site-packages\starlette\middleware\base.py", line 189, in __call__
    with collapse_excgroups():
  File "C:\Users\Phenomenal\AppData\Local\Programs\Python\Python312\Lib\contextlib.py", line 155, in __exit__
    self.gen.throw(value)
  File "C:\Users\Phenomenal\AppData\Local\Programs\Python\Python312\Lib\site-packages\starlette\_utils.py", line 93, in collapse_excgroups
    raise exc
  File "C:\Users\Phenomenal\AppData\Local\Programs\Python\Python312\Lib\site-packages\starlette\middleware\base.py", line 191, in __call__
    response = await self.dispatch_func(request, call_next)
               ^^^^^^^^^^^^^^^^^^^^^^^^^^^^^^^^^^^^^^^^^^^^
  File "C:\Users\Phenomenal\Desktop\Pickbook\app\main.py", line 94, in security_headers
    response = await call_next(request)
               ^^^^^^^^^^^^^^^^^^^^^^^^
  File "C:\Users\Phenomenal\AppData\Local\Programs\Python\Python312\Lib\site-packages\starlette\middleware\base.py", line 165, in call_next
    raise app_exc
  File "C:\Users\Phenomenal\AppData\Local\Programs\Python\Python312\Lib\site-packages\starlette\middleware\base.py", line 151, in coro
    await self.app(scope, receive_or_disconnect, send_no_error)
  File "C:\Users\Phenomenal\AppData\Local\Programs\Python\Python312\Lib\site-packages\starlette\middleware\cors.py", line 93, in __call__
    await self.simple_response(scope, receive, send, request_headers=headers)
  File "C:\Users\Phenomenal\AppData\Local\Programs\Python\Python312\Lib\site-packages\starlette\middleware\cors.py", line 148, in simple_response
    await self.app(scope, receive, send)
  File "C:\Users\Phenomenal\AppData\Local\Programs\Python\Python312\Lib\site-packages\starlette\middleware\exceptions.py", line 65, in __call__
    await wrap_app_handling_exceptions(self.app, conn)(scope, receive, send)
  File "C:\Users\Phenomenal\AppData\Local\Programs\Python\Python312\Lib\site-packages\starlette\_exception_handler.py", line 64, in wrapped_app
    raise exc
  File "C:\Users\Phenomenal\AppData\Local\Programs\Python\Python312\Lib\site-packages\starlette\_exception_handler.py", line 53, in wrapped_app
    await app(scope, receive, sender)
  File "C:\Users\Phenomenal\AppData\Local\Programs\Python\Python312\Lib\site-packages\starlette\routing.py", line 756, in __call__
    await self.middleware_stack(scope, receive, send)
  File "C:\Users\Phenomenal\AppData\Local\Programs\Python\Python312\Lib\site-packages\starlette\routing.py", line 776, in app
    await route.handle(scope, receive, send)
  File "C:\Users\Phenomenal\AppData\Local\Programs\Python\Python312\Lib\site-packages\starlette\routing.py", line 297, in handle
    await self.app(scope, receive, send)
  File "C:\Users\Phenomenal\AppData\Local\Programs\Python\Python312\Lib\site-packages\starlette\routing.py", line 77, in app
    await wrap_app_handling_exceptions(app, request)(scope, receive, send)
  File "C:\Users\Phenomenal\AppData\Local\Programs\Python\Python312\Lib\site-packages\starlette\_exception_handler.py", line 64, in wrapped_app
    raise exc
  File "C:\Users\Phenomenal\AppData\Local\Programs\Python\Python312\Lib\site-packages\starlette\_exception_handler.py", line 53, in wrapped_app
    await app(scope, receive, sender)
  File "C:\Users\Phenomenal\AppData\Local\Programs\Python\Python312\Lib\site-packages\starlette\routing.py", line 72, in app
    response = await func(request)
               ^^^^^^^^^^^^^^^^^^^
  File "C:\Users\Phenomenal\AppData\Local\Programs\Python\Python312\Lib\site-packages\fastapi\routing.py", line 278, in app
    raw_response = await run_endpoint_function(
                   ^^^^^^^^^^^^^^^^^^^^^^^^^^^^
  File "C:\Users\Phenomenal\AppData\Local\Programs\Python\Python312\Lib\site-packages\fastapi\routing.py", line 193, in run_endpoint_function
    return await run_in_threadpool(dependant.call, **values)
           ^^^^^^^^^^^^^^^^^^^^^^^^^^^^^^^^^^^^^^^^^^^^^^^^^
  File "C:\Users\Phenomenal\AppData\Local\Programs\Python\Python312\Lib\site-packages\starlette\concurrency.py", line 42, in run_in_threadpool
    return await anyio.to_thread.run_sync(func, *args)
           ^^^^^^^^^^^^^^^^^^^^^^^^^^^^^^^^^^^^^^^^^^^
  File "C:\Users\Phenomenal\AppData\Local\Programs\Python\Python312\Lib\site-packages\anyio\to_thread.py", line 63, in run_sync
    return await get_async_backend().run_sync_in_worker_thread(
           ^^^^^^^^^^^^^^^^^^^^^^^^^^^^^^^^^^^^^^^^^^^^^^^^^^^^
  File "C:\Users\Phenomenal\AppData\Local\Programs\Python\Python312\Lib\site-packages\anyio\_backends\_asyncio.py", line 2518, in run_sync_in_worker_thread
    return await future
           ^^^^^^^^^^^^
  File "C:\Users\Phenomenal\AppData\Local\Programs\Python\Python312\Lib\site-packages\anyio\_backends\_asyncio.py", line 1002, in run
    result = context.run(func, *args)
             ^^^^^^^^^^^^^^^^^^^^^^^^
  File "C:\Users\Phenomenal\AppData\Local\Programs\Python\Python312\Lib\site-packages\slowapi\extension.py", line 766, in sync_wrapper
    response = func(*args, **kwargs)
               ^^^^^^^^^^^^^^^^^^^^^
  File "C:\Users\Phenomenal\Desktop\Pickbook\app\admin\routes.py", line 351, in create_announcement
    return _announcement_row(row)
           ^^^^^^^^^^^^^^^^^^^^^^
  File "C:\Users\Phenomenal\Desktop\Pickbook\app\admin\routes.py", line 209, in _announcement_row
    row.publish_at <= _now()
TypeError: can't compare offset-naive and offset-aware datetimes
ERROR:    Exception in ASGI application
  + Exception Group Traceback (most recent call last):
  |   File "C:\Users\Phenomenal\AppData\Local\Programs\Python\Python312\Lib\site-packages\starlette\_utils.py", line 87, in collapse_excgroups
  |     yield
  |   File "C:\Users\Phenomenal\AppData\Local\Programs\Python\Python312\Lib\site-packages\starlette\middleware\base.py", line 190, in __call__
  |     async with anyio.create_task_group() as task_group:
  |   File "C:\Users\Phenomenal\AppData\Local\Programs\Python\Python312\Lib\site-packages\anyio\_backends\_asyncio.py", line 799, in __aexit__
  |     raise BaseExceptionGroup(
  | ExceptionGroup: unhandled errors in a TaskGroup (1 sub-exception)
  +-+---------------- 1 ----------------
    | Traceback (most recent call last):
    |   File "C:\Users\Phenomenal\AppData\Local\Programs\Python\Python312\Lib\site-packages\uvicorn\protocols\http\httptools_impl.py", line 411, in run_asgi
    |     result = await app(  # type: ignore[func-returns-value]
    |              ^^^^^^^^^^^^^^^^^^^^^^^^^^^^^^^^^^^^^^^^^^^^^^
    |   File "C:\Users\Phenomenal\AppData\Local\Programs\Python\Python312\Lib\site-packages\uvicorn\middleware\proxy_headers.py", line 69, in __call__
    |     return await self.app(scope, receive, send)
    |            ^^^^^^^^^^^^^^^^^^^^^^^^^^^^^^^^^^^^
    |   File "C:\Users\Phenomenal\AppData\Local\Programs\Python\Python312\Lib\site-packages\fastapi\applications.py", line 1054, in __call__
    |     await super().__call__(scope, receive, send)
    |   File "C:\Users\Phenomenal\AppData\Local\Programs\Python\Python312\Lib\site-packages\starlette\applications.py", line 123, in __call__
    |     await self.middleware_stack(scope, receive, send)
    |   File "C:\Users\Phenomenal\AppData\Local\Programs\Python\Python312\Lib\site-packages\starlette\middleware\errors.py", line 186, in __call__
    |     raise exc
    |   File "C:\Users\Phenomenal\AppData\Local\Programs\Python\Python312\Lib\site-packages\starlette\middleware\errors.py", line 164, in __call__
    |     await self.app(scope, receive, _send)
    |   File "C:\Users\Phenomenal\AppData\Local\Programs\Python\Python312\Lib\site-packages\starlette\middleware\base.py", line 189, in __call__
    |     with collapse_excgroups():
    |   File "C:\Users\Phenomenal\AppData\Local\Programs\Python\Python312\Lib\contextlib.py", line 155, in __exit__
    |     self.gen.throw(value)
    |   File "C:\Users\Phenomenal\AppData\Local\Programs\Python\Python312\Lib\site-packages\starlette\_utils.py", line 93, in collapse_excgroups
    |     raise exc
    |   File "C:\Users\Phenomenal\AppData\Local\Programs\Python\Python312\Lib\site-packages\starlette\middleware\base.py", line 191, in __call__
    |     response = await self.dispatch_func(request, call_next)
    |                ^^^^^^^^^^^^^^^^^^^^^^^^^^^^^^^^^^^^^^^^^^^^
    |   File "C:\Users\Phenomenal\Desktop\Pickbook\app\main.py", line 94, in security_headers
    |     response = await call_next(request)
    |                ^^^^^^^^^^^^^^^^^^^^^^^^
    |   File "C:\Users\Phenomenal\AppData\Local\Programs\Python\Python312\Lib\site-packages\starlette\middleware\base.py", line 165, in call_next
    |     raise app_exc
    |   File "C:\Users\Phenomenal\AppData\Local\Programs\Python\Python312\Lib\site-packages\starlette\middleware\base.py", line 151, in coro
    |     await self.app(scope, receive_or_disconnect, send_no_error)
    |   File "C:\Users\Phenomenal\AppData\Local\Programs\Python\Python312\Lib\site-packages\starlette\middleware\cors.py", line 85, in __call__
    |     await self.app(scope, receive, send)
    |   File "C:\Users\Phenomenal\AppData\Local\Programs\Python\Python312\Lib\site-packages\starlette\middleware\exceptions.py", line 65, in __call__
    |     await wrap_app_handling_exceptions(self.app, conn)(scope, receive, send)
    |   File "C:\Users\Phenomenal\AppData\Local\Programs\Python\Python312\Lib\site-packages\starlette\_exception_handler.py", line 64, in wrapped_app
    |     raise exc
    |   File "C:\Users\Phenomenal\AppData\Local\Programs\Python\Python312\Lib\site-packages\starlette\_exception_handler.py", line 53, in wrapped_app
    |     await app(scope, receive, sender)
    |   File "C:\Users\Phenomenal\AppData\Local\Programs\Python\Python312\Lib\site-packages\starlette\routing.py", line 756, in __call__
    |     await self.middleware_stack(scope, receive, send)
    |   File "C:\Users\Phenomenal\AppData\Local\Programs\Python\Python312\Lib\site-packages\starlette\routing.py", line 776, in app
    |     await route.handle(scope, receive, send)
    |   File "C:\Users\Phenomenal\AppData\Local\Programs\Python\Python312\Lib\site-packages\starlette\routing.py", line 297, in handle
    |     await self.app(scope, receive, send)
    |   File "C:\Users\Phenomenal\AppData\Local\Programs\Python\Python312\Lib\site-packages\starlette\routing.py", line 77, in app
    |     await wrap_app_handling_exceptions(app, request)(scope, receive, send)
    |   File "C:\Users\Phenomenal\AppData\Local\Programs\Python\Python312\Lib\site-packages\starlette\_exception_handler.py", line 64, in wrapped_app
    |     raise exc
    |   File "C:\Users\Phenomenal\AppData\Local\Programs\Python\Python312\Lib\site-packages\starlette\_exception_handler.py", line 53, in wrapped_app
    |     await app(scope, receive, sender)
    |   File "C:\Users\Phenomenal\AppData\Local\Programs\Python\Python312\Lib\site-packages\starlette\routing.py", line 72, in app
    |     response = await func(request)
    |                ^^^^^^^^^^^^^^^^^^^
    |   File "C:\Users\Phenomenal\AppData\Local\Programs\Python\Python312\Lib\site-packages\fastapi\routing.py", line 278, in app
    |     raw_response = await run_endpoint_function(
    |                    ^^^^^^^^^^^^^^^^^^^^^^^^^^^^
    |   File "C:\Users\Phenomenal\AppData\Local\Programs\Python\Python312\Lib\site-packages\fastapi\routing.py", line 193, in run_endpoint_function
    |     return await run_in_threadpool(dependant.call, **values)
    |            ^^^^^^^^^^^^^^^^^^^^^^^^^^^^^^^^^^^^^^^^^^^^^^^^^
    |   File "C:\Users\Phenomenal\AppData\Local\Programs\Python\Python312\Lib\site-packages\starlette\concurrency.py", line 42, in run_in_threadpool
    |     return await anyio.to_thread.run_sync(func, *args)
    |            ^^^^^^^^^^^^^^^^^^^^^^^^^^^^^^^^^^^^^^^^^^^
    |   File "C:\Users\Phenomenal\AppData\Local\Programs\Python\Python312\Lib\site-packages\anyio\to_thread.py", line 63, in run_sync
    |     return await get_async_backend().run_sync_in_worker_thread(
    |            ^^^^^^^^^^^^^^^^^^^^^^^^^^^^^^^^^^^^^^^^^^^^^^^^^^^^
    |   File "C:\Users\Phenomenal\AppData\Local\Programs\Python\Python312\Lib\site-packages\anyio\_backends\_asyncio.py", line 2518, in run_sync_in_worker_thread
    |     return await future
    |            ^^^^^^^^^^^^
    |   File "C:\Users\Phenomenal\AppData\Local\Programs\Python\Python312\Lib\site-packages\anyio\_backends\_asyncio.py", line 1002, in run
    |     result = context.run(func, *args)
    |              ^^^^^^^^^^^^^^^^^^^^^^^^
    |   File "C:\Users\Phenomenal\AppData\Local\Programs\Python\Python312\Lib\site-packages\slowapi\extension.py", line 766, in sync_wrapper
    |     response = func(*args, **kwargs)
    |                ^^^^^^^^^^^^^^^^^^^^^
    |   File "C:\Users\Phenomenal\Desktop\Pickbook\app\admin\routes.py", line 340, in list_admin_announcements
    |     return [_announcement_row(row) for row in rows]
    |             ^^^^^^^^^^^^^^^^^^^^^^
    |   File "C:\Users\Phenomenal\Desktop\Pickbook\app\admin\routes.py", line 209, in _announcement_row
    |     row.publish_at <= _now()
    | TypeError: can't compare offset-naive and offset-aware datetimes
    +------------------------------------

During handling of the above exception, another exception occurred:

Traceback (most recent call last):
  File "C:\Users\Phenomenal\AppData\Local\Programs\Python\Python312\Lib\site-packages\uvicorn\protocols\http\httptools_impl.py", line 411, in run_asgi
    result = await app(  # type: ignore[func-returns-value]
             ^^^^^^^^^^^^^^^^^^^^^^^^^^^^^^^^^^^^^^^^^^^^^^
  File "C:\Users\Phenomenal\AppData\Local\Programs\Python\Python312\Lib\site-packages\uvicorn\middleware\proxy_headers.py", line 69, in __call__
    return await self.app(scope, receive, send)
           ^^^^^^^^^^^^^^^^^^^^^^^^^^^^^^^^^^^^
  File "C:\Users\Phenomenal\AppData\Local\Programs\Python\Python312\Lib\site-packages\fastapi\applications.py", line 1054, in __call__
    await super().__call__(scope, receive, send)
  File "C:\Users\Phenomenal\AppData\Local\Programs\Python\Python312\Lib\site-packages\starlette\applications.py", line 123, in __call__
    await self.middleware_stack(scope, receive, send)
  File "C:\Users\Phenomenal\AppData\Local\Programs\Python\Python312\Lib\site-packages\starlette\middleware\errors.py", line 186, in __call__
    raise exc
  File "C:\Users\Phenomenal\AppData\Local\Programs\Python\Python312\Lib\site-packages\starlette\middleware\errors.py", line 164, in __call__
    await self.app(scope, receive, _send)
  File "C:\Users\Phenomenal\AppData\Local\Programs\Python\Python312\Lib\site-packages\starlette\middleware\base.py", line 189, in __call__
    with collapse_excgroups():
  File "C:\Users\Phenomenal\AppData\Local\Programs\Python\Python312\Lib\contextlib.py", line 155, in __exit__
    self.gen.throw(value)
  File "C:\Users\Phenomenal\AppData\Local\Programs\Python\Python312\Lib\site-packages\starlette\_utils.py", line 93, in collapse_excgroups
    raise exc
  File "C:\Users\Phenomenal\AppData\Local\Programs\Python\Python312\Lib\site-packages\starlette\middleware\base.py", line 191, in __call__
    response = await self.dispatch_func(request, call_next)
               ^^^^^^^^^^^^^^^^^^^^^^^^^^^^^^^^^^^^^^^^^^^^
  File "C:\Users\Phenomenal\Desktop\Pickbook\app\main.py", line 94, in security_headers
    response = await call_next(request)
               ^^^^^^^^^^^^^^^^^^^^^^^^
  File "C:\Users\Phenomenal\AppData\Local\Programs\Python\Python312\Lib\site-packages\starlette\middleware\base.py", line 165, in call_next
    raise app_exc
  File "C:\Users\Phenomenal\AppData\Local\Programs\Python\Python312\Lib\site-packages\starlette\middleware\base.py", line 151, in coro
    await self.app(scope, receive_or_disconnect, send_no_error)
  File "C:\Users\Phenomenal\AppData\Local\Programs\Python\Python312\Lib\site-packages\starlette\middleware\cors.py", line 85, in __call__
    await self.app(scope, receive, send)
  File "C:\Users\Phenomenal\AppData\Local\Programs\Python\Python312\Lib\site-packages\starlette\middleware\exceptions.py", line 65, in __call__
    await wrap_app_handling_exceptions(self.app, conn)(scope, receive, send)
  File "C:\Users\Phenomenal\AppData\Local\Programs\Python\Python312\Lib\site-packages\starlette\_exception_handler.py", line 64, in wrapped_app
    raise exc
  File "C:\Users\Phenomenal\AppData\Local\Programs\Python\Python312\Lib\site-packages\starlette\_exception_handler.py", line 53, in wrapped_app
    await app(scope, receive, sender)
  File "C:\Users\Phenomenal\AppData\Local\Programs\Python\Python312\Lib\site-packages\starlette\routing.py", line 756, in __call__
    await self.middleware_stack(scope, receive, send)
  File "C:\Users\Phenomenal\AppData\Local\Programs\Python\Python312\Lib\site-packages\starlette\routing.py", line 776, in app
    await route.handle(scope, receive, send)
  File "C:\Users\Phenomenal\AppData\Local\Programs\Python\Python312\Lib\site-packages\starlette\routing.py", line 297, in handle
    await self.app(scope, receive, send)
  File "C:\Users\Phenomenal\AppData\Local\Programs\Python\Python312\Lib\site-packages\starlette\routing.py", line 77, in app
    await wrap_app_handling_exceptions(app, request)(scope, receive, send)
  File "C:\Users\Phenomenal\AppData\Local\Programs\Python\Python312\Lib\site-packages\starlette\_exception_handler.py", line 64, in wrapped_app
    raise exc
  File "C:\Users\Phenomenal\AppData\Local\Programs\Python\Python312\Lib\site-packages\starlette\_exception_handler.py", line 53, in wrapped_app
    await app(scope, receive, sender)
  File "C:\Users\Phenomenal\AppData\Local\Programs\Python\Python312\Lib\site-packages\starlette\routing.py", line 72, in app
    response = await func(request)
               ^^^^^^^^^^^^^^^^^^^
  File "C:\Users\Phenomenal\AppData\Local\Programs\Python\Python312\Lib\site-packages\fastapi\routing.py", line 278, in app
    raw_response = await run_endpoint_function(
                   ^^^^^^^^^^^^^^^^^^^^^^^^^^^^
  File "C:\Users\Phenomenal\AppData\Local\Programs\Python\Python312\Lib\site-packages\fastapi\routing.py", line 193, in run_endpoint_function
    return await run_in_threadpool(dependant.call, **values)
           ^^^^^^^^^^^^^^^^^^^^^^^^^^^^^^^^^^^^^^^^^^^^^^^^^
  File "C:\Users\Phenomenal\AppData\Local\Programs\Python\Python312\Lib\site-packages\starlette\concurrency.py", line 42, in run_in_threadpool
    return await anyio.to_thread.run_sync(func, *args)
           ^^^^^^^^^^^^^^^^^^^^^^^^^^^^^^^^^^^^^^^^^^^
  File "C:\Users\Phenomenal\AppData\Local\Programs\Python\Python312\Lib\site-packages\anyio\to_thread.py", line 63, in run_sync
    return await get_async_backend().run_sync_in_worker_thread(
           ^^^^^^^^^^^^^^^^^^^^^^^^^^^^^^^^^^^^^^^^^^^^^^^^^^^^
  File "C:\Users\Phenomenal\AppData\Local\Programs\Python\Python312\Lib\site-packages\anyio\_backends\_asyncio.py", line 2518, in run_sync_in_worker_thread
    return await future
           ^^^^^^^^^^^^
  File "C:\Users\Phenomenal\AppData\Local\Programs\Python\Python312\Lib\site-packages\anyio\_backends\_asyncio.py", line 1002, in run
    result = context.run(func, *args)
             ^^^^^^^^^^^^^^^^^^^^^^^^
  File "C:\Users\Phenomenal\AppData\Local\Programs\Python\Python312\Lib\site-packages\slowapi\extension.py", line 766, in sync_wrapper
    response = func(*args, **kwargs)
               ^^^^^^^^^^^^^^^^^^^^^
  File "C:\Users\Phenomenal\Desktop\Pickbook\app\admin\routes.py", line 340, in list_admin_announcements
    return [_announcement_row(row) for row in rows]
            ^^^^^^^^^^^^^^^^^^^^^^
  File "C:\Users\Phenomenal\Desktop\Pickbook\app\admin\routes.py", line 209, in _announcement_row
    row.publish_at <= _now()
TypeError: can't compare offset-naive and offset-aware datetimes
ERROR:    Exception in ASGI application
  + Exception Group Traceback (most recent call last):
  |   File "C:\Users\Phenomenal\AppData\Local\Programs\Python\Python312\Lib\site-packages\starlette\_utils.py", line 87, in collapse_excgroups
  |     yield
  |   File "C:\Users\Phenomenal\AppData\Local\Programs\Python\Python312\Lib\site-packages\starlette\middleware\base.py", line 190, in __call__
  |     async with anyio.create_task_group() as task_group:
  |   File "C:\Users\Phenomenal\AppData\Local\Programs\Python\Python312\Lib\site-packages\anyio\_backends\_asyncio.py", line 799, in __aexit__
  |     raise BaseExceptionGroup(
  | ExceptionGroup: unhandled errors in a TaskGroup (1 sub-exception)
  +-+---------------- 1 ----------------
    | Traceback (most recent call last):
    |   File "C:\Users\Phenomenal\AppData\Local\Programs\Python\Python312\Lib\site-packages\uvicorn\protocols\http\httptools_impl.py", line 411, in run_asgi
    |     result = await app(  # type: ignore[func-returns-value]
    |              ^^^^^^^^^^^^^^^^^^^^^^^^^^^^^^^^^^^^^^^^^^^^^^
    |   File "C:\Users\Phenomenal\AppData\Local\Programs\Python\Python312\Lib\site-packages\uvicorn\middleware\proxy_headers.py", line 69, in __call__
    |     return await self.app(scope, receive, send)
    |            ^^^^^^^^^^^^^^^^^^^^^^^^^^^^^^^^^^^^
    |   File "C:\Users\Phenomenal\AppData\Local\Programs\Python\Python312\Lib\site-packages\fastapi\applications.py", line 1054, in __call__
    |     await super().__call__(scope, receive, send)
    |   File "C:\Users\Phenomenal\AppData\Local\Programs\Python\Python312\Lib\site-packages\starlette\applications.py", line 123, in __call__
    |     await self.middleware_stack(scope, receive, send)
    |   File "C:\Users\Phenomenal\AppData\Local\Programs\Python\Python312\Lib\site-packages\starlette\middleware\errors.py", line 186, in __call__
    |     raise exc
    |   File "C:\Users\Phenomenal\AppData\Local\Programs\Python\Python312\Lib\site-packages\starlette\middleware\errors.py", line 164, in __call__
    |     await self.app(scope, receive, _send)
    |   File "C:\Users\Phenomenal\AppData\Local\Programs\Python\Python312\Lib\site-packages\starlette\middleware\base.py", line 189, in __call__
    |     with collapse_excgroups():
    |   File "C:\Users\Phenomenal\AppData\Local\Programs\Python\Python312\Lib\contextlib.py", line 155, in __exit__
    |     self.gen.throw(value)
    |   File "C:\Users\Phenomenal\AppData\Local\Programs\Python\Python312\Lib\site-packages\starlette\_utils.py", line 93, in collapse_excgroups
    |     raise exc
    |   File "C:\Users\Phenomenal\AppData\Local\Programs\Python\Python312\Lib\site-packages\starlette\middleware\base.py", line 191, in __call__
    |     response = await self.dispatch_func(request, call_next)
    |                ^^^^^^^^^^^^^^^^^^^^^^^^^^^^^^^^^^^^^^^^^^^^
    |   File "C:\Users\Phenomenal\Desktop\Pickbook\app\main.py", line 94, in security_headers
    |     response = await call_next(request)
    |                ^^^^^^^^^^^^^^^^^^^^^^^^
    |   File "C:\Users\Phenomenal\AppData\Local\Programs\Python\Python312\Lib\site-packages\starlette\middleware\base.py", line 165, in call_next
    |     raise app_exc
    |   File "C:\Users\Phenomenal\AppData\Local\Programs\Python\Python312\Lib\site-packages\starlette\middleware\base.py", line 151, in coro
    |     await self.app(scope, receive_or_disconnect, send_no_error)
    |   File "C:\Users\Phenomenal\AppData\Local\Programs\Python\Python312\Lib\site-packages\starlette\middleware\cors.py", line 85, in __call__
    |     await self.app(scope, receive, send)
    |   File "C:\Users\Phenomenal\AppData\Local\Programs\Python\Python312\Lib\site-packages\starlette\middleware\exceptions.py", line 65, in __call__
    |     await wrap_app_handling_exceptions(self.app, conn)(scope, receive, send)
    |   File "C:\Users\Phenomenal\AppData\Local\Programs\Python\Python312\Lib\site-packages\starlette\_exception_handler.py", line 64, in wrapped_app
    |     raise exc
    |   File "C:\Users\Phenomenal\AppData\Local\Programs\Python\Python312\Lib\site-packages\starlette\_exception_handler.py", line 53, in wrapped_app
    |     await app(scope, receive, sender)
    |   File "C:\Users\Phenomenal\AppData\Local\Programs\Python\Python312\Lib\site-packages\starlette\routing.py", line 756, in __call__
    |     await self.middleware_stack(scope, receive, send)
    |   File "C:\Users\Phenomenal\AppData\Local\Programs\Python\Python312\Lib\site-packages\starlette\routing.py", line 776, in app
    |     await route.handle(scope, receive, send)
    |   File "C:\Users\Phenomenal\AppData\Local\Programs\Python\Python312\Lib\site-packages\starlette\routing.py", line 297, in handle
    |     await self.app(scope, receive, send)
    |   File "C:\Users\Phenomenal\AppData\Local\Programs\Python\Python312\Lib\site-packages\starlette\routing.py", line 77, in app
    |     await wrap_app_handling_exceptions(app, request)(scope, receive, send)
    |   File "C:\Users\Phenomenal\AppData\Local\Programs\Python\Python312\Lib\site-packages\starlette\_exception_handler.py", line 64, in wrapped_app
    |     raise exc
    |   File "C:\Users\Phenomenal\AppData\Local\Programs\Python\Python312\Lib\site-packages\starlette\_exception_handler.py", line 53, in wrapped_app
    |     await app(scope, receive, sender)
    |   File "C:\Users\Phenomenal\AppData\Local\Programs\Python\Python312\Lib\site-packages\starlette\routing.py", line 72, in app
    |     response = await func(request)
    |                ^^^^^^^^^^^^^^^^^^^
    |   File "C:\Users\Phenomenal\AppData\Local\Programs\Python\Python312\Lib\site-packages\fastapi\routing.py", line 278, in app
    |     raw_response = await run_endpoint_function(
    |                    ^^^^^^^^^^^^^^^^^^^^^^^^^^^^
    |   File "C:\Users\Phenomenal\AppData\Local\Programs\Python\Python312\Lib\site-packages\fastapi\routing.py", line 193, in run_endpoint_function
    |     return await run_in_threadpool(dependant.call, **values)
    |            ^^^^^^^^^^^^^^^^^^^^^^^^^^^^^^^^^^^^^^^^^^^^^^^^^
    |   File "C:\Users\Phenomenal\AppData\Local\Programs\Python\Python312\Lib\site-packages\starlette\concurrency.py", line 42, in run_in_threadpool
    |     return await anyio.to_thread.run_sync(func, *args)
    |            ^^^^^^^^^^^^^^^^^^^^^^^^^^^^^^^^^^^^^^^^^^^
    |   File "C:\Users\Phenomenal\AppData\Local\Programs\Python\Python312\Lib\site-packages\anyio\to_thread.py", line 63, in run_sync
    |     return await get_async_backend().run_sync_in_worker_thread(
    |            ^^^^^^^^^^^^^^^^^^^^^^^^^^^^^^^^^^^^^^^^^^^^^^^^^^^^
    |   File "C:\Users\Phenomenal\AppData\Local\Programs\Python\Python312\Lib\site-packages\anyio\_backends\_asyncio.py", line 2518, in run_sync_in_worker_thread
    |     return await future
    |            ^^^^^^^^^^^^
    |   File "C:\Users\Phenomenal\AppData\Local\Programs\Python\Python312\Lib\site-packages\anyio\_backends\_asyncio.py", line 1002, in run
    |     result = context.run(func, *args)
    |              ^^^^^^^^^^^^^^^^^^^^^^^^
    |   File "C:\Users\Phenomenal\AppData\Local\Programs\Python\Python312\Lib\site-packages\slowapi\extension.py", line 766, in sync_wrapper
    |     response = func(*args, **kwargs)
    |                ^^^^^^^^^^^^^^^^^^^^^
    |   File "C:\Users\Phenomenal\Desktop\Pickbook\app\admin\routes.py", line 340, in list_admin_announcements
    |     return [_announcement_row(row) for row in rows]
    |             ^^^^^^^^^^^^^^^^^^^^^^
    |   File "C:\Users\Phenomenal\Desktop\Pickbook\app\admin\routes.py", line 209, in _announcement_row
    |     row.publish_at <= _now()
    | TypeError: can't compare offset-naive and offset-aware datetimes
    +------------------------------------

During handling of the above exception, another exception occurred:

Traceback (most recent call last):
  File "C:\Users\Phenomenal\AppData\Local\Programs\Python\Python312\Lib\site-packages\uvicorn\protocols\http\httptools_impl.py", line 411, in run_asgi
    result = await app(  # type: ignore[func-returns-value]
             ^^^^^^^^^^^^^^^^^^^^^^^^^^^^^^^^^^^^^^^^^^^^^^
  File "C:\Users\Phenomenal\AppData\Local\Programs\Python\Python312\Lib\site-packages\uvicorn\middleware\proxy_headers.py", line 69, in __call__
    return await self.app(scope, receive, send)
           ^^^^^^^^^^^^^^^^^^^^^^^^^^^^^^^^^^^^
  File "C:\Users\Phenomenal\AppData\Local\Programs\Python\Python312\Lib\site-packages\fastapi\applications.py", line 1054, in __call__
    await super().__call__(scope, receive, send)
  File "C:\Users\Phenomenal\AppData\Local\Programs\Python\Python312\Lib\site-packages\starlette\applications.py", line 123, in __call__
    await self.middleware_stack(scope, receive, send)
  File "C:\Users\Phenomenal\AppData\Local\Programs\Python\Python312\Lib\site-packages\starlette\middleware\errors.py", line 186, in __call__
    raise exc
  File "C:\Users\Phenomenal\AppData\Local\Programs\Python\Python312\Lib\site-packages\starlette\middleware\errors.py", line 164, in __call__
    await self.app(scope, receive, _send)
  File "C:\Users\Phenomenal\AppData\Local\Programs\Python\Python312\Lib\site-packages\starlette\middleware\base.py", line 189, in __call__
    with collapse_excgroups():
  File "C:\Users\Phenomenal\AppData\Local\Programs\Python\Python312\Lib\contextlib.py", line 155, in __exit__
    self.gen.throw(value)
  File "C:\Users\Phenomenal\AppData\Local\Programs\Python\Python312\Lib\site-packages\starlette\_utils.py", line 93, in collapse_excgroups
    raise exc
  File "C:\Users\Phenomenal\AppData\Local\Programs\Python\Python312\Lib\site-packages\starlette\middleware\base.py", line 191, in __call__
    response = await self.dispatch_func(request, call_next)
               ^^^^^^^^^^^^^^^^^^^^^^^^^^^^^^^^^^^^^^^^^^^^
  File "C:\Users\Phenomenal\Desktop\Pickbook\app\main.py", line 94, in security_headers
    response = await call_next(request)
               ^^^^^^^^^^^^^^^^^^^^^^^^
  File "C:\Users\Phenomenal\AppData\Local\Programs\Python\Python312\Lib\site-packages\starlette\middleware\base.py", line 165, in call_next
    raise app_exc
  File "C:\Users\Phenomenal\AppData\Local\Programs\Python\Python312\Lib\site-packages\starlette\middleware\base.py", line 151, in coro
    await self.app(scope, receive_or_disconnect, send_no_error)
  File "C:\Users\Phenomenal\AppData\Local\Programs\Python\Python312\Lib\site-packages\starlette\middleware\cors.py", line 85, in __call__
    await self.app(scope, receive, send)
  File "C:\Users\Phenomenal\AppData\Local\Programs\Python\Python312\Lib\site-packages\starlette\middleware\exceptions.py", line 65, in __call__
    await wrap_app_handling_exceptions(self.app, conn)(scope, receive, send)
  File "C:\Users\Phenomenal\AppData\Local\Programs\Python\Python312\Lib\site-packages\starlette\_exception_handler.py", line 64, in wrapped_app
    raise exc
  File "C:\Users\Phenomenal\AppData\Local\Programs\Python\Python312\Lib\site-packages\starlette\_exception_handler.py", line 53, in wrapped_app
    await app(scope, receive, sender)
  File "C:\Users\Phenomenal\AppData\Local\Programs\Python\Python312\Lib\site-packages\starlette\routing.py", line 756, in __call__
    await self.middleware_stack(scope, receive, send)
  File "C:\Users\Phenomenal\AppData\Local\Programs\Python\Python312\Lib\site-packages\starlette\routing.py", line 776, in app
    await route.handle(scope, receive, send)
  File "C:\Users\Phenomenal\AppData\Local\Programs\Python\Python312\Lib\site-packages\starlette\routing.py", line 297, in handle
    await self.app(scope, receive, send)
  File "C:\Users\Phenomenal\AppData\Local\Programs\Python\Python312\Lib\site-packages\starlette\routing.py", line 77, in app
    await wrap_app_handling_exceptions(app, request)(scope, receive, send)
  File "C:\Users\Phenomenal\AppData\Local\Programs\Python\Python312\Lib\site-packages\starlette\_exception_handler.py", line 64, in wrapped_app
    raise exc
  File "C:\Users\Phenomenal\AppData\Local\Programs\Python\Python312\Lib\site-packages\starlette\_exception_handler.py", line 53, in wrapped_app
    await app(scope, receive, sender)
  File "C:\Users\Phenomenal\AppData\Local\Programs\Python\Python312\Lib\site-packages\starlette\routing.py", line 72, in app
    response = await func(request)
               ^^^^^^^^^^^^^^^^^^^
  File "C:\Users\Phenomenal\AppData\Local\Programs\Python\Python312\Lib\site-packages\fastapi\routing.py", line 278, in app
    raw_response = await run_endpoint_function(
                   ^^^^^^^^^^^^^^^^^^^^^^^^^^^^
  File "C:\Users\Phenomenal\AppData\Local\Programs\Python\Python312\Lib\site-packages\fastapi\routing.py", line 193, in run_endpoint_function
    return await run_in_threadpool(dependant.call, **values)
           ^^^^^^^^^^^^^^^^^^^^^^^^^^^^^^^^^^^^^^^^^^^^^^^^^
  File "C:\Users\Phenomenal\AppData\Local\Programs\Python\Python312\Lib\site-packages\starlette\concurrency.py", line 42, in run_in_threadpool
    return await anyio.to_thread.run_sync(func, *args)
           ^^^^^^^^^^^^^^^^^^^^^^^^^^^^^^^^^^^^^^^^^^^
  File "C:\Users\Phenomenal\AppData\Local\Programs\Python\Python312\Lib\site-packages\anyio\to_thread.py", line 63, in run_sync
    return await get_async_backend().run_sync_in_worker_thread(
           ^^^^^^^^^^^^^^^^^^^^^^^^^^^^^^^^^^^^^^^^^^^^^^^^^^^^
  File "C:\Users\Phenomenal\AppData\Local\Programs\Python\Python312\Lib\site-packages\anyio\_backends\_asyncio.py", line 2518, in run_sync_in_worker_thread
    return await future
           ^^^^^^^^^^^^
  File "C:\Users\Phenomenal\AppData\Local\Programs\Python\Python312\Lib\site-packages\anyio\_backends\_asyncio.py", line 1002, in run
    result = context.run(func, *args)
             ^^^^^^^^^^^^^^^^^^^^^^^^
  File "C:\Users\Phenomenal\AppData\Local\Programs\Python\Python312\Lib\site-packages\slowapi\extension.py", line 766, in sync_wrapper
    response = func(*args, **kwargs)
               ^^^^^^^^^^^^^^^^^^^^^
  File "C:\Users\Phenomenal\Desktop\Pickbook\app\admin\routes.py", line 340, in list_admin_announcements
    return [_announcement_row(row) for row in rows]
            ^^^^^^^^^^^^^^^^^^^^^^
  File "C:\Users\Phenomenal\Desktop\Pickbook\app\admin\routes.py", line 209, in _announcement_row
    row.publish_at <= _now()
TypeError: can't compare offset-naive and offset-aware datetimes
ERROR:    Exception in ASGI application
  + Exception Group Traceback (most recent call last):
  |   File "C:\Users\Phenomenal\AppData\Local\Programs\Python\Python312\Lib\site-packages\starlette\_utils.py", line 87, in collapse_excgroups
  |     yield
  |   File "C:\Users\Phenomenal\AppData\Local\Programs\Python\Python312\Lib\site-packages\starlette\middleware\base.py", line 190, in __call__
  |     async with anyio.create_task_group() as task_group:
  |   File "C:\Users\Phenomenal\AppData\Local\Programs\Python\Python312\Lib\site-packages\anyio\_backends\_asyncio.py", line 799, in __aexit__
  |     raise BaseExceptionGroup(
  | ExceptionGroup: unhandled errors in a TaskGroup (1 sub-exception)
  +-+---------------- 1 ----------------
    | Traceback (most recent call last):
    |   File "C:\Users\Phenomenal\AppData\Local\Programs\Python\Python312\Lib\site-packages\uvicorn\protocols\http\httptools_impl.py", line 411, in run_asgi
    |     result = await app(  # type: ignore[func-returns-value]
    |              ^^^^^^^^^^^^^^^^^^^^^^^^^^^^^^^^^^^^^^^^^^^^^^
    |   File "C:\Users\Phenomenal\AppData\Local\Programs\Python\Python312\Lib\site-packages\uvicorn\middleware\proxy_headers.py", line 69, in __call__
    |     return await self.app(scope, receive, send)
    |            ^^^^^^^^^^^^^^^^^^^^^^^^^^^^^^^^^^^^
    |   File "C:\Users\Phenomenal\AppData\Local\Programs\Python\Python312\Lib\site-packages\fastapi\applications.py", line 1054, in __call__
    |     await super().__call__(scope, receive, send)
    |   File "C:\Users\Phenomenal\AppData\Local\Programs\Python\Python312\Lib\site-packages\starlette\applications.py", line 123, in __call__
    |     await self.middleware_stack(scope, receive, send)
    |   File "C:\Users\Phenomenal\AppData\Local\Programs\Python\Python312\Lib\site-packages\starlette\middleware\errors.py", line 186, in __call__
    |     raise exc
    |   File "C:\Users\Phenomenal\AppData\Local\Programs\Python\Python312\Lib\site-packages\starlette\middleware\errors.py", line 164, in __call__
    |     await self.app(scope, receive, _send)
    |   File "C:\Users\Phenomenal\AppData\Local\Programs\Python\Python312\Lib\site-packages\starlette\middleware\base.py", line 189, in __call__
    |     with collapse_excgroups():
    |   File "C:\Users\Phenomenal\AppData\Local\Programs\Python\Python312\Lib\contextlib.py", line 155, in __exit__
    |     self.gen.throw(value)
    |   File "C:\Users\Phenomenal\AppData\Local\Programs\Python\Python312\Lib\site-packages\starlette\_utils.py", line 93, in collapse_excgroups
    |     raise exc
    |   File "C:\Users\Phenomenal\AppData\Local\Programs\Python\Python312\Lib\site-packages\starlette\middleware\base.py", line 191, in __call__
    |     response = await self.dispatch_func(request, call_next)
    |                ^^^^^^^^^^^^^^^^^^^^^^^^^^^^^^^^^^^^^^^^^^^^
    |   File "C:\Users\Phenomenal\Desktop\Pickbook\app\main.py", line 94, in security_headers
    |     response = await call_next(request)
    |                ^^^^^^^^^^^^^^^^^^^^^^^^
    |   File "C:\Users\Phenomenal\AppData\Local\Programs\Python\Python312\Lib\site-packages\starlette\middleware\base.py", line 165, in call_next
    |     raise app_exc
    |   File "C:\Users\Phenomenal\AppData\Local\Programs\Python\Python312\Lib\site-packages\starlette\middleware\base.py", line 151, in coro
    |     await self.app(scope, receive_or_disconnect, send_no_error)
    |   File "C:\Users\Phenomenal\AppData\Local\Programs\Python\Python312\Lib\site-packages\starlette\middleware\cors.py", line 93, in __call__
    |     await self.simple_response(scope, receive, send, request_headers=headers)
    |   File "C:\Users\Phenomenal\AppData\Local\Programs\Python\Python312\Lib\site-packages\starlette\middleware\cors.py", line 148, in simple_response
    |     await self.app(scope, receive, send)
    |   File "C:\Users\Phenomenal\AppData\Local\Programs\Python\Python312\Lib\site-packages\starlette\middleware\exceptions.py", line 65, in __call__
    |     await wrap_app_handling_exceptions(self.app, conn)(scope, receive, send)
    |   File "C:\Users\Phenomenal\AppData\Local\Programs\Python\Python312\Lib\site-packages\starlette\_exception_handler.py", line 64, in wrapped_app
    |     raise exc
    |   File "C:\Users\Phenomenal\AppData\Local\Programs\Python\Python312\Lib\site-packages\starlette\_exception_handler.py", line 53, in wrapped_app
    |     await app(scope, receive, sender)
    |   File "C:\Users\Phenomenal\AppData\Local\Programs\Python\Python312\Lib\site-packages\starlette\routing.py", line 756, in __call__
    |     await self.middleware_stack(scope, receive, send)
    |   File "C:\Users\Phenomenal\AppData\Local\Programs\Python\Python312\Lib\site-packages\starlette\routing.py", line 776, in app
    |     await route.handle(scope, receive, send)
    |   File "C:\Users\Phenomenal\AppData\Local\Programs\Python\Python312\Lib\site-packages\starlette\routing.py", line 297, in handle
    |     await self.app(scope, receive, send)
    |   File "C:\Users\Phenomenal\AppData\Local\Programs\Python\Python312\Lib\site-packages\starlette\routing.py", line 77, in app
    |     await wrap_app_handling_exceptions(app, request)(scope, receive, send)
    |   File "C:\Users\Phenomenal\AppData\Local\Programs\Python\Python312\Lib\site-packages\starlette\_exception_handler.py", line 64, in wrapped_app
    |     raise exc
    |   File "C:\Users\Phenomenal\AppData\Local\Programs\Python\Python312\Lib\site-packages\starlette\_exception_handler.py", line 53, in wrapped_app
    |     await app(scope, receive, sender)
    |   File "C:\Users\Phenomenal\AppData\Local\Programs\Python\Python312\Lib\site-packages\starlette\routing.py", line 72, in app
    |     response = await func(request)
    |                ^^^^^^^^^^^^^^^^^^^
    |   File "C:\Users\Phenomenal\AppData\Local\Programs\Python\Python312\Lib\site-packages\fastapi\routing.py", line 278, in app
    |     raw_response = await run_endpoint_function(
    |                    ^^^^^^^^^^^^^^^^^^^^^^^^^^^^
    |   File "C:\Users\Phenomenal\AppData\Local\Programs\Python\Python312\Lib\site-packages\fastapi\routing.py", line 193, in run_endpoint_function
    |     return await run_in_threadpool(dependant.call, **values)
    |            ^^^^^^^^^^^^^^^^^^^^^^^^^^^^^^^^^^^^^^^^^^^^^^^^^
    |   File "C:\Users\Phenomenal\AppData\Local\Programs\Python\Python312\Lib\site-packages\starlette\concurrency.py", line 42, in run_in_threadpool
    |     return await anyio.to_thread.run_sync(func, *args)
    |            ^^^^^^^^^^^^^^^^^^^^^^^^^^^^^^^^^^^^^^^^^^^
    |   File "C:\Users\Phenomenal\AppData\Local\Programs\Python\Python312\Lib\site-packages\anyio\to_thread.py", line 63, in run_sync
    |     return await get_async_backend().run_sync_in_worker_thread(
    |            ^^^^^^^^^^^^^^^^^^^^^^^^^^^^^^^^^^^^^^^^^^^^^^^^^^^^
    |   File "C:\Users\Phenomenal\AppData\Local\Programs\Python\Python312\Lib\site-packages\anyio\_backends\_asyncio.py", line 2518, in run_sync_in_worker_thread
    |     return await future
    |            ^^^^^^^^^^^^
    |   File "C:\Users\Phenomenal\AppData\Local\Programs\Python\Python312\Lib\site-packages\anyio\_backends\_asyncio.py", line 1002, in run
    |     result = context.run(func, *args)
    |              ^^^^^^^^^^^^^^^^^^^^^^^^
    |   File "C:\Users\Phenomenal\AppData\Local\Programs\Python\Python312\Lib\site-packages\slowapi\extension.py", line 766, in sync_wrapper
    |     response = func(*args, **kwargs)
    |                ^^^^^^^^^^^^^^^^^^^^^
    |   File "C:\Users\Phenomenal\Desktop\Pickbook\app\admin\routes.py", line 351, in create_announcement
    |     return _announcement_row(row)
    |            ^^^^^^^^^^^^^^^^^^^^^^
    |   File "C:\Users\Phenomenal\Desktop\Pickbook\app\admin\routes.py", line 209, in _announcement_row
    |     row.publish_at <= _now()
    | TypeError: can't compare offset-naive and offset-aware datetimes
    +------------------------------------

During handling of the above exception, another exception occurred:

Traceback (most recent call last):
  File "C:\Users\Phenomenal\AppData\Local\Programs\Python\Python312\Lib\site-packages\uvicorn\protocols\http\httptools_impl.py", line 411, in run_asgi
    result = await app(  # type: ignore[func-returns-value]
             ^^^^^^^^^^^^^^^^^^^^^^^^^^^^^^^^^^^^^^^^^^^^^^
  File "C:\Users\Phenomenal\AppData\Local\Programs\Python\Python312\Lib\site-packages\uvicorn\middleware\proxy_headers.py", line 69, in __call__
    return await self.app(scope, receive, send)
           ^^^^^^^^^^^^^^^^^^^^^^^^^^^^^^^^^^^^
  File "C:\Users\Phenomenal\AppData\Local\Programs\Python\Python312\Lib\site-packages\fastapi\applications.py", line 1054, in __call__
    await super().__call__(scope, receive, send)
  File "C:\Users\Phenomenal\AppData\Local\Programs\Python\Python312\Lib\site-packages\starlette\applications.py", line 123, in __call__
    await self.middleware_stack(scope, receive, send)
  File "C:\Users\Phenomenal\AppData\Local\Programs\Python\Python312\Lib\site-packages\starlette\middleware\errors.py", line 186, in __call__
    raise exc
  File "C:\Users\Phenomenal\AppData\Local\Programs\Python\Python312\Lib\site-packages\starlette\middleware\errors.py", line 164, in __call__
    await self.app(scope, receive, _send)
  File "C:\Users\Phenomenal\AppData\Local\Programs\Python\Python312\Lib\site-packages\starlette\middleware\base.py", line 189, in __call__
    with collapse_excgroups():
  File "C:\Users\Phenomenal\AppData\Local\Programs\Python\Python312\Lib\contextlib.py", line 155, in __exit__
    self.gen.throw(value)
  File "C:\Users\Phenomenal\AppData\Local\Programs\Python\Python312\Lib\site-packages\starlette\_utils.py", line 93, in collapse_excgroups
    raise exc
  File "C:\Users\Phenomenal\AppData\Local\Programs\Python\Python312\Lib\site-packages\starlette\middleware\base.py", line 191, in __call__
    response = await self.dispatch_func(request, call_next)
               ^^^^^^^^^^^^^^^^^^^^^^^^^^^^^^^^^^^^^^^^^^^^
  File "C:\Users\Phenomenal\Desktop\Pickbook\app\main.py", line 94, in security_headers
    response = await call_next(request)
               ^^^^^^^^^^^^^^^^^^^^^^^^
  File "C:\Users\Phenomenal\AppData\Local\Programs\Python\Python312\Lib\site-packages\starlette\middleware\base.py", line 165, in call_next
    raise app_exc
  File "C:\Users\Phenomenal\AppData\Local\Programs\Python\Python312\Lib\site-packages\starlette\middleware\base.py", line 151, in coro
    await self.app(scope, receive_or_disconnect, send_no_error)
  File "C:\Users\Phenomenal\AppData\Local\Programs\Python\Python312\Lib\site-packages\starlette\middleware\cors.py", line 93, in __call__
    await self.simple_response(scope, receive, send, request_headers=headers)
  File "C:\Users\Phenomenal\AppData\Local\Programs\Python\Python312\Lib\site-packages\starlette\middleware\cors.py", line 148, in simple_response
    await self.app(scope, receive, send)
  File "C:\Users\Phenomenal\AppData\Local\Programs\Python\Python312\Lib\site-packages\starlette\middleware\exceptions.py", line 65, in __call__
    await wrap_app_handling_exceptions(self.app, conn)(scope, receive, send)
  File "C:\Users\Phenomenal\AppData\Local\Programs\Python\Python312\Lib\site-packages\starlette\_exception_handler.py", line 64, in wrapped_app
    raise exc
  File "C:\Users\Phenomenal\AppData\Local\Programs\Python\Python312\Lib\site-packages\starlette\_exception_handler.py", line 53, in wrapped_app
    await app(scope, receive, sender)
  File "C:\Users\Phenomenal\AppData\Local\Programs\Python\Python312\Lib\site-packages\starlette\routing.py", line 756, in __call__
    await self.middleware_stack(scope, receive, send)
  File "C:\Users\Phenomenal\AppData\Local\Programs\Python\Python312\Lib\site-packages\starlette\routing.py", line 776, in app
    await route.handle(scope, receive, send)
  File "C:\Users\Phenomenal\AppData\Local\Programs\Python\Python312\Lib\site-packages\starlette\routing.py", line 297, in handle
    await self.app(scope, receive, send)
  File "C:\Users\Phenomenal\AppData\Local\Programs\Python\Python312\Lib\site-packages\starlette\routing.py", line 77, in app
    await wrap_app_handling_exceptions(app, request)(scope, receive, send)
  File "C:\Users\Phenomenal\AppData\Local\Programs\Python\Python312\Lib\site-packages\starlette\_exception_handler.py", line 64, in wrapped_app
    raise exc
  File "C:\Users\Phenomenal\AppData\Local\Programs\Python\Python312\Lib\site-packages\starlette\_exception_handler.py", line 53, in wrapped_app
    await app(scope, receive, sender)
  File "C:\Users\Phenomenal\AppData\Local\Programs\Python\Python312\Lib\site-packages\starlette\routing.py", line 72, in app
    response = await func(request)
               ^^^^^^^^^^^^^^^^^^^
  File "C:\Users\Phenomenal\AppData\Local\Programs\Python\Python312\Lib\site-packages\fastapi\routing.py", line 278, in app
    raw_response = await run_endpoint_function(
                   ^^^^^^^^^^^^^^^^^^^^^^^^^^^^
  File "C:\Users\Phenomenal\AppData\Local\Programs\Python\Python312\Lib\site-packages\fastapi\routing.py", line 193, in run_endpoint_function
    return await run_in_threadpool(dependant.call, **values)
           ^^^^^^^^^^^^^^^^^^^^^^^^^^^^^^^^^^^^^^^^^^^^^^^^^
  File "C:\Users\Phenomenal\AppData\Local\Programs\Python\Python312\Lib\site-packages\starlette\concurrency.py", line 42, in run_in_threadpool
    return await anyio.to_thread.run_sync(func, *args)
           ^^^^^^^^^^^^^^^^^^^^^^^^^^^^^^^^^^^^^^^^^^^
  File "C:\Users\Phenomenal\AppData\Local\Programs\Python\Python312\Lib\site-packages\anyio\to_thread.py", line 63, in run_sync
    return await get_async_backend().run_sync_in_worker_thread(
           ^^^^^^^^^^^^^^^^^^^^^^^^^^^^^^^^^^^^^^^^^^^^^^^^^^^^
  File "C:\Users\Phenomenal\AppData\Local\Programs\Python\Python312\Lib\site-packages\anyio\_backends\_asyncio.py", line 2518, in run_sync_in_worker_thread
    return await future
           ^^^^^^^^^^^^
  File "C:\Users\Phenomenal\AppData\Local\Programs\Python\Python312\Lib\site-packages\anyio\_backends\_asyncio.py", line 1002, in run
    result = context.run(func, *args)
             ^^^^^^^^^^^^^^^^^^^^^^^^
  File "C:\Users\Phenomenal\AppData\Local\Programs\Python\Python312\Lib\site-packages\slowapi\extension.py", line 766, in sync_wrapper
    response = func(*args, **kwargs)
               ^^^^^^^^^^^^^^^^^^^^^
  File "C:\Users\Phenomenal\Desktop\Pickbook\app\admin\routes.py", line 351, in create_announcement
    return _announcement_row(row)
           ^^^^^^^^^^^^^^^^^^^^^^
  File "C:\Users\Phenomenal\Desktop\Pickbook\app\admin\routes.py", line 209, in _announcement_row
    row.publish_at <= _now()
TypeError: can't compare offset-naive and offset-aware datetimes
ERROR:    Exception in ASGI application
  + Exception Group Traceback (most recent call last):
  |   File "C:\Users\Phenomenal\AppData\Local\Programs\Python\Python312\Lib\site-packages\starlette\_utils.py", line 87, in collapse_excgroups
  |     yield
  |   File "C:\Users\Phenomenal\AppData\Local\Programs\Python\Python312\Lib\site-packages\starlette\middleware\base.py", line 190, in __call__
  |     async with anyio.create_task_group() as task_group:
  |   File "C:\Users\Phenomenal\AppData\Local\Programs\Python\Python312\Lib\site-packages\anyio\_backends\_asyncio.py", line 799, in __aexit__
  |     raise BaseExceptionGroup(
  | ExceptionGroup: unhandled errors in a TaskGroup (1 sub-exception)
  +-+---------------- 1 ----------------
    | Traceback (most recent call last):
    |   File "C:\Users\Phenomenal\AppData\Local\Programs\Python\Python312\Lib\site-packages\uvicorn\protocols\http\httptools_impl.py", line 411, in run_asgi
    |     result = await app(  # type: ignore[func-returns-value]
    |              ^^^^^^^^^^^^^^^^^^^^^^^^^^^^^^^^^^^^^^^^^^^^^^
    |   File "C:\Users\Phenomenal\AppData\Local\Programs\Python\Python312\Lib\site-packages\uvicorn\middleware\proxy_headers.py", line 69, in __call__
    |     return await self.app(scope, receive, send)
    |            ^^^^^^^^^^^^^^^^^^^^^^^^^^^^^^^^^^^^
    |   File "C:\Users\Phenomenal\AppData\Local\Programs\Python\Python312\Lib\site-packages\fastapi\applications.py", line 1054, in __call__
    |     await super().__call__(scope, receive, send)
    |   File "C:\Users\Phenomenal\AppData\Local\Programs\Python\Python312\Lib\site-packages\starlette\applications.py", line 123, in __call__
    |     await self.middleware_stack(scope, receive, send)
    |   File "C:\Users\Phenomenal\AppData\Local\Programs\Python\Python312\Lib\site-packages\starlette\middleware\errors.py", line 186, in __call__
    |     raise exc
    |   File "C:\Users\Phenomenal\AppData\Local\Programs\Python\Python312\Lib\site-packages\starlette\middleware\errors.py", line 164, in __call__
    |     await self.app(scope, receive, _send)
    |   File "C:\Users\Phenomenal\AppData\Local\Programs\Python\Python312\Lib\site-packages\starlette\middleware\base.py", line 189, in __call__
    |     with collapse_excgroups():
    |   File "C:\Users\Phenomenal\AppData\Local\Programs\Python\Python312\Lib\contextlib.py", line 155, in __exit__
    |     self.gen.throw(value)
    |   File "C:\Users\Phenomenal\AppData\Local\Programs\Python\Python312\Lib\site-packages\starlette\_utils.py", line 93, in collapse_excgroups
    |     raise exc
    |   File "C:\Users\Phenomenal\AppData\Local\Programs\Python\Python312\Lib\site-packages\starlette\middleware\base.py", line 191, in __call__
    |     response = await self.dispatch_func(request, call_next)
    |                ^^^^^^^^^^^^^^^^^^^^^^^^^^^^^^^^^^^^^^^^^^^^
    |   File "C:\Users\Phenomenal\Desktop\Pickbook\app\main.py", line 94, in security_headers
    |     response = await call_next(request)
    |                ^^^^^^^^^^^^^^^^^^^^^^^^
    |   File "C:\Users\Phenomenal\AppData\Local\Programs\Python\Python312\Lib\site-packages\starlette\middleware\base.py", line 165, in call_next
    |     raise app_exc
    |   File "C:\Users\Phenomenal\AppData\Local\Programs\Python\Python312\Lib\site-packages\starlette\middleware\base.py", line 151, in coro
    |     await self.app(scope, receive_or_disconnect, send_no_error)
    |   File "C:\Users\Phenomenal\AppData\Local\Programs\Python\Python312\Lib\site-packages\starlette\middleware\cors.py", line 93, in __call__
    |     await self.simple_response(scope, receive, send, request_headers=headers)
    |   File "C:\Users\Phenomenal\AppData\Local\Programs\Python\Python312\Lib\site-packages\starlette\middleware\cors.py", line 148, in simple_response
    |     await self.app(scope, receive, send)
    |   File "C:\Users\Phenomenal\AppData\Local\Programs\Python\Python312\Lib\site-packages\starlette\middleware\exceptions.py", line 65, in __call__
    |     await wrap_app_handling_exceptions(self.app, conn)(scope, receive, send)
    |   File "C:\Users\Phenomenal\AppData\Local\Programs\Python\Python312\Lib\site-packages\starlette\_exception_handler.py", line 64, in wrapped_app
    |     raise exc
    |   File "C:\Users\Phenomenal\AppData\Local\Programs\Python\Python312\Lib\site-packages\starlette\_exception_handler.py", line 53, in wrapped_app
    |     await app(scope, receive, sender)
    |   File "C:\Users\Phenomenal\AppData\Local\Programs\Python\Python312\Lib\site-packages\starlette\routing.py", line 756, in __call__
    |     await self.middleware_stack(scope, receive, send)
    |   File "C:\Users\Phenomenal\AppData\Local\Programs\Python\Python312\Lib\site-packages\starlette\routing.py", line 776, in app
    |     await route.handle(scope, receive, send)
    |   File "C:\Users\Phenomenal\AppData\Local\Programs\Python\Python312\Lib\site-packages\starlette\routing.py", line 297, in handle
    |     await self.app(scope, receive, send)
    |   File "C:\Users\Phenomenal\AppData\Local\Programs\Python\Python312\Lib\site-packages\starlette\routing.py", line 77, in app
    |     await wrap_app_handling_exceptions(app, request)(scope, receive, send)
    |   File "C:\Users\Phenomenal\AppData\Local\Programs\Python\Python312\Lib\site-packages\starlette\_exception_handler.py", line 64, in wrapped_app
    |     raise exc
    |   File "C:\Users\Phenomenal\AppData\Local\Programs\Python\Python312\Lib\site-packages\starlette\_exception_handler.py", line 53, in wrapped_app
    |     await app(scope, receive, sender)
    |   File "C:\Users\Phenomenal\AppData\Local\Programs\Python\Python312\Lib\site-packages\starlette\routing.py", line 72, in app
    |     response = await func(request)
    |                ^^^^^^^^^^^^^^^^^^^
    |   File "C:\Users\Phenomenal\AppData\Local\Programs\Python\Python312\Lib\site-packages\fastapi\routing.py", line 278, in app
    |     raw_response = await run_endpoint_function(
    |                    ^^^^^^^^^^^^^^^^^^^^^^^^^^^^
    |   File "C:\Users\Phenomenal\AppData\Local\Programs\Python\Python312\Lib\site-packages\fastapi\routing.py", line 193, in run_endpoint_function
    |     return await run_in_threadpool(dependant.call, **values)
    |            ^^^^^^^^^^^^^^^^^^^^^^^^^^^^^^^^^^^^^^^^^^^^^^^^^
    |   File "C:\Users\Phenomenal\AppData\Local\Programs\Python\Python312\Lib\site-packages\starlette\concurrency.py", line 42, in run_in_threadpool
    |     return await anyio.to_thread.run_sync(func, *args)
    |            ^^^^^^^^^^^^^^^^^^^^^^^^^^^^^^^^^^^^^^^^^^^
    |   File "C:\Users\Phenomenal\AppData\Local\Programs\Python\Python312\Lib\site-packages\anyio\to_thread.py", line 63, in run_sync
    |     return await get_async_backend().run_sync_in_worker_thread(
    |            ^^^^^^^^^^^^^^^^^^^^^^^^^^^^^^^^^^^^^^^^^^^^^^^^^^^^
    |   File "C:\Users\Phenomenal\AppData\Local\Programs\Python\Python312\Lib\site-packages\anyio\_backends\_asyncio.py", line 2518, in run_sync_in_worker_thread
    |     return await future
    |            ^^^^^^^^^^^^
    |   File "C:\Users\Phenomenal\AppData\Local\Programs\Python\Python312\Lib\site-packages\anyio\_backends\_asyncio.py", line 1002, in run
    |     result = context.run(func, *args)
    |              ^^^^^^^^^^^^^^^^^^^^^^^^
    |   File "C:\Users\Phenomenal\AppData\Local\Programs\Python\Python312\Lib\site-packages\slowapi\extension.py", line 766, in sync_wrapper
    |     response = func(*args, **kwargs)
    |                ^^^^^^^^^^^^^^^^^^^^^
    |   File "C:\Users\Phenomenal\Desktop\Pickbook\app\admin\routes.py", line 351, in create_announcement
    |     return _announcement_row(row)
    |            ^^^^^^^^^^^^^^^^^^^^^^
    |   File "C:\Users\Phenomenal\Desktop\Pickbook\app\admin\routes.py", line 209, in _announcement_row
    |     row.publish_at <= _now()
    | TypeError: can't compare offset-naive and offset-aware datetimes
    +------------------------------------

During handling of the above exception, another exception occurred:

Traceback (most recent call last):
  File "C:\Users\Phenomenal\AppData\Local\Programs\Python\Python312\Lib\site-packages\uvicorn\protocols\http\httptools_impl.py", line 411, in run_asgi
    result = await app(  # type: ignore[func-returns-value]
             ^^^^^^^^^^^^^^^^^^^^^^^^^^^^^^^^^^^^^^^^^^^^^^
  File "C:\Users\Phenomenal\AppData\Local\Programs\Python\Python312\Lib\site-packages\uvicorn\middleware\proxy_headers.py", line 69, in __call__
    return await self.app(scope, receive, send)
           ^^^^^^^^^^^^^^^^^^^^^^^^^^^^^^^^^^^^
  File "C:\Users\Phenomenal\AppData\Local\Programs\Python\Python312\Lib\site-packages\fastapi\applications.py", line 1054, in __call__
    await super().__call__(scope, receive, send)
  File "C:\Users\Phenomenal\AppData\Local\Programs\Python\Python312\Lib\site-packages\starlette\applications.py", line 123, in __call__
    await self.middleware_stack(scope, receive, send)
  File "C:\Users\Phenomenal\AppData\Local\Programs\Python\Python312\Lib\site-packages\starlette\middleware\errors.py", line 186, in __call__
    raise exc
  File "C:\Users\Phenomenal\AppData\Local\Programs\Python\Python312\Lib\site-packages\starlette\middleware\errors.py", line 164, in __call__
    await self.app(scope, receive, _send)
  File "C:\Users\Phenomenal\AppData\Local\Programs\Python\Python312\Lib\site-packages\starlette\middleware\base.py", line 189, in __call__
    with collapse_excgroups():
  File "C:\Users\Phenomenal\AppData\Local\Programs\Python\Python312\Lib\contextlib.py", line 155, in __exit__
    self.gen.throw(value)
  File "C:\Users\Phenomenal\AppData\Local\Programs\Python\Python312\Lib\site-packages\starlette\_utils.py", line 93, in collapse_excgroups
    raise exc
  File "C:\Users\Phenomenal\AppData\Local\Programs\Python\Python312\Lib\site-packages\starlette\middleware\base.py", line 191, in __call__
    response = await self.dispatch_func(request, call_next)
               ^^^^^^^^^^^^^^^^^^^^^^^^^^^^^^^^^^^^^^^^^^^^
  File "C:\Users\Phenomenal\Desktop\Pickbook\app\main.py", line 94, in security_headers
    response = await call_next(request)
               ^^^^^^^^^^^^^^^^^^^^^^^^
  File "C:\Users\Phenomenal\AppData\Local\Programs\Python\Python312\Lib\site-packages\starlette\middleware\base.py", line 165, in call_next
    raise app_exc
  File "C:\Users\Phenomenal\AppData\Local\Programs\Python\Python312\Lib\site-packages\starlette\middleware\base.py", line 151, in coro
    await self.app(scope, receive_or_disconnect, send_no_error)
  File "C:\Users\Phenomenal\AppData\Local\Programs\Python\Python312\Lib\site-packages\starlette\middleware\cors.py", line 93, in __call__
    await self.simple_response(scope, receive, send, request_headers=headers)
  File "C:\Users\Phenomenal\AppData\Local\Programs\Python\Python312\Lib\site-packages\starlette\middleware\cors.py", line 148, in simple_response
    await self.app(scope, receive, send)
  File "C:\Users\Phenomenal\AppData\Local\Programs\Python\Python312\Lib\site-packages\starlette\middleware\exceptions.py", line 65, in __call__
    await wrap_app_handling_exceptions(self.app, conn)(scope, receive, send)
  File "C:\Users\Phenomenal\AppData\Local\Programs\Python\Python312\Lib\site-packages\starlette\_exception_handler.py", line 64, in wrapped_app
    raise exc
  File "C:\Users\Phenomenal\AppData\Local\Programs\Python\Python312\Lib\site-packages\starlette\_exception_handler.py", line 53, in wrapped_app
    await app(scope, receive, sender)
  File "C:\Users\Phenomenal\AppData\Local\Programs\Python\Python312\Lib\site-packages\starlette\routing.py", line 756, in __call__
    await self.middleware_stack(scope, receive, send)
  File "C:\Users\Phenomenal\AppData\Local\Programs\Python\Python312\Lib\site-packages\starlette\routing.py", line 776, in app
    await route.handle(scope, receive, send)
  File "C:\Users\Phenomenal\AppData\Local\Programs\Python\Python312\Lib\site-packages\starlette\routing.py", line 297, in handle
    await self.app(scope, receive, send)
  File "C:\Users\Phenomenal\AppData\Local\Programs\Python\Python312\Lib\site-packages\starlette\routing.py", line 77, in app
    await wrap_app_handling_exceptions(app, request)(scope, receive, send)
  File "C:\Users\Phenomenal\AppData\Local\Programs\Python\Python312\Lib\site-packages\starlette\_exception_handler.py", line 64, in wrapped_app
    raise exc
  File "C:\Users\Phenomenal\AppData\Local\Programs\Python\Python312\Lib\site-packages\starlette\_exception_handler.py", line 53, in wrapped_app
    await app(scope, receive, sender)
  File "C:\Users\Phenomenal\AppData\Local\Programs\Python\Python312\Lib\site-packages\starlette\routing.py", line 72, in app
    response = await func(request)
               ^^^^^^^^^^^^^^^^^^^
  File "C:\Users\Phenomenal\AppData\Local\Programs\Python\Python312\Lib\site-packages\fastapi\routing.py", line 278, in app
    raw_response = await run_endpoint_function(
                   ^^^^^^^^^^^^^^^^^^^^^^^^^^^^
  File "C:\Users\Phenomenal\AppData\Local\Programs\Python\Python312\Lib\site-packages\fastapi\routing.py", line 193, in run_endpoint_function
    return await run_in_threadpool(dependant.call, **values)
           ^^^^^^^^^^^^^^^^^^^^^^^^^^^^^^^^^^^^^^^^^^^^^^^^^
  File "C:\Users\Phenomenal\AppData\Local\Programs\Python\Python312\Lib\site-packages\starlette\concurrency.py", line 42, in run_in_threadpool
    return await anyio.to_thread.run_sync(func, *args)
           ^^^^^^^^^^^^^^^^^^^^^^^^^^^^^^^^^^^^^^^^^^^
  File "C:\Users\Phenomenal\AppData\Local\Programs\Python\Python312\Lib\site-packages\anyio\to_thread.py", line 63, in run_sync
    return await get_async_backend().run_sync_in_worker_thread(
           ^^^^^^^^^^^^^^^^^^^^^^^^^^^^^^^^^^^^^^^^^^^^^^^^^^^^
  File "C:\Users\Phenomenal\AppData\Local\Programs\Python\Python312\Lib\site-packages\anyio\_backends\_asyncio.py", line 2518, in run_sync_in_worker_thread
    return await future
           ^^^^^^^^^^^^
  File "C:\Users\Phenomenal\AppData\Local\Programs\Python\Python312\Lib\site-packages\anyio\_backends\_asyncio.py", line 1002, in run
    result = context.run(func, *args)
             ^^^^^^^^^^^^^^^^^^^^^^^^
  File "C:\Users\Phenomenal\AppData\Local\Programs\Python\Python312\Lib\site-packages\slowapi\extension.py", line 766, in sync_wrapper
    response = func(*args, **kwargs)
               ^^^^^^^^^^^^^^^^^^^^^
  File "C:\Users\Phenomenal\Desktop\Pickbook\app\admin\routes.py", line 351, in create_announcement
    return _announcement_row(row)
           ^^^^^^^^^^^^^^^^^^^^^^
  File "C:\Users\Phenomenal\Desktop\Pickbook\app\admin\routes.py", line 209, in _announcement_row
    row.publish_at <= _now()
TypeError: can't compare offset-naive and offset-aware datetimes
ERROR:    Exception in ASGI application
  + Exception Group Traceback (most recent call last):
  |   File "C:\Users\Phenomenal\AppData\Local\Programs\Python\Python312\Lib\site-packages\starlette\_utils.py", line 87, in collapse_excgroups
  |     yield
  |   File "C:\Users\Phenomenal\AppData\Local\Programs\Python\Python312\Lib\site-packages\starlette\middleware\base.py", line 190, in __call__
  |     async with anyio.create_task_group() as task_group:
  |   File "C:\Users\Phenomenal\AppData\Local\Programs\Python\Python312\Lib\site-packages\anyio\_backends\_asyncio.py", line 799, in __aexit__
  |     raise BaseExceptionGroup(
  | ExceptionGroup: unhandled errors in a TaskGroup (1 sub-exception)
  +-+---------------- 1 ----------------
    | Traceback (most recent call last):
    |   File "C:\Users\Phenomenal\AppData\Local\Programs\Python\Python312\Lib\site-packages\uvicorn\protocols\http\httptools_impl.py", line 411, in run_asgi
    |     result = await app(  # type: ignore[func-returns-value]
    |              ^^^^^^^^^^^^^^^^^^^^^^^^^^^^^^^^^^^^^^^^^^^^^^
    |   File "C:\Users\Phenomenal\AppData\Local\Programs\Python\Python312\Lib\site-packages\uvicorn\middleware\proxy_headers.py", line 69, in __call__
    |     return await self.app(scope, receive, send)
    |            ^^^^^^^^^^^^^^^^^^^^^^^^^^^^^^^^^^^^
    |   File "C:\Users\Phenomenal\AppData\Local\Programs\Python\Python312\Lib\site-packages\fastapi\applications.py", line 1054, in __call__
    |     await super().__call__(scope, receive, send)
    |   File "C:\Users\Phenomenal\AppData\Local\Programs\Python\Python312\Lib\site-packages\starlette\applications.py", line 123, in __call__
    |     await self.middleware_stack(scope, receive, send)
    |   File "C:\Users\Phenomenal\AppData\Local\Programs\Python\Python312\Lib\site-packages\starlette\middleware\errors.py", line 186, in __call__
    |     raise exc
    |   File "C:\Users\Phenomenal\AppData\Local\Programs\Python\Python312\Lib\site-packages\starlette\middleware\errors.py", line 164, in __call__
    |     await self.app(scope, receive, _send)
    |   File "C:\Users\Phenomenal\AppData\Local\Programs\Python\Python312\Lib\site-packages\starlette\middleware\base.py", line 189, in __call__
    |     with collapse_excgroups():
    |   File "C:\Users\Phenomenal\AppData\Local\Programs\Python\Python312\Lib\contextlib.py", line 155, in __exit__
    |     self.gen.throw(value)
    |   File "C:\Users\Phenomenal\AppData\Local\Programs\Python\Python312\Lib\site-packages\starlette\_utils.py", line 93, in collapse_excgroups
    |     raise exc
    |   File "C:\Users\Phenomenal\AppData\Local\Programs\Python\Python312\Lib\site-packages\starlette\middleware\base.py", line 191, in __call__
    |     response = await self.dispatch_func(request, call_next)
    |                ^^^^^^^^^^^^^^^^^^^^^^^^^^^^^^^^^^^^^^^^^^^^
    |   File "C:\Users\Phenomenal\Desktop\Pickbook\app\main.py", line 94, in security_headers
    |     response = await call_next(request)
    |                ^^^^^^^^^^^^^^^^^^^^^^^^
    |   File "C:\Users\Phenomenal\AppData\Local\Programs\Python\Python312\Lib\site-packages\starlette\middleware\base.py", line 165, in call_next
    |     raise app_exc
    |   File "C:\Users\Phenomenal\AppData\Local\Programs\Python\Python312\Lib\site-packages\starlette\middleware\base.py", line 151, in coro
    |     await self.app(scope, receive_or_disconnect, send_no_error)
    |   File "C:\Users\Phenomenal\AppData\Local\Programs\Python\Python312\Lib\site-packages\starlette\middleware\cors.py", line 93, in __call__
    |     await self.simple_response(scope, receive, send, request_headers=headers)
    |   File "C:\Users\Phenomenal\AppData\Local\Programs\Python\Python312\Lib\site-packages\starlette\middleware\cors.py", line 148, in simple_response
    |     await self.app(scope, receive, send)
    |   File "C:\Users\Phenomenal\AppData\Local\Programs\Python\Python312\Lib\site-packages\starlette\middleware\exceptions.py", line 65, in __call__
    |     await wrap_app_handling_exceptions(self.app, conn)(scope, receive, send)
    |   File "C:\Users\Phenomenal\AppData\Local\Programs\Python\Python312\Lib\site-packages\starlette\_exception_handler.py", line 64, in wrapped_app
    |     raise exc
    |   File "C:\Users\Phenomenal\AppData\Local\Programs\Python\Python312\Lib\site-packages\starlette\_exception_handler.py", line 53, in wrapped_app
    |     await app(scope, receive, sender)
    |   File "C:\Users\Phenomenal\AppData\Local\Programs\Python\Python312\Lib\site-packages\starlette\routing.py", line 756, in __call__
    |     await self.middleware_stack(scope, receive, send)
    |   File "C:\Users\Phenomenal\AppData\Local\Programs\Python\Python312\Lib\site-packages\starlette\routing.py", line 776, in app
    |     await route.handle(scope, receive, send)
    |   File "C:\Users\Phenomenal\AppData\Local\Programs\Python\Python312\Lib\site-packages\starlette\routing.py", line 297, in handle
    |     await self.app(scope, receive, send)
    |   File "C:\Users\Phenomenal\AppData\Local\Programs\Python\Python312\Lib\site-packages\starlette\routing.py", line 77, in app
    |     await wrap_app_handling_exceptions(app, request)(scope, receive, send)
    |   File "C:\Users\Phenomenal\AppData\Local\Programs\Python\Python312\Lib\site-packages\starlette\_exception_handler.py", line 64, in wrapped_app
    |     raise exc
    |   File "C:\Users\Phenomenal\AppData\Local\Programs\Python\Python312\Lib\site-packages\starlette\_exception_handler.py", line 53, in wrapped_app
    |     await app(scope, receive, sender)
    |   File "C:\Users\Phenomenal\AppData\Local\Programs\Python\Python312\Lib\site-packages\starlette\routing.py", line 72, in app
    |     response = await func(request)
    |                ^^^^^^^^^^^^^^^^^^^
    |   File "C:\Users\Phenomenal\AppData\Local\Programs\Python\Python312\Lib\site-packages\fastapi\routing.py", line 278, in app
    |     raw_response = await run_endpoint_function(
    |                    ^^^^^^^^^^^^^^^^^^^^^^^^^^^^
    |   File "C:\Users\Phenomenal\AppData\Local\Programs\Python\Python312\Lib\site-packages\fastapi\routing.py", line 193, in run_endpoint_function
    |     return await run_in_threadpool(dependant.call, **values)
    |            ^^^^^^^^^^^^^^^^^^^^^^^^^^^^^^^^^^^^^^^^^^^^^^^^^
    |   File "C:\Users\Phenomenal\AppData\Local\Programs\Python\Python312\Lib\site-packages\starlette\concurrency.py", line 42, in run_in_threadpool
    |     return await anyio.to_thread.run_sync(func, *args)
    |            ^^^^^^^^^^^^^^^^^^^^^^^^^^^^^^^^^^^^^^^^^^^
    |   File "C:\Users\Phenomenal\AppData\Local\Programs\Python\Python312\Lib\site-packages\anyio\to_thread.py", line 63, in run_sync
    |     return await get_async_backend().run_sync_in_worker_thread(
    |            ^^^^^^^^^^^^^^^^^^^^^^^^^^^^^^^^^^^^^^^^^^^^^^^^^^^^
    |   File "C:\Users\Phenomenal\AppData\Local\Programs\Python\Python312\Lib\site-packages\anyio\_backends\_asyncio.py", line 2518, in run_sync_in_worker_thread
    |     return await future
    |            ^^^^^^^^^^^^
    |   File "C:\Users\Phenomenal\AppData\Local\Programs\Python\Python312\Lib\site-packages\anyio\_backends\_asyncio.py", line 1002, in run
    |     result = context.run(func, *args)
    |              ^^^^^^^^^^^^^^^^^^^^^^^^
    |   File "C:\Users\Phenomenal\AppData\Local\Programs\Python\Python312\Lib\site-packages\slowapi\extension.py", line 766, in sync_wrapper
    |     response = func(*args, **kwargs)
    |                ^^^^^^^^^^^^^^^^^^^^^
    |   File "C:\Users\Phenomenal\Desktop\Pickbook\app\admin\routes.py", line 351, in create_announcement
    |     return _announcement_row(row)
    |            ^^^^^^^^^^^^^^^^^^^^^^
    |   File "C:\Users\Phenomenal\Desktop\Pickbook\app\admin\routes.py", line 209, in _announcement_row
    |     row.publish_at <= _now()
    | TypeError: can't compare offset-naive and offset-aware datetimes
    +------------------------------------

During handling of the above exception, another exception occurred:

Traceback (most recent call last):
  File "C:\Users\Phenomenal\AppData\Local\Programs\Python\Python312\Lib\site-packages\uvicorn\protocols\http\httptools_impl.py", line 411, in run_asgi
    result = await app(  # type: ignore[func-returns-value]
             ^^^^^^^^^^^^^^^^^^^^^^^^^^^^^^^^^^^^^^^^^^^^^^
  File "C:\Users\Phenomenal\AppData\Local\Programs\Python\Python312\Lib\site-packages\uvicorn\middleware\proxy_headers.py", line 69, in __call__
    return await self.app(scope, receive, send)
           ^^^^^^^^^^^^^^^^^^^^^^^^^^^^^^^^^^^^
  File "C:\Users\Phenomenal\AppData\Local\Programs\Python\Python312\Lib\site-packages\fastapi\applications.py", line 1054, in __call__
    await super().__call__(scope, receive, send)
  File "C:\Users\Phenomenal\AppData\Local\Programs\Python\Python312\Lib\site-packages\starlette\applications.py", line 123, in __call__
    await self.middleware_stack(scope, receive, send)
  File "C:\Users\Phenomenal\AppData\Local\Programs\Python\Python312\Lib\site-packages\starlette\middleware\errors.py", line 186, in __call__
    raise exc
  File "C:\Users\Phenomenal\AppData\Local\Programs\Python\Python312\Lib\site-packages\starlette\middleware\errors.py", line 164, in __call__
    await self.app(scope, receive, _send)
  File "C:\Users\Phenomenal\AppData\Local\Programs\Python\Python312\Lib\site-packages\starlette\middleware\base.py", line 189, in __call__
    with collapse_excgroups():
  File "C:\Users\Phenomenal\AppData\Local\Programs\Python\Python312\Lib\contextlib.py", line 155, in __exit__
    self.gen.throw(value)
  File "C:\Users\Phenomenal\AppData\Local\Programs\Python\Python312\Lib\site-packages\starlette\_utils.py", line 93, in collapse_excgroups
    raise exc
  File "C:\Users\Phenomenal\AppData\Local\Programs\Python\Python312\Lib\site-packages\starlette\middleware\base.py", line 191, in __call__
    response = await self.dispatch_func(request, call_next)
               ^^^^^^^^^^^^^^^^^^^^^^^^^^^^^^^^^^^^^^^^^^^^
  File "C:\Users\Phenomenal\Desktop\Pickbook\app\main.py", line 94, in security_headers
    response = await call_next(request)
               ^^^^^^^^^^^^^^^^^^^^^^^^
  File "C:\Users\Phenomenal\AppData\Local\Programs\Python\Python312\Lib\site-packages\starlette\middleware\base.py", line 165, in call_next
    raise app_exc
  File "C:\Users\Phenomenal\AppData\Local\Programs\Python\Python312\Lib\site-packages\starlette\middleware\base.py", line 151, in coro
    await self.app(scope, receive_or_disconnect, send_no_error)
  File "C:\Users\Phenomenal\AppData\Local\Programs\Python\Python312\Lib\site-packages\starlette\middleware\cors.py", line 93, in __call__
    await self.simple_response(scope, receive, send, request_headers=headers)
  File "C:\Users\Phenomenal\AppData\Local\Programs\Python\Python312\Lib\site-packages\starlette\middleware\cors.py", line 148, in simple_response
    await self.app(scope, receive, send)
  File "C:\Users\Phenomenal\AppData\Local\Programs\Python\Python312\Lib\site-packages\starlette\middleware\exceptions.py", line 65, in __call__
    await wrap_app_handling_exceptions(self.app, conn)(scope, receive, send)
  File "C:\Users\Phenomenal\AppData\Local\Programs\Python\Python312\Lib\site-packages\starlette\_exception_handler.py", line 64, in wrapped_app
    raise exc
  File "C:\Users\Phenomenal\AppData\Local\Programs\Python\Python312\Lib\site-packages\starlette\_exception_handler.py", line 53, in wrapped_app
    await app(scope, receive, sender)
  File "C:\Users\Phenomenal\AppData\Local\Programs\Python\Python312\Lib\site-packages\starlette\routing.py", line 756, in __call__
    await self.middleware_stack(scope, receive, send)
  File "C:\Users\Phenomenal\AppData\Local\Programs\Python\Python312\Lib\site-packages\starlette\routing.py", line 776, in app
    await route.handle(scope, receive, send)
  File "C:\Users\Phenomenal\AppData\Local\Programs\Python\Python312\Lib\site-packages\starlette\routing.py", line 297, in handle
    await self.app(scope, receive, send)
  File "C:\Users\Phenomenal\AppData\Local\Programs\Python\Python312\Lib\site-packages\starlette\routing.py", line 77, in app
    await wrap_app_handling_exceptions(app, request)(scope, receive, send)
  File "C:\Users\Phenomenal\AppData\Local\Programs\Python\Python312\Lib\site-packages\starlette\_exception_handler.py", line 64, in wrapped_app
    raise exc
  File "C:\Users\Phenomenal\AppData\Local\Programs\Python\Python312\Lib\site-packages\starlette\_exception_handler.py", line 53, in wrapped_app
    await app(scope, receive, sender)
  File "C:\Users\Phenomenal\AppData\Local\Programs\Python\Python312\Lib\site-packages\starlette\routing.py", line 72, in app
    response = await func(request)
               ^^^^^^^^^^^^^^^^^^^
  File "C:\Users\Phenomenal\AppData\Local\Programs\Python\Python312\Lib\site-packages\fastapi\routing.py", line 278, in app
    raw_response = await run_endpoint_function(
                   ^^^^^^^^^^^^^^^^^^^^^^^^^^^^
  File "C:\Users\Phenomenal\AppData\Local\Programs\Python\Python312\Lib\site-packages\fastapi\routing.py", line 193, in run_endpoint_function
    return await run_in_threadpool(dependant.call, **values)
           ^^^^^^^^^^^^^^^^^^^^^^^^^^^^^^^^^^^^^^^^^^^^^^^^^
  File "C:\Users\Phenomenal\AppData\Local\Programs\Python\Python312\Lib\site-packages\starlette\concurrency.py", line 42, in run_in_threadpool
    return await anyio.to_thread.run_sync(func, *args)
           ^^^^^^^^^^^^^^^^^^^^^^^^^^^^^^^^^^^^^^^^^^^
  File "C:\Users\Phenomenal\AppData\Local\Programs\Python\Python312\Lib\site-packages\anyio\to_thread.py", line 63, in run_sync
    return await get_async_backend().run_sync_in_worker_thread(
           ^^^^^^^^^^^^^^^^^^^^^^^^^^^^^^^^^^^^^^^^^^^^^^^^^^^^
  File "C:\Users\Phenomenal\AppData\Local\Programs\Python\Python312\Lib\site-packages\anyio\_backends\_asyncio.py", line 2518, in run_sync_in_worker_thread
    return await future
           ^^^^^^^^^^^^
  File "C:\Users\Phenomenal\AppData\Local\Programs\Python\Python312\Lib\site-packages\anyio\_backends\_asyncio.py", line 1002, in run
    result = context.run(func, *args)
             ^^^^^^^^^^^^^^^^^^^^^^^^
  File "C:\Users\Phenomenal\AppData\Local\Programs\Python\Python312\Lib\site-packages\slowapi\extension.py", line 766, in sync_wrapper
    response = func(*args, **kwargs)
               ^^^^^^^^^^^^^^^^^^^^^
  File "C:\Users\Phenomenal\Desktop\Pickbook\app\admin\routes.py", line 351, in create_announcement
    return _announcement_row(row)
           ^^^^^^^^^^^^^^^^^^^^^^
  File "C:\Users\Phenomenal\Desktop\Pickbook\app\admin\routes.py", line 209, in _announcement_row
    row.publish_at <= _now()
TypeError: can't compare offset-naive and offset-aware datetimes
